{
  "appInfo" : {
    "build" : "233.13135.108",
    "buildDate" : "2023-12-21T08:17:00Z[UTC]",
    "productCode" : "PS",
    "generated" : "2024-01-24T00:14:56.346615Z",
    "os" : "macOS 13.6",
    "runtime" : "JetBrains s.r.o. 17.0.9 17.0.9+7-b1087.9"
  },
  "runtimeInfo" : {
    "maxMemory" : 2147483648,
    "numberOfProcessors" : 4,
    "maxNumberOfIndexingThreads" : 3,
    "maxSizeOfFileForIntelliSense" : 2560000,
    "maxSizeOfFileForContentLoading" : 20971520
  },
  "type" : "Scanning",
  "projectIndexingActivityHistory" : {
    "projectName" : "trading-tool",
    "times" : {
      "scanningReason" : "changes in: \"Custom kind roots from entity (extensions, scratches, empty)\", \"Custom kind roots from entity (sass_functions.scss, sass_color.scss, sass_list.scss, ..., empty)\"",
      "scanningType" : "PARTIAL",
      "scanningId" : 1,
      "creatingIteratorsTime" : 4000,
      "concurrentHandlingWallTimeWithoutPauses" : 76293000,
      "concurrentHandlingWallTimeWithPauses" : 77161000,
      "concurrentHandlingSumOfThreadTimesWithPauses" : 78941828,
      "concurrentIterationAndScannersApplicationSumOfThreadTimesWithPauses" : 65964559,
      "concurrentFileCheckSumOfThreadTimesWithPauses" : 12828193,
      "delayedPushPropertiesStageTime" : 8000,
      "indexExtensionsTime" : 1118090,
      "dumbModeStart" : "2024-01-24T00:14:55.404769Z",
      "dumbWallTimeWithPauses" : 78151000,
      "dumbWallTimeWithoutPauses" : 78151000,
      "updatingStart" : "2024-01-24T00:14:55.398826Z",
      "updatingEnd" : "2024-01-24T00:14:55.48292Z",
      "totalWallTimeWithPauses" : 84086757,
      "wallTimeOnPause" : 868000,
      "wasInterrupted" : false,
      "totalWallTimeWithoutPauses" : 83218757
    },
    "fileCount" : {
      "numberOfFileProviders" : 2,
      "numberOfScannedFiles" : 36,
      "numberOfFilesIndexedByInfrastructureExtensionsDuringScan" : 0,
      "numberOfFilesScheduledForIndexingAfterScan" : 36
    },
    "scanningStatistics" : [ {
      "providerName" : "Custom kind roots from entity (extensions, scratches, empty)",
      "numberOfScannedFiles" : 28,
      "numberOfSkippedFiles" : 0,
      "numberOfFilesForIndexing" : 28,
      "numberOfFilesFullyIndexedByInfrastructureExtensions" : 0,
      "filesFullyIndexedByInfrastructureExtensions" : [ ],
      "statusTime" : 7722452,
      "totalOneThreadTimeWithPauses" : 76309422,
      "iterationAndScannersApplicationTime" : 65891943,
      "filesCheckTime" : 10345054,
      "timeProcessingUpToDateFiles" : 0,
      "timeUpdatingContentLessIndexes" : 1315281,
      "timeIndexingWithoutContentViaInfrastructureExtension" : 950244,
      "roots" : [ ]
    }, {
      "providerName" : "Custom kind roots from entity (sass_functions.scss, sass_color.scss, sass_list.scss, ..., empty)",
      "numberOfScannedFiles" : 8,
      "numberOfSkippedFiles" : 0,
      "numberOfFilesForIndexing" : 8,
      "numberOfFilesFullyIndexedByInfrastructureExtensions" : 0,
      "filesFullyIndexedByInfrastructureExtensions" : [ ],
      "statusTime" : 2275632,
      "totalOneThreadTimeWithPauses" : 2632406,
      "iterationAndScannersApplicationTime" : 72616,
      "filesCheckTime" : 2483139,
      "timeProcessingUpToDateFiles" : 0,
      "timeUpdatingContentLessIndexes" : 190808,
      "timeIndexingWithoutContentViaInfrastructureExtension" : 167846,
      "roots" : [ ]
    } ]
  }
}