{"reason":"Push on VFS changes","startTime":"2024-01-07T18:54:37.218025+01:00[Europe/Zagreb]","duration":1867597,"isCancelled":false}
{"reason":"Push on VFS changes","startTime":"2024-01-07T18:56:00.074237+01:00[Europe/Zagreb]","duration":815747,"isCancelled":false}
{"reason":"Push on VFS changes","startTime":"2024-01-07T18:56:04.809641+01:00[Europe/Zagreb]","duration":535500,"isCancelled":false}
{"reason":"Push on VFS changes","startTime":"2024-01-07T19:38:07.813285+01:00[Europe/Zagreb]","duration":85176,"isCancelled":false}
{"reason":"Push on VFS changes","startTime":"2024-01-07T20:14:29.285158+01:00[Europe/Zagreb]","duration":76596,"isCancelled":false}
{"reason":"Push on VFS changes","startTime":"2024-01-07T20:18:50.63019+01:00[Europe/Zagreb]","duration":75736,"isCancelled":false}
{"reason":"Push on VFS changes","startTime":"2024-01-07T20:20:07.320601+01:00[Europe/Zagreb]","duration":188212,"isCancelled":false}
{"reason":"Push on VFS changes","startTime":"2024-01-07T20:20:45.917448+01:00[Europe/Zagreb]","duration":115513,"isCancelled":false}
{"reason":"Push on VFS changes","startTime":"2024-01-07T20:23:33.528774+01:00[Europe/Zagreb]","duration":176997,"isCancelled":false}
{"reason":"Push on VFS changes","startTime":"2024-01-07T20:24:52.60019+01:00[Europe/Zagreb]","duration":195631,"isCancelled":false}
{"reason":"Push on VFS changes","startTime":"2024-01-07T20:26:46.128558+01:00[Europe/Zagreb]","duration":563915,"isCancelled":false}
{"reason":"Push on VFS changes","startTime":"2024-01-07T20:32:21.619224+01:00[Europe/Zagreb]","duration":444551,"isCancelled":false}
{"reason":"Push on VFS changes","startTime":"2024-01-07T20:45:54.713603+01:00[Europe/Zagreb]","duration":498639,"isCancelled":false}
{"reason":"Push on VFS changes","startTime":"2024-01-07T20:46:59.818801+01:00[Europe/Zagreb]","duration":6107925,"isCancelled":false}
{"reason":"Push on VFS changes","startTime":"2024-01-07T20:48:20.453494+01:00[Europe/Zagreb]","duration":3139062,"isCancelled":false}
{"reason":"Push on VFS changes","startTime":"2024-01-07T20:49:46.531903+01:00[Europe/Zagreb]","duration":463074,"isCancelled":false}
{"reason":"Push on VFS changes","startTime":"2024-01-07T20:59:23.292083+01:00[Europe/Zagreb]","duration":99222,"isCancelled":false}
{"reason":"Push on VFS changes","startTime":"2024-01-07T21:10:50.655581+01:00[Europe/Zagreb]","duration":5444504,"isCancelled":false}
{"reason":"Push on VFS changes","startTime":"2024-01-07T21:43:54.278064+01:00[Europe/Zagreb]","duration":3830645,"isCancelled":false}
{"reason":"Push on VFS changes","startTime":"2024-01-07T23:27:10.222665+01:00[Europe/Zagreb]","duration":108468,"isCancelled":false}
{"reason":"Push on VFS changes","startTime":"2024-01-07T23:27:18.559128+01:00[Europe/Zagreb]","duration":290996,"isCancelled":false}
{"reason":"Push on VFS changes","startTime":"2024-01-07T23:32:55.437997+01:00[Europe/Zagreb]","duration":1472766,"isCancelled":false}
{"reason":"Push on VFS changes","startTime":"2024-01-07T23:34:46.410176+01:00[Europe/Zagreb]","duration":74206,"isCancelled":false}
{"reason":"Push on VFS changes","startTime":"2024-01-07T23:36:54.481671+01:00[Europe/Zagreb]","duration":156714,"isCancelled":false}
{"reason":"Push on VFS changes","startTime":"2024-01-07T23:37:00.497813+01:00[Europe/Zagreb]","duration":139514,"isCancelled":false}
{"reason":"Push on VFS changes","startTime":"2024-01-07T23:37:11.095721+01:00[Europe/Zagreb]","duration":143156,"isCancelled":false}
{"reason":"Push on VFS changes","startTime":"2024-01-07T23:38:22.510689+01:00[Europe/Zagreb]","duration":168627,"isCancelled":false}
{"reason":"Push on VFS changes","startTime":"2024-01-07T23:38:33.176546+01:00[Europe/Zagreb]","duration":488574,"isCancelled":false}
{"reason":"Push on VFS changes","startTime":"2024-01-08T00:07:56.726039+01:00[Europe/Zagreb]","duration":213868,"isCancelled":false}
{"reason":"Push on VFS changes","startTime":"2024-01-08T00:30:16.281546+01:00[Europe/Zagreb]","duration":2007905,"isCancelled":false}
{"reason":"Push on VFS changes","startTime":"2024-01-08T00:38:10.787947+01:00[Europe/Zagreb]","duration":142927,"isCancelled":false}
{"reason":"Push on VFS changes","startTime":"2024-01-08T00:42:24.596494+01:00[Europe/Zagreb]","duration":99041,"isCancelled":false}
