{
  "appInfo" : {
    "build" : "233.11799.241",
    "buildDate" : "2023-12-02T05:05:00Z[UTC]",
    "productCode" : "IU",
    "generated" : "2024-01-07T23:38:11.698003Z",
    "os" : "macOS 13.6",
    "runtime" : "JetBrains s.r.o. 17.0.9 17.0.9+7-b1087.7"
  },
  "runtimeInfo" : {
    "maxMemory" : 3170893824,
    "numberOfProcessors" : 4,
    "maxNumberOfIndexingThreads" : 3,
    "maxSizeOfFileForIntelliSense" : 2560000,
    "maxSizeOfFileForContentLoading" : 20971520
  },
  "type" : "Scanning",
  "projectIndexingActivityHistory" : {
    "projectName" : "EventPod",
    "times" : {
      "scanningReason" : "changes in: \"Library Dart Packages (#27 class roots, #0 source roots)\"",
      "scanningType" : "PARTIAL",
      "scanningId" : 17,
      "creatingIteratorsTime" : 3000,
      "concurrentHandlingWallTimeWithoutPauses" : 494457000,
      "concurrentHandlingWallTimeWithPauses" : 494457000,
      "concurrentHandlingSumOfThreadTimesWithPauses" : 475547390,
      "concurrentIterationAndScannersApplicationSumOfThreadTimesWithPauses" : 180068010,
      "concurrentFileCheckSumOfThreadTimesWithPauses" : 294202024,
      "delayedPushPropertiesStageTime" : 18000,
      "indexExtensionsTime" : 1975333,
      "dumbModeStart" : "2024-01-07T23:38:11.17257Z",
      "dumbWallTimeWithPauses" : 502245000,
      "dumbWallTimeWithoutPauses" : 502245000,
      "updatingStart" : "2024-01-07T23:38:11.145801Z",
      "updatingEnd" : "2024-01-07T23:38:11.674815Z",
      "totalWallTimeWithPauses" : 528983749,
      "wallTimeOnPause" : 0,
      "wasInterrupted" : false,
      "totalWallTimeWithoutPauses" : 528983749
    },
    "fileCount" : {
      "numberOfFileProviders" : 1,
      "numberOfScannedFiles" : 1630,
      "numberOfFilesIndexedByInfrastructureExtensionsDuringScan" : 0,
      "numberOfFilesScheduledForIndexingAfterScan" : 72
    },
    "scanningStatistics" : [ {
      "providerName" : "Library Dart Packages (#27 class roots, #0 source roots)",
      "numberOfScannedFiles" : 1630,
      "numberOfSkippedFiles" : 0,
      "numberOfFilesForIndexing" : 72,
      "numberOfFilesFullyIndexedByInfrastructureExtensions" : 0,
      "filesFullyIndexedByInfrastructureExtensions" : [ ],
      "statusTime" : 218712482,
      "totalOneThreadTimeWithPauses" : 475547390,
      "iterationAndScannersApplicationTime" : 180068010,
      "filesCheckTime" : 294202024,
      "timeProcessingUpToDateFiles" : 55940805,
      "timeUpdatingContentLessIndexes" : 15232712,
      "timeIndexingWithoutContentViaInfrastructureExtension" : 1975333,
      "roots" : [ ]
    } ]
  }
}