{
  "appInfo" : {
    "build" : "233.11799.241",
    "buildDate" : "2023-12-02T05:05:00Z[UTC]",
    "productCode" : "IU",
    "generated" : "2024-01-07T21:05:43.898421Z",
    "os" : "macOS 13.6",
    "runtime" : "JetBrains s.r.o. 17.0.9 17.0.9+7-b1087.7"
  },
  "runtimeInfo" : {
    "maxMemory" : 3170893824,
    "numberOfProcessors" : 4,
    "maxNumberOfIndexingThreads" : 3,
    "maxSizeOfFileForIntelliSense" : 2560000,
    "maxSizeOfFileForContentLoading" : 20971520
  },
  "type" : "Scanning",
  "projectIndexingActivityHistory" : {
    "projectName" : "EventPod",
    "times" : {
      "scanningReason" : "changes in: \"Library Dart Packages (#30 class roots, #0 source roots)\"",
      "scanningType" : "PARTIAL",
      "scanningId" : 15,
      "creatingIteratorsTime" : 2000,
      "concurrentHandlingWallTimeWithoutPauses" : 447620000,
      "concurrentHandlingWallTimeWithPauses" : 447620000,
      "concurrentHandlingSumOfThreadTimesWithPauses" : 443285317,
      "concurrentIterationAndScannersApplicationSumOfThreadTimesWithPauses" : 117782221,
      "concurrentFileCheckSumOfThreadTimesWithPauses" : 324610312,
      "delayedPushPropertiesStageTime" : 348000,
      "indexExtensionsTime" : 5793472,
      "dumbModeStart" : "2024-01-07T21:05:43.432444Z",
      "dumbWallTimeWithPauses" : 461743000,
      "dumbWallTimeWithoutPauses" : 461743000,
      "updatingStart" : "2024-01-07T21:05:43.427011Z",
      "updatingEnd" : "2024-01-07T21:05:43.894187Z",
      "totalWallTimeWithPauses" : 467641953,
      "wallTimeOnPause" : 0,
      "wasInterrupted" : false,
      "totalWallTimeWithoutPauses" : 467641953
    },
    "fileCount" : {
      "numberOfFileProviders" : 1,
      "numberOfScannedFiles" : 1691,
      "numberOfFilesIndexedByInfrastructureExtensionsDuringScan" : 0,
      "numberOfFilesScheduledForIndexingAfterScan" : 133
    },
    "scanningStatistics" : [ {
      "providerName" : "Library Dart Packages (#30 class roots, #0 source roots)",
      "numberOfScannedFiles" : 1691,
      "numberOfSkippedFiles" : 0,
      "numberOfFilesForIndexing" : 133,
      "numberOfFilesFullyIndexedByInfrastructureExtensions" : 0,
      "filesFullyIndexedByInfrastructureExtensions" : [ ],
      "statusTime" : 245473586,
      "totalOneThreadTimeWithPauses" : 443285317,
      "iterationAndScannersApplicationTime" : 117782221,
      "filesCheckTime" : 324610312,
      "timeProcessingUpToDateFiles" : 39905011,
      "timeUpdatingContentLessIndexes" : 26456041,
      "timeIndexingWithoutContentViaInfrastructureExtension" : 5793472,
      "roots" : [ ]
    } ]
  }
}