{
  "appInfo" : {
    "build" : "233.11799.241",
    "buildDate" : "2023-12-02T05:05:00Z[UTC]",
    "productCode" : "IU",
    "generated" : "2024-01-07T23:38:12.066053Z",
    "os" : "macOS 13.6",
    "runtime" : "JetBrains s.r.o. 17.0.9 17.0.9+7-b1087.7"
  },
  "runtimeInfo" : {
    "maxMemory" : 3170893824,
    "numberOfProcessors" : 4,
    "maxNumberOfIndexingThreads" : 3,
    "maxSizeOfFileForIntelliSense" : 2560000,
    "maxSizeOfFileForContentLoading" : 20971520
  },
  "type" : "Scanning",
  "projectIndexingActivityHistory" : {
    "projectName" : "EventPod",
    "times" : {
      "scanningReason" : "changes in: \"Library Dart Packages (#31 class roots, #0 source roots)\"",
      "scanningType" : "PARTIAL",
      "scanningId" : 18,
      "creatingIteratorsTime" : 2000,
      "concurrentHandlingWallTimeWithoutPauses" : 364317000,
      "concurrentHandlingWallTimeWithPauses" : 364317000,
      "concurrentHandlingSumOfThreadTimesWithPauses" : 364084734,
      "concurrentIterationAndScannersApplicationSumOfThreadTimesWithPauses" : 203975077,
      "concurrentFileCheckSumOfThreadTimesWithPauses" : 159997545,
      "delayedPushPropertiesStageTime" : 5000,
      "indexExtensionsTime" : 3017242,
      "dumbModeStart" : "2024-01-07T23:38:11.695292Z",
      "dumbWallTimeWithPauses" : 365055000,
      "dumbWallTimeWithoutPauses" : 364896000,
      "updatingStart" : "2024-01-07T23:38:11.694902Z",
      "updatingEnd" : "2024-01-07T23:38:12.060347Z",
      "totalWallTimeWithPauses" : 365436798,
      "wallTimeOnPause" : 159000,
      "wasInterrupted" : false,
      "totalWallTimeWithoutPauses" : 365277798
    },
    "fileCount" : {
      "numberOfFileProviders" : 1,
      "numberOfScannedFiles" : 1698,
      "numberOfFilesIndexedByInfrastructureExtensionsDuringScan" : 0,
      "numberOfFilesScheduledForIndexingAfterScan" : 140
    },
    "scanningStatistics" : [ {
      "providerName" : "Library Dart Packages (#31 class roots, #0 source roots)",
      "numberOfScannedFiles" : 1698,
      "numberOfSkippedFiles" : 0,
      "numberOfFilesForIndexing" : 140,
      "numberOfFilesFullyIndexedByInfrastructureExtensions" : 0,
      "filesFullyIndexedByInfrastructureExtensions" : [ ],
      "statusTime" : 120062241,
      "totalOneThreadTimeWithPauses" : 364084734,
      "iterationAndScannersApplicationTime" : 203975077,
      "filesCheckTime" : 159997545,
      "timeProcessingUpToDateFiles" : 19643493,
      "timeUpdatingContentLessIndexes" : 2532856,
      "timeIndexingWithoutContentViaInfrastructureExtension" : 3017242,
      "roots" : [ ]
    } ]
  }
}