{
  "appInfo" : {
    "build" : "233.11799.241",
    "buildDate" : "2023-12-02T05:05:00Z[UTC]",
    "productCode" : "IU",
    "generated" : "2024-01-07T21:05:44.736943Z",
    "os" : "macOS 13.6",
    "runtime" : "JetBrains s.r.o. 17.0.9 17.0.9+7-b1087.7"
  },
  "runtimeInfo" : {
    "maxMemory" : 3170893824,
    "numberOfProcessors" : 4,
    "maxNumberOfIndexingThreads" : 3,
    "maxSizeOfFileForIntelliSense" : 2560000,
    "maxSizeOfFileForContentLoading" : 20971520
  },
  "type" : "DumbIndexing",
  "projectIndexingActivityHistory" : {
    "projectName" : "EventPod",
    "times" : {
      "scanningIds" : [ 15 ],
      "contentLoadingVisibleTime" : 66730007,
      "retrievingChangedDuringIndexingFilesTime" : 38719,
      "separateApplyingIndexesVisibleTime" : 94677984,
      "updatingStart" : "2024-01-07T21:05:43.952961Z",
      "updatingEnd" : "2024-01-07T21:05:44.536254Z",
      "totalWallTimeWithPauses" : 583312557,
      "wallTimeOnPause" : 0,
      "wasInterrupted" : false,
      "dumbModeStart" : "2024-01-07T21:05:43.952961Z",
      "dumbWallTimeWithoutPauses" : 583312557,
      "dumbWallTimeWithPauses" : 583312557,
      "totalWallTimeWithoutPauses" : 583312557
    },
    "fileCount" : {
      "numberOfChangedDuringIndexingFiles" : 0,
      "numberOfFilesIndexedByInfrastructureExtensionsDuringIndexingStage" : 0,
      "numberOfFilesIndexedWithLoadingContent" : 133,
      "numberOfNothingToWriteFiles" : 0
    },
    "totalStatsPerFileType" : [ {
      "fileType" : "Dart",
      "partOfTotalProcessingTime" : {
        "part" : 1651211726,
        "total" : 1670352602
      },
      "partOfTotalContentLoadingTime" : {
        "part" : 192640757,
        "total" : 193247212
      },
      "totalNumberOfFiles" : 130,
      "totalFilesSize" : 526751,
      "totalProcessingSpeed" : {
        "totalBytes" : 526751,
        "totalCpuTime" : 1651211726
      },
      "biggestContributors" : [ {
        "providerName" : "Library Dart Packages (#30 class roots, #0 source roots)",
        "numberOfFiles" : 130,
        "totalFilesSize" : 526751,
        "partOfTotalProcessingTimeOfThisFileType" : {
          "part" : 1651211726,
          "total" : 1651211726
        }
      } ]
    }, {
      "fileType" : "YAML",
      "partOfTotalProcessingTime" : {
        "part" : 19140876,
        "total" : 1670352602
      },
      "partOfTotalContentLoadingTime" : {
        "part" : 606455,
        "total" : 193247212
      },
      "totalNumberOfFiles" : 3,
      "totalFilesSize" : 2924,
      "totalProcessingSpeed" : {
        "totalBytes" : 2924,
        "totalCpuTime" : 19140876
      },
      "biggestContributors" : [ {
        "providerName" : "Library Dart Packages (#30 class roots, #0 source roots)",
        "numberOfFiles" : 3,
        "totalFilesSize" : 2924,
        "partOfTotalProcessingTimeOfThisFileType" : {
          "part" : 19140876,
          "total" : 19140876
        }
      } ]
    } ],
    "totalStatsPerBaseLanguage" : [ {
      "language" : "Dart",
      "partOfTotalProcessingTime" : {
        "part" : 1651211726,
        "total" : 1670352602
      },
      "partOfTotalContentLoadingTime" : {
        "part" : 385887969,
        "total" : 193247212
      },
      "totalNumberOfFiles" : 130,
      "totalFilesSize" : 526751,
      "totalProcessingSpeed" : {
        "totalBytes" : 526751,
        "totalCpuTime" : 1651211726
      }
    }, {
      "language" : "yaml",
      "partOfTotalProcessingTime" : {
        "part" : 19140876,
        "total" : 1670352602
      },
      "partOfTotalContentLoadingTime" : {
        "part" : 193853667,
        "total" : 193247212
      },
      "totalNumberOfFiles" : 3,
      "totalFilesSize" : 2924,
      "totalProcessingSpeed" : {
        "totalBytes" : 2924,
        "totalCpuTime" : 19140876
      }
    } ],
    "totalStatsPerIndexer" : [ {
      "indexId" : "DartPathIndex",
      "partOfTotalIndexingTime" : {
        "part" : 919515460,
        "total" : 1072640751
      },
      "totalNumberOfFiles" : 130,
      "totalNumberOfFilesIndexedByExtensions" : 0,
      "totalFilesSize" : 526751,
      "indexValueChangerEvaluationSpeed" : {
        "totalBytes" : 526751,
        "totalCpuTime" : 919515460
      }
    }, {
      "indexId" : "IdIndex",
      "partOfTotalIndexingTime" : {
        "part" : 39886734,
        "total" : 1072640751
      },
      "totalNumberOfFiles" : 133,
      "totalNumberOfFilesIndexedByExtensions" : 0,
      "totalFilesSize" : 529675,
      "indexValueChangerEvaluationSpeed" : {
        "totalBytes" : 529675,
        "totalCpuTime" : 39886734
      }
    }, {
      "indexId" : "DartImportIndex",
      "partOfTotalIndexingTime" : {
        "part" : 36853506,
        "total" : 1072640751
      },
      "totalNumberOfFiles" : 130,
      "totalNumberOfFilesIndexedByExtensions" : 0,
      "totalFilesSize" : 526751,
      "indexValueChangerEvaluationSpeed" : {
        "totalBytes" : 526751,
        "totalCpuTime" : 36853506
      }
    }, {
      "indexId" : "Trigram.Index",
      "partOfTotalIndexingTime" : {
        "part" : 22033235,
        "total" : 1072640751
      },
      "totalNumberOfFiles" : 133,
      "totalNumberOfFilesIndexedByExtensions" : 0,
      "totalFilesSize" : 529675,
      "indexValueChangerEvaluationSpeed" : {
        "totalBytes" : 529675,
        "totalCpuTime" : 22033235
      }
    }, {
      "indexId" : "DartLibraryIndex",
      "partOfTotalIndexingTime" : {
        "part" : 14398161,
        "total" : 1072640751
      },
      "totalNumberOfFiles" : 130,
      "totalNumberOfFilesIndexedByExtensions" : 0,
      "totalFilesSize" : 526751,
      "indexValueChangerEvaluationSpeed" : {
        "totalBytes" : 526751,
        "totalCpuTime" : 14398161
      }
    }, {
      "indexId" : "DartClassIndex",
      "partOfTotalIndexingTime" : {
        "part" : 12536963,
        "total" : 1072640751
      },
      "totalNumberOfFiles" : 130,
      "totalNumberOfFilesIndexedByExtensions" : 0,
      "totalFilesSize" : 526751,
      "indexValueChangerEvaluationSpeed" : {
        "totalBytes" : 526751,
        "totalCpuTime" : 12536963
      }
    }, {
      "indexId" : "DartComponentIndex",
      "partOfTotalIndexingTime" : {
        "part" : 10843520,
        "total" : 1072640751
      },
      "totalNumberOfFiles" : 130,
      "totalNumberOfFilesIndexedByExtensions" : 0,
      "totalFilesSize" : 526751,
      "indexValueChangerEvaluationSpeed" : {
        "totalBytes" : 526751,
        "totalCpuTime" : 10843520
      }
    }, {
      "indexId" : "DartSymbolIndex",
      "partOfTotalIndexingTime" : {
        "part" : 9120250,
        "total" : 1072640751
      },
      "totalNumberOfFiles" : 130,
      "totalNumberOfFilesIndexedByExtensions" : 0,
      "totalFilesSize" : 526751,
      "indexValueChangerEvaluationSpeed" : {
        "totalBytes" : 526751,
        "totalCpuTime" : 9120250
      }
    }, {
      "indexId" : "yaml.keys.name",
      "partOfTotalIndexingTime" : {
        "part" : 5998409,
        "total" : 1072640751
      },
      "totalNumberOfFiles" : 3,
      "totalNumberOfFilesIndexedByExtensions" : 0,
      "totalFilesSize" : 2924,
      "indexValueChangerEvaluationSpeed" : {
        "totalBytes" : 2924,
        "totalCpuTime" : 5998409
      }
    }, {
      "indexId" : "SwReferencesIndex",
      "partOfTotalIndexingTime" : {
        "part" : 946217,
        "total" : 1072640751
      },
      "totalNumberOfFiles" : 3,
      "totalNumberOfFilesIndexedByExtensions" : 0,
      "totalFilesSize" : 2924,
      "indexValueChangerEvaluationSpeed" : {
        "totalBytes" : 2924,
        "totalCpuTime" : 946217
      }
    }, {
      "indexId" : "OpenapiSpecificationContentIndexer",
      "partOfTotalIndexingTime" : {
        "part" : 282014,
        "total" : 1072640751
      },
      "totalNumberOfFiles" : 3,
      "totalNumberOfFilesIndexedByExtensions" : 0,
      "totalFilesSize" : 2924,
      "indexValueChangerEvaluationSpeed" : {
        "totalBytes" : 2924,
        "totalCpuTime" : 282014
      }
    }, {
      "indexId" : "FrameworkDetectionIndex",
      "partOfTotalIndexingTime" : {
        "part" : 130697,
        "total" : 1072640751
      },
      "totalNumberOfFiles" : 3,
      "totalNumberOfFilesIndexedByExtensions" : 0,
      "totalFilesSize" : 2924,
      "indexValueChangerEvaluationSpeed" : {
        "totalBytes" : 2924,
        "totalCpuTime" : 130697
      }
    }, {
      "indexId" : "docker.compose.services",
      "partOfTotalIndexingTime" : {
        "part" : 95585,
        "total" : 1072640751
      },
      "totalNumberOfFiles" : 3,
      "totalNumberOfFilesIndexedByExtensions" : 0,
      "totalFilesSize" : 2924,
      "indexValueChangerEvaluationSpeed" : {
        "totalBytes" : 2924,
        "totalCpuTime" : 95585
      }
    } ],
    "statisticsOfChangedDuringIndexingFiles" : {
      "numberOfFiles" : 0,
      "retrievingTime" : 38719
    },
    "fileProviderStatistics" : [ {
      "providerName" : "Library Dart Packages (#30 class roots, #0 source roots)",
      "totalNumberOfIndexedFiles" : 133,
      "totalNumberOfFilesFullyIndexedByExtensions" : 0,
      "totalNumberOfNothingToWriteFiles" : 0,
      "totalIndexingVisibleTime" : 576787840,
      "contentLoadingVisibleTime" : 66730007,
      "numberOfTooLargeForIndexingFiles" : 0,
      "slowIndexedFiles" : [ ],
      "filesFullyIndexedByExtensions" : [ ],
      "separateApplyingIndexesVisibleTime" : 94677984
    }, {
      "providerName" : "Refreshed files",
      "totalNumberOfIndexedFiles" : 0,
      "totalNumberOfFilesFullyIndexedByExtensions" : 0,
      "totalNumberOfNothingToWriteFiles" : 0,
      "totalIndexingVisibleTime" : 0,
      "contentLoadingVisibleTime" : 0,
      "numberOfTooLargeForIndexingFiles" : 0,
      "slowIndexedFiles" : [ ],
      "filesFullyIndexedByExtensions" : [ ],
      "separateApplyingIndexesVisibleTime" : 0
    } ],
    "visibleTimeToAllThreadTimeRatio" : 0.0
  }
}