{
  "appInfo" : {
    "build" : "233.11799.241",
    "buildDate" : "2023-12-02T05:05:00Z[UTC]",
    "productCode" : "IU",
    "generated" : "2024-01-07T22:32:42.865484Z",
    "os" : "macOS 13.6",
    "runtime" : "JetBrains s.r.o. 17.0.9 17.0.9+7-b1087.7"
  },
  "runtimeInfo" : {
    "maxMemory" : 3170893824,
    "numberOfProcessors" : 4,
    "maxNumberOfIndexingThreads" : 3,
    "maxSizeOfFileForIntelliSense" : 2560000,
    "maxSizeOfFileForContentLoading" : 20971520
  },
  "type" : "DumbIndexing",
  "projectIndexingActivityHistory" : {
    "projectName" : "EventPod",
    "times" : {
      "scanningIds" : [ ],
      "contentLoadingVisibleTime" : 240015474,
      "retrievingChangedDuringIndexingFilesTime" : 1384449,
      "separateApplyingIndexesVisibleTime" : 4801647757,
      "updatingStart" : "2024-01-07T22:32:34.033378Z",
      "updatingEnd" : "2024-01-07T22:32:42.855873Z",
      "totalWallTimeWithPauses" : 8822419225,
      "wallTimeOnPause" : 0,
      "wasInterrupted" : false,
      "dumbModeStart" : "2024-01-07T22:32:34.033378Z",
      "dumbWallTimeWithoutPauses" : 8822419225,
      "dumbWallTimeWithPauses" : 8822419225,
      "totalWallTimeWithoutPauses" : 8822419225
    },
    "fileCount" : {
      "numberOfChangedDuringIndexingFiles" : 2167,
      "numberOfFilesIndexedByInfrastructureExtensionsDuringIndexingStage" : 0,
      "numberOfFilesIndexedWithLoadingContent" : 2167,
      "numberOfNothingToWriteFiles" : 0
    },
    "totalStatsPerFileType" : [ {
      "fileType" : "UNKNOWN",
      "partOfTotalProcessingTime" : {
        "part" : 9383556800,
        "total" : 18303585987
      },
      "partOfTotalContentLoadingTime" : {
        "part" : 88417260,
        "total" : 498887222
      },
      "totalNumberOfFiles" : 1829,
      "totalFilesSize" : 0,
      "totalProcessingSpeed" : {
        "totalBytes" : 0,
        "totalCpuTime" : 9383556800
      },
      "biggestContributors" : [ {
        "providerName" : "Refreshed files",
        "numberOfFiles" : 1829,
        "totalFilesSize" : 0,
        "partOfTotalProcessingTimeOfThisFileType" : {
          "part" : 9383556800,
          "total" : 9383556800
        }
      } ]
    }, {
      "fileType" : "Dart",
      "partOfTotalProcessingTime" : {
        "part" : 8920029187,
        "total" : 18303585987
      },
      "partOfTotalContentLoadingTime" : {
        "part" : 410469962,
        "total" : 498887222
      },
      "totalNumberOfFiles" : 338,
      "totalFilesSize" : 1298897,
      "totalProcessingSpeed" : {
        "totalBytes" : 1298897,
        "totalCpuTime" : 8920029187
      },
      "biggestContributors" : [ {
        "providerName" : "Refreshed files",
        "numberOfFiles" : 338,
        "totalFilesSize" : 1298897,
        "partOfTotalProcessingTimeOfThisFileType" : {
          "part" : 8920029187,
          "total" : 8920029187
        }
      } ]
    } ],
    "totalStatsPerBaseLanguage" : [ {
      "language" : "Dart",
      "partOfTotalProcessingTime" : {
        "part" : 8920029187,
        "total" : 18303585987
      },
      "partOfTotalContentLoadingTime" : {
        "part" : 909357184,
        "total" : 498887222
      },
      "totalNumberOfFiles" : 338,
      "totalFilesSize" : 1298897,
      "totalProcessingSpeed" : {
        "totalBytes" : 1298897,
        "totalCpuTime" : 8920029187
      }
    } ],
    "totalStatsPerIndexer" : [ {
      "indexId" : "DartPathIndex",
      "partOfTotalIndexingTime" : {
        "part" : 6155918334,
        "total" : 6970377589
      },
      "totalNumberOfFiles" : 338,
      "totalNumberOfFilesIndexedByExtensions" : 0,
      "totalFilesSize" : 1298897,
      "indexValueChangerEvaluationSpeed" : {
        "totalBytes" : 1298897,
        "totalCpuTime" : 6155918334
      }
    }, {
      "indexId" : "IdIndex",
      "partOfTotalIndexingTime" : {
        "part" : 220890348,
        "total" : 6970377589
      },
      "totalNumberOfFiles" : 338,
      "totalNumberOfFilesIndexedByExtensions" : 0,
      "totalFilesSize" : 1298897,
      "indexValueChangerEvaluationSpeed" : {
        "totalBytes" : 1298897,
        "totalCpuTime" : 220890348
      }
    }, {
      "indexId" : "Trigram.Index",
      "partOfTotalIndexingTime" : {
        "part" : 203935576,
        "total" : 6970377589
      },
      "totalNumberOfFiles" : 338,
      "totalNumberOfFilesIndexedByExtensions" : 0,
      "totalFilesSize" : 1298897,
      "indexValueChangerEvaluationSpeed" : {
        "totalBytes" : 1298897,
        "totalCpuTime" : 203935576
      }
    }, {
      "indexId" : "DartLibraryIndex",
      "partOfTotalIndexingTime" : {
        "part" : 168667447,
        "total" : 6970377589
      },
      "totalNumberOfFiles" : 338,
      "totalNumberOfFilesIndexedByExtensions" : 0,
      "totalFilesSize" : 1298897,
      "indexValueChangerEvaluationSpeed" : {
        "totalBytes" : 1298897,
        "totalCpuTime" : 168667447
      }
    }, {
      "indexId" : "DartComponentIndex",
      "partOfTotalIndexingTime" : {
        "part" : 78088699,
        "total" : 6970377589
      },
      "totalNumberOfFiles" : 338,
      "totalNumberOfFilesIndexedByExtensions" : 0,
      "totalFilesSize" : 1298897,
      "indexValueChangerEvaluationSpeed" : {
        "totalBytes" : 1298897,
        "totalCpuTime" : 78088699
      }
    }, {
      "indexId" : "DartImportIndex",
      "partOfTotalIndexingTime" : {
        "part" : 62220043,
        "total" : 6970377589
      },
      "totalNumberOfFiles" : 338,
      "totalNumberOfFilesIndexedByExtensions" : 0,
      "totalFilesSize" : 1298897,
      "indexValueChangerEvaluationSpeed" : {
        "totalBytes" : 1298897,
        "totalCpuTime" : 62220043
      }
    }, {
      "indexId" : "DartSymbolIndex",
      "partOfTotalIndexingTime" : {
        "part" : 42640242,
        "total" : 6970377589
      },
      "totalNumberOfFiles" : 338,
      "totalNumberOfFilesIndexedByExtensions" : 0,
      "totalFilesSize" : 1298897,
      "indexValueChangerEvaluationSpeed" : {
        "totalBytes" : 1298897,
        "totalCpuTime" : 42640242
      }
    }, {
      "indexId" : "DartClassIndex",
      "partOfTotalIndexingTime" : {
        "part" : 38016900,
        "total" : 6970377589
      },
      "totalNumberOfFiles" : 338,
      "totalNumberOfFilesIndexedByExtensions" : 0,
      "totalFilesSize" : 1298897,
      "indexValueChangerEvaluationSpeed" : {
        "totalBytes" : 1298897,
        "totalCpuTime" : 38016900
      }
    } ],
    "statisticsOfChangedDuringIndexingFiles" : {
      "numberOfFiles" : 2167,
      "retrievingTime" : 1384449
    },
    "fileProviderStatistics" : [ {
      "providerName" : "Refreshed files",
      "totalNumberOfIndexedFiles" : 2167,
      "totalNumberOfFilesFullyIndexedByExtensions" : 0,
      "totalNumberOfNothingToWriteFiles" : 0,
      "totalIndexingVisibleTime" : 8805885750,
      "contentLoadingVisibleTime" : 240015474,
      "numberOfTooLargeForIndexingFiles" : 0,
      "slowIndexedFiles" : [ {
        "fileName" : "html.dart",
        "processingTime" : 1146261133,
        "evaluationOfIndexValueChangerTime" : 1132701113,
        "contentLoadingTime" : 1780852
      } ],
      "filesFullyIndexedByExtensions" : [ ],
      "separateApplyingIndexesVisibleTime" : 4801647757
    } ],
    "visibleTimeToAllThreadTimeRatio" : 0.4811016680695423
  }
}