{
  "appInfo" : {
    "build" : "233.11799.241",
    "buildDate" : "2023-12-02T05:05:00Z[UTC]",
    "productCode" : "IU",
    "generated" : "2024-01-07T17:38:11.083841Z",
    "os" : "macOS 13.6",
    "runtime" : "JetBrains s.r.o. 17.0.9 17.0.9+7-b1087.7"
  },
  "runtimeInfo" : {
    "maxMemory" : 3170893824,
    "numberOfProcessors" : 4,
    "maxNumberOfIndexingThreads" : 3,
    "maxSizeOfFileForIntelliSense" : 2560000,
    "maxSizeOfFileForContentLoading" : 20971520
  },
  "type" : "Scanning",
  "projectIndexingActivityHistory" : {
    "projectName" : "EventPod",
    "times" : {
      "scanningReason" : "changes in: \"Custom kind roots from entity (db, extensions, empty)\", \"Custom kind roots from entity (sass_functions.scss, sass_color.scss, sass_list.scss, ..., empty)\"",
      "scanningType" : "PARTIAL",
      "scanningId" : 6,
      "creatingIteratorsTime" : 3000,
      "concurrentHandlingWallTimeWithoutPauses" : 15298000,
      "concurrentHandlingWallTimeWithPauses" : 15298000,
      "concurrentHandlingSumOfThreadTimesWithPauses" : 17228374,
      "concurrentIterationAndScannersApplicationSumOfThreadTimesWithPauses" : 133306,
      "concurrentFileCheckSumOfThreadTimesWithPauses" : 16972011,
      "delayedPushPropertiesStageTime" : 176000,
      "indexExtensionsTime" : 0,
      "dumbWallTimeWithPauses" : 0,
      "dumbWallTimeWithoutPauses" : 0,
      "updatingStart" : "2024-01-07T17:38:11.065351Z",
      "updatingEnd" : "2024-01-07T17:38:11.0823Z",
      "totalWallTimeWithPauses" : 16950285,
      "wallTimeOnPause" : 0,
      "wasInterrupted" : false,
      "totalWallTimeWithoutPauses" : 16950285
    },
    "fileCount" : {
      "numberOfFileProviders" : 2,
      "numberOfScannedFiles" : 34,
      "numberOfFilesIndexedByInfrastructureExtensionsDuringScan" : 0,
      "numberOfFilesScheduledForIndexingAfterScan" : 0
    },
    "scanningStatistics" : [ {
      "providerName" : "Custom kind roots from entity (db, extensions, empty)",
      "numberOfScannedFiles" : 26,
      "numberOfSkippedFiles" : 0,
      "numberOfFilesForIndexing" : 0,
      "numberOfFilesFullyIndexedByInfrastructureExtensions" : 0,
      "filesFullyIndexedByInfrastructureExtensions" : [ ],
      "statusTime" : 7928481,
      "totalOneThreadTimeWithPauses" : 14213677,
      "iterationAndScannersApplicationTime" : 110991,
      "filesCheckTime" : 14028986,
      "timeProcessingUpToDateFiles" : 555489,
      "timeUpdatingContentLessIndexes" : 0,
      "timeIndexingWithoutContentViaInfrastructureExtension" : 0,
      "roots" : [ ]
    }, {
      "providerName" : "Custom kind roots from entity (sass_functions.scss, sass_color.scss, sass_list.scss, ..., empty)",
      "numberOfScannedFiles" : 8,
      "numberOfSkippedFiles" : 0,
      "numberOfFilesForIndexing" : 0,
      "numberOfFilesFullyIndexedByInfrastructureExtensions" : 0,
      "filesFullyIndexedByInfrastructureExtensions" : [ ],
      "statusTime" : 2751166,
      "totalOneThreadTimeWithPauses" : 3014697,
      "iterationAndScannersApplicationTime" : 22315,
      "filesCheckTime" : 2943025,
      "timeProcessingUpToDateFiles" : 105712,
      "timeUpdatingContentLessIndexes" : 0,
      "timeIndexingWithoutContentViaInfrastructureExtension" : 0,
      "roots" : [ ]
    } ]
  }
}