{
  "appInfo" : {
    "build" : "233.11799.241",
    "buildDate" : "2023-12-02T05:05:00Z[UTC]",
    "productCode" : "IU",
    "generated" : "2024-01-07T17:54:40.661244Z",
    "os" : "macOS 13.6",
    "runtime" : "JetBrains s.r.o. 17.0.9 17.0.9+7-b1087.7"
  },
  "runtimeInfo" : {
    "maxMemory" : 3170893824,
    "numberOfProcessors" : 4,
    "maxNumberOfIndexingThreads" : 3,
    "maxSizeOfFileForIntelliSense" : 2560000,
    "maxSizeOfFileForContentLoading" : 20971520
  },
  "type" : "Scanning",
  "projectIndexingActivityHistory" : {
    "projectName" : "EventPod",
    "times" : {
      "scanningReason" : "changes in: \"Library Dart Packages (#0 class roots, #0 source roots)\"",
      "scanningType" : "PARTIAL",
      "scanningId" : 10,
      "creatingIteratorsTime" : 2000,
      "concurrentHandlingWallTimeWithoutPauses" : 591000,
      "concurrentHandlingWallTimeWithPauses" : 591000,
      "concurrentHandlingSumOfThreadTimesWithPauses" : 303921,
      "concurrentIterationAndScannersApplicationSumOfThreadTimesWithPauses" : 33508,
      "concurrentFileCheckSumOfThreadTimesWithPauses" : 201623,
      "delayedPushPropertiesStageTime" : 8000,
      "indexExtensionsTime" : 0,
      "dumbWallTimeWithPauses" : 0,
      "dumbWallTimeWithoutPauses" : 0,
      "updatingStart" : "2024-01-07T17:54:40.658235Z",
      "updatingEnd" : "2024-01-07T17:54:40.660199Z",
      "totalWallTimeWithPauses" : 1963376,
      "wallTimeOnPause" : 64000,
      "wasInterrupted" : false,
      "totalWallTimeWithoutPauses" : 1899376
    },
    "fileCount" : {
      "numberOfFileProviders" : 1,
      "numberOfScannedFiles" : 0,
      "numberOfFilesIndexedByInfrastructureExtensionsDuringScan" : 0,
      "numberOfFilesScheduledForIndexingAfterScan" : 0
    },
    "scanningStatistics" : [ {
      "providerName" : "Library Dart Packages (#0 class roots, #0 source roots)",
      "numberOfScannedFiles" : 0,
      "numberOfSkippedFiles" : 0,
      "numberOfFilesForIndexing" : 0,
      "numberOfFilesFullyIndexedByInfrastructureExtensions" : 0,
      "filesFullyIndexedByInfrastructureExtensions" : [ ],
      "statusTime" : 0,
      "totalOneThreadTimeWithPauses" : 303921,
      "iterationAndScannersApplicationTime" : 33508,
      "filesCheckTime" : 201623,
      "timeProcessingUpToDateFiles" : 0,
      "timeUpdatingContentLessIndexes" : 0,
      "timeIndexingWithoutContentViaInfrastructureExtension" : 0,
      "roots" : [ ]
    } ]
  }
}