{
  "appInfo" : {
    "build" : "233.11799.241",
    "buildDate" : "2023-12-02T05:05:00Z[UTC]",
    "productCode" : "IU",
    "generated" : "2024-01-07T22:36:55.165041Z",
    "os" : "macOS 13.6",
    "runtime" : "JetBrains s.r.o. 17.0.9 17.0.9+7-b1087.7"
  },
  "runtimeInfo" : {
    "maxMemory" : 3170893824,
    "numberOfProcessors" : 4,
    "maxNumberOfIndexingThreads" : 3,
    "maxSizeOfFileForIntelliSense" : 2560000,
    "maxSizeOfFileForContentLoading" : 20971520
  },
  "type" : "DumbIndexing",
  "projectIndexingActivityHistory" : {
    "projectName" : "EventPod",
    "times" : {
      "scanningIds" : [ ],
      "contentLoadingVisibleTime" : 13627689,
      "retrievingChangedDuringIndexingFilesTime" : 246177,
      "separateApplyingIndexesVisibleTime" : 3691201,
      "updatingStart" : "2024-01-07T22:36:54.864361Z",
      "updatingEnd" : "2024-01-07T22:36:55.16291Z",
      "totalWallTimeWithPauses" : 298545434,
      "wallTimeOnPause" : 0,
      "wasInterrupted" : false,
      "dumbModeStart" : "2024-01-07T22:36:54.864361Z",
      "dumbWallTimeWithoutPauses" : 298545434,
      "dumbWallTimeWithPauses" : 298545434,
      "totalWallTimeWithoutPauses" : 298545434
    },
    "fileCount" : {
      "numberOfChangedDuringIndexingFiles" : 972,
      "numberOfFilesIndexedByInfrastructureExtensionsDuringIndexingStage" : 0,
      "numberOfFilesIndexedWithLoadingContent" : 972,
      "numberOfNothingToWriteFiles" : 0
    },
    "totalStatsPerFileType" : [ {
      "fileType" : "UNKNOWN",
      "partOfTotalProcessingTime" : {
        "part" : 385333434,
        "total" : 385333434
      },
      "partOfTotalContentLoadingTime" : {
        "part" : 17641550,
        "total" : 17641550
      },
      "totalNumberOfFiles" : 972,
      "totalFilesSize" : 0,
      "totalProcessingSpeed" : {
        "totalBytes" : 0,
        "totalCpuTime" : 385333434
      },
      "biggestContributors" : [ {
        "providerName" : "Refreshed files",
        "numberOfFiles" : 972,
        "totalFilesSize" : 0,
        "partOfTotalProcessingTimeOfThisFileType" : {
          "part" : 385333434,
          "total" : 385333434
        }
      } ]
    } ],
    "totalStatsPerBaseLanguage" : [ ],
    "totalStatsPerIndexer" : [ ],
    "statisticsOfChangedDuringIndexingFiles" : {
      "numberOfFiles" : 972,
      "retrievingTime" : 246177
    },
    "fileProviderStatistics" : [ {
      "providerName" : "Refreshed files",
      "totalNumberOfIndexedFiles" : 972,
      "totalNumberOfFilesFullyIndexedByExtensions" : 0,
      "totalNumberOfNothingToWriteFiles" : 0,
      "totalIndexingVisibleTime" : 297661171,
      "contentLoadingVisibleTime" : 13627689,
      "numberOfTooLargeForIndexingFiles" : 0,
      "slowIndexedFiles" : [ ],
      "filesFullyIndexedByExtensions" : [ ],
      "separateApplyingIndexesVisibleTime" : 3691201
    } ],
    "visibleTimeToAllThreadTimeRatio" : 0.7724768855639971
  }
}