{
  "appInfo" : {
    "build" : "233.11799.241",
    "buildDate" : "2023-12-02T05:05:00Z[UTC]",
    "productCode" : "IU",
    "generated" : "2024-01-07T17:38:11.422833Z",
    "os" : "macOS 13.6",
    "runtime" : "JetBrains s.r.o. 17.0.9 17.0.9+7-b1087.7"
  },
  "runtimeInfo" : {
    "maxMemory" : 3170893824,
    "numberOfProcessors" : 4,
    "maxNumberOfIndexingThreads" : 3,
    "maxSizeOfFileForIntelliSense" : 2560000,
    "maxSizeOfFileForContentLoading" : 20971520
  },
  "type" : "Scanning",
  "projectIndexingActivityHistory" : {
    "projectName" : "EventPod",
    "times" : {
      "scanningReason" : "Merged changes in: \"External roots from entity (empty; empty; phpstorm-meta; empty)\" with changes in: \"Custom kind roots from entity (sodium, cubrid, couchbase, ..., empty)\"",
      "scanningType" : "PARTIAL",
      "scanningId" : 7,
      "creatingIteratorsTime" : 3000,
      "concurrentHandlingWallTimeWithoutPauses" : 334076000,
      "concurrentHandlingWallTimeWithPauses" : 334076000,
      "concurrentHandlingSumOfThreadTimesWithPauses" : 334020970,
      "concurrentIterationAndScannersApplicationSumOfThreadTimesWithPauses" : 412230,
      "concurrentFileCheckSumOfThreadTimesWithPauses" : 333457506,
      "delayedPushPropertiesStageTime" : 6000,
      "indexExtensionsTime" : 0,
      "dumbWallTimeWithPauses" : 0,
      "dumbWallTimeWithoutPauses" : 0,
      "updatingStart" : "2024-01-07T17:38:11.084254Z",
      "updatingEnd" : "2024-01-07T17:38:11.421006Z",
      "totalWallTimeWithPauses" : 336746429,
      "wallTimeOnPause" : 0,
      "wasInterrupted" : false,
      "totalWallTimeWithoutPauses" : 336746429
    },
    "fileCount" : {
      "numberOfFileProviders" : 2,
      "numberOfScannedFiles" : 314,
      "numberOfFilesIndexedByInfrastructureExtensionsDuringScan" : 0,
      "numberOfFilesScheduledForIndexingAfterScan" : 0
    },
    "scanningStatistics" : [ {
      "providerName" : "Custom kind roots from entity (sodium, cubrid, couchbase, ..., empty)",
      "numberOfScannedFiles" : 313,
      "numberOfSkippedFiles" : 0,
      "numberOfFilesForIndexing" : 0,
      "numberOfFilesFullyIndexedByInfrastructureExtensions" : 0,
      "filesFullyIndexedByInfrastructureExtensions" : [ ],
      "statusTime" : 200260217,
      "totalOneThreadTimeWithPauses" : 331577992,
      "iterationAndScannersApplicationTime" : 345859,
      "filesCheckTime" : 331179688,
      "timeProcessingUpToDateFiles" : 127442194,
      "timeUpdatingContentLessIndexes" : 0,
      "timeIndexingWithoutContentViaInfrastructureExtension" : 0,
      "roots" : [ ]
    }, {
      "providerName" : "External roots from entity (empty; empty; phpstorm-meta; empty)",
      "numberOfScannedFiles" : 1,
      "numberOfSkippedFiles" : 0,
      "numberOfFilesForIndexing" : 0,
      "numberOfFilesFullyIndexedByInfrastructureExtensions" : 0,
      "filesFullyIndexedByInfrastructureExtensions" : [ ],
      "statusTime" : 1401088,
      "totalOneThreadTimeWithPauses" : 2442978,
      "iterationAndScannersApplicationTime" : 66371,
      "filesCheckTime" : 2277818,
      "timeProcessingUpToDateFiles" : 158811,
      "timeUpdatingContentLessIndexes" : 0,
      "timeIndexingWithoutContentViaInfrastructureExtension" : 0,
      "roots" : [ ]
    } ]
  }
}