{
  "appInfo" : {
    "build" : "233.11799.241",
    "buildDate" : "2023-12-02T05:05:00Z[UTC]",
    "productCode" : "IU",
    "generated" : "2024-01-07T19:20:07.722985Z",
    "os" : "macOS 13.6",
    "runtime" : "JetBrains s.r.o. 17.0.9 17.0.9+7-b1087.7"
  },
  "runtimeInfo" : {
    "maxMemory" : 3170893824,
    "numberOfProcessors" : 4,
    "maxNumberOfIndexingThreads" : 3,
    "maxSizeOfFileForIntelliSense" : 2560000,
    "maxSizeOfFileForContentLoading" : 20971520
  },
  "type" : "DumbIndexing",
  "projectIndexingActivityHistory" : {
    "projectName" : "EventPod",
    "times" : {
      "scanningIds" : [ ],
      "contentLoadingVisibleTime" : 1003196,
      "retrievingChangedDuringIndexingFilesTime" : 43689,
      "separateApplyingIndexesVisibleTime" : 497661,
      "updatingStart" : "2024-01-07T19:20:07.610551Z",
      "updatingEnd" : "2024-01-07T19:20:07.625829Z",
      "totalWallTimeWithPauses" : 15285317,
      "wallTimeOnPause" : 0,
      "wasInterrupted" : false,
      "dumbModeStart" : "2024-01-07T19:20:07.610551Z",
      "dumbWallTimeWithoutPauses" : 15285317,
      "dumbWallTimeWithPauses" : 15285317,
      "totalWallTimeWithoutPauses" : 15285317
    },
    "fileCount" : {
      "numberOfChangedDuringIndexingFiles" : 33,
      "numberOfFilesIndexedByInfrastructureExtensionsDuringIndexingStage" : 0,
      "numberOfFilesIndexedWithLoadingContent" : 33,
      "numberOfNothingToWriteFiles" : 0
    },
    "totalStatsPerFileType" : [ {
      "fileType" : "UNKNOWN",
      "partOfTotalProcessingTime" : {
        "part" : 13958229,
        "total" : 13958229
      },
      "partOfTotalContentLoadingTime" : {
        "part" : 1041536,
        "total" : 1041536
      },
      "totalNumberOfFiles" : 33,
      "totalFilesSize" : 0,
      "totalProcessingSpeed" : {
        "totalBytes" : 0,
        "totalCpuTime" : 13958229
      },
      "biggestContributors" : [ {
        "providerName" : "Refreshed files",
        "numberOfFiles" : 33,
        "totalFilesSize" : 0,
        "partOfTotalProcessingTimeOfThisFileType" : {
          "part" : 13958229,
          "total" : 13958229
        }
      } ]
    } ],
    "totalStatsPerBaseLanguage" : [ ],
    "totalStatsPerIndexer" : [ ],
    "statisticsOfChangedDuringIndexingFiles" : {
      "numberOfFiles" : 33,
      "retrievingTime" : 43689
    },
    "fileProviderStatistics" : [ {
      "providerName" : "Refreshed files",
      "totalNumberOfIndexedFiles" : 33,
      "totalNumberOfFilesFullyIndexedByExtensions" : 0,
      "totalNumberOfNothingToWriteFiles" : 0,
      "totalIndexingVisibleTime" : 13444420,
      "contentLoadingVisibleTime" : 1003196,
      "numberOfTooLargeForIndexingFiles" : 0,
      "slowIndexedFiles" : [ ],
      "filesFullyIndexedByExtensions" : [ ],
      "separateApplyingIndexesVisibleTime" : 497661
    } ],
    "visibleTimeToAllThreadTimeRatio" : 0.9631895278405305
  }
}