{
  "appInfo" : {
    "build" : "233.11799.241",
    "buildDate" : "2023-12-02T05:05:00Z[UTC]",
    "productCode" : "IU",
    "generated" : "2024-01-07T17:38:11.054652Z",
    "os" : "macOS 13.6",
    "runtime" : "JetBrains s.r.o. 17.0.9 17.0.9+7-b1087.7"
  },
  "runtimeInfo" : {
    "maxMemory" : 3170893824,
    "numberOfProcessors" : 4,
    "maxNumberOfIndexingThreads" : 3,
    "maxSizeOfFileForIntelliSense" : 2560000,
    "maxSizeOfFileForContentLoading" : 20971520
  },
  "type" : "DumbIndexing",
  "projectIndexingActivityHistory" : {
    "projectName" : "EventPod",
    "times" : {
      "scanningIds" : [ 5 ],
      "contentLoadingVisibleTime" : 79198044,
      "retrievingChangedDuringIndexingFilesTime" : 47007,
      "separateApplyingIndexesVisibleTime" : 952056332,
      "updatingStart" : "2024-01-07T17:38:07.154872Z",
      "updatingEnd" : "2024-01-07T17:38:11.053764Z",
      "totalWallTimeWithPauses" : 3898794168,
      "wallTimeOnPause" : 0,
      "wasInterrupted" : false,
      "dumbModeStart" : "2024-01-07T17:38:07.154872Z",
      "dumbWallTimeWithoutPauses" : 3898794168,
      "dumbWallTimeWithPauses" : 3898794168,
      "totalWallTimeWithoutPauses" : 3898794168
    },
    "fileCount" : {
      "numberOfChangedDuringIndexingFiles" : 0,
      "numberOfFilesIndexedByInfrastructureExtensionsDuringIndexingStage" : 0,
      "numberOfFilesIndexedWithLoadingContent" : 162,
      "numberOfNothingToWriteFiles" : 0
    },
    "totalStatsPerFileType" : [ {
      "fileType" : "Dart",
      "partOfTotalProcessingTime" : {
        "part" : 10437728531,
        "total" : 11205711461
      },
      "partOfTotalContentLoadingTime" : {
        "part" : 216972697,
        "total" : 228239985
      },
      "totalNumberOfFiles" : 155,
      "totalFilesSize" : 597585,
      "totalProcessingSpeed" : {
        "totalBytes" : 597585,
        "totalCpuTime" : 10437728531
      },
      "biggestContributors" : [ {
        "providerName" : "Library Dart Packages (#30 class roots, #0 source roots)",
        "numberOfFiles" : 142,
        "totalFilesSize" : 584415,
        "partOfTotalProcessingTimeOfThisFileType" : {
          "part" : 8587539461,
          "total" : 10437728531
        }
      }, {
        "providerName" : "Module 'EventPod' (all roots)",
        "numberOfFiles" : 13,
        "totalFilesSize" : 13170,
        "partOfTotalProcessingTimeOfThisFileType" : {
          "part" : 1850189070,
          "total" : 10437728531
        }
      } ]
    }, {
      "fileType" : "Markdown",
      "partOfTotalProcessingTime" : {
        "part" : 668974046,
        "total" : 11205711461
      },
      "partOfTotalContentLoadingTime" : {
        "part" : 5125013,
        "total" : 228239985
      },
      "totalNumberOfFiles" : 2,
      "totalFilesSize" : 1323,
      "totalProcessingSpeed" : {
        "totalBytes" : 1323,
        "totalCpuTime" : 668974046
      },
      "biggestContributors" : [ {
        "providerName" : "Module 'EventPod' (all roots)",
        "numberOfFiles" : 2,
        "totalFilesSize" : 1323,
        "partOfTotalProcessingTimeOfThisFileType" : {
          "part" : 668974046,
          "total" : 668974046
        }
      } ]
    }, {
      "fileType" : "YAML",
      "partOfTotalProcessingTime" : {
        "part" : 72011551,
        "total" : 11205711461
      },
      "partOfTotalContentLoadingTime" : {
        "part" : 1466037,
        "total" : 228239985
      },
      "totalNumberOfFiles" : 3,
      "totalFilesSize" : 7259,
      "totalProcessingSpeed" : {
        "totalBytes" : 7259,
        "totalCpuTime" : 72011551
      },
      "biggestContributors" : [ {
        "providerName" : "Module 'EventPod' (all roots)",
        "numberOfFiles" : 3,
        "totalFilesSize" : 7259,
        "partOfTotalProcessingTimeOfThisFileType" : {
          "part" : 72011551,
          "total" : 72011551
        }
      } ]
    }, {
      "fileType" : "PLAIN_TEXT",
      "partOfTotalProcessingTime" : {
        "part" : 19438297,
        "total" : 11205711461
      },
      "partOfTotalContentLoadingTime" : {
        "part" : 4523301,
        "total" : 228239985
      },
      "totalNumberOfFiles" : 1,
      "totalFilesSize" : 11353,
      "totalProcessingSpeed" : {
        "totalBytes" : 11353,
        "totalCpuTime" : 19438297
      },
      "biggestContributors" : [ {
        "providerName" : "Module 'EventPod' (all roots)",
        "numberOfFiles" : 1,
        "totalFilesSize" : 11353,
        "partOfTotalProcessingTimeOfThisFileType" : {
          "part" : 19438297,
          "total" : 19438297
        }
      } ]
    }, {
      "fileType" : "GitIgnore file",
      "partOfTotalProcessingTime" : {
        "part" : 7559036,
        "total" : 11205711461
      },
      "partOfTotalContentLoadingTime" : {
        "part" : 152937,
        "total" : 228239985
      },
      "totalNumberOfFiles" : 1,
      "totalFilesSize" : 9,
      "totalProcessingSpeed" : {
        "totalBytes" : 9,
        "totalCpuTime" : 7559036
      },
      "biggestContributors" : [ {
        "providerName" : "Module 'EventPod' (all roots)",
        "numberOfFiles" : 1,
        "totalFilesSize" : 9,
        "partOfTotalProcessingTimeOfThisFileType" : {
          "part" : 7559036,
          "total" : 7559036
        }
      } ]
    } ],
    "totalStatsPerBaseLanguage" : [ {
      "language" : "Dart",
      "partOfTotalProcessingTime" : {
        "part" : 10437728531,
        "total" : 11205711461
      },
      "partOfTotalContentLoadingTime" : {
        "part" : 445212682,
        "total" : 228239985
      },
      "totalNumberOfFiles" : 155,
      "totalFilesSize" : 597585,
      "totalProcessingSpeed" : {
        "totalBytes" : 597585,
        "totalCpuTime" : 10437728531
      }
    }, {
      "language" : "Markdown",
      "partOfTotalProcessingTime" : {
        "part" : 668974046,
        "total" : 11205711461
      },
      "partOfTotalContentLoadingTime" : {
        "part" : 233364998,
        "total" : 228239985
      },
      "totalNumberOfFiles" : 2,
      "totalFilesSize" : 1323,
      "totalProcessingSpeed" : {
        "totalBytes" : 1323,
        "totalCpuTime" : 668974046
      }
    }, {
      "language" : "yaml",
      "partOfTotalProcessingTime" : {
        "part" : 72011551,
        "total" : 11205711461
      },
      "partOfTotalContentLoadingTime" : {
        "part" : 229706022,
        "total" : 228239985
      },
      "totalNumberOfFiles" : 3,
      "totalFilesSize" : 7259,
      "totalProcessingSpeed" : {
        "totalBytes" : 7259,
        "totalCpuTime" : 72011551
      }
    }, {
      "language" : "TEXT",
      "partOfTotalProcessingTime" : {
        "part" : 19438297,
        "total" : 11205711461
      },
      "partOfTotalContentLoadingTime" : {
        "part" : 232763286,
        "total" : 228239985
      },
      "totalNumberOfFiles" : 1,
      "totalFilesSize" : 11353,
      "totalProcessingSpeed" : {
        "totalBytes" : 11353,
        "totalCpuTime" : 19438297
      }
    }, {
      "language" : "GitIgnore",
      "partOfTotalProcessingTime" : {
        "part" : 7559036,
        "total" : 11205711461
      },
      "partOfTotalContentLoadingTime" : {
        "part" : 228392922,
        "total" : 228239985
      },
      "totalNumberOfFiles" : 1,
      "totalFilesSize" : 9,
      "totalProcessingSpeed" : {
        "totalBytes" : 9,
        "totalCpuTime" : 7559036
      }
    }, {
      "language" : "IgnoreLang",
      "partOfTotalProcessingTime" : {
        "part" : 7559036,
        "total" : 11205711461
      },
      "partOfTotalContentLoadingTime" : {
        "part" : 228392922,
        "total" : 228239985
      },
      "totalNumberOfFiles" : 1,
      "totalFilesSize" : 9,
      "totalProcessingSpeed" : {
        "totalBytes" : 9,
        "totalCpuTime" : 7559036
      }
    } ],
    "totalStatsPerIndexer" : [ {
      "indexId" : "DartPathIndex",
      "partOfTotalIndexingTime" : {
        "part" : 4626511032,
        "total" : 5795205668
      },
      "totalNumberOfFiles" : 155,
      "totalNumberOfFilesIndexedByExtensions" : 0,
      "totalFilesSize" : 597585,
      "indexValueChangerEvaluationSpeed" : {
        "totalBytes" : 597585,
        "totalCpuTime" : 4626511032
      }
    }, {
      "indexId" : "Stubs",
      "partOfTotalIndexingTime" : {
        "part" : 628438374,
        "total" : 5795205668
      },
      "totalNumberOfFiles" : 2,
      "totalNumberOfFilesIndexedByExtensions" : 0,
      "totalFilesSize" : 1323,
      "indexValueChangerEvaluationSpeed" : {
        "totalBytes" : 1323,
        "totalCpuTime" : 628438374
      }
    }, {
      "indexId" : "DartImportIndex",
      "partOfTotalIndexingTime" : {
        "part" : 144868834,
        "total" : 5795205668
      },
      "totalNumberOfFiles" : 155,
      "totalNumberOfFilesIndexedByExtensions" : 0,
      "totalFilesSize" : 597585,
      "indexValueChangerEvaluationSpeed" : {
        "totalBytes" : 597585,
        "totalCpuTime" : 144868834
      }
    }, {
      "indexId" : "Trigram.Index",
      "partOfTotalIndexingTime" : {
        "part" : 136885503,
        "total" : 5795205668
      },
      "totalNumberOfFiles" : 162,
      "totalNumberOfFilesIndexedByExtensions" : 0,
      "totalFilesSize" : 617529,
      "indexValueChangerEvaluationSpeed" : {
        "totalBytes" : 617529,
        "totalCpuTime" : 136885503
      }
    }, {
      "indexId" : "IdIndex",
      "partOfTotalIndexingTime" : {
        "part" : 124155249,
        "total" : 5795205668
      },
      "totalNumberOfFiles" : 162,
      "totalNumberOfFilesIndexedByExtensions" : 0,
      "totalFilesSize" : 617529,
      "indexValueChangerEvaluationSpeed" : {
        "totalBytes" : 617529,
        "totalCpuTime" : 124155249
      }
    }, {
      "indexId" : "DartSymbolIndex",
      "partOfTotalIndexingTime" : {
        "part" : 39623688,
        "total" : 5795205668
      },
      "totalNumberOfFiles" : 155,
      "totalNumberOfFilesIndexedByExtensions" : 0,
      "totalFilesSize" : 597585,
      "indexValueChangerEvaluationSpeed" : {
        "totalBytes" : 597585,
        "totalCpuTime" : 39623688
      }
    }, {
      "indexId" : "DartLibraryIndex",
      "partOfTotalIndexingTime" : {
        "part" : 35215990,
        "total" : 5795205668
      },
      "totalNumberOfFiles" : 155,
      "totalNumberOfFilesIndexedByExtensions" : 0,
      "totalFilesSize" : 597585,
      "indexValueChangerEvaluationSpeed" : {
        "totalBytes" : 597585,
        "totalCpuTime" : 35215990
      }
    }, {
      "indexId" : "DartComponentIndex",
      "partOfTotalIndexingTime" : {
        "part" : 29932953,
        "total" : 5795205668
      },
      "totalNumberOfFiles" : 155,
      "totalNumberOfFilesIndexedByExtensions" : 0,
      "totalFilesSize" : 597585,
      "indexValueChangerEvaluationSpeed" : {
        "totalBytes" : 597585,
        "totalCpuTime" : 29932953
      }
    }, {
      "indexId" : "DartClassIndex",
      "partOfTotalIndexingTime" : {
        "part" : 17398444,
        "total" : 5795205668
      },
      "totalNumberOfFiles" : 155,
      "totalNumberOfFilesIndexedByExtensions" : 0,
      "totalFilesSize" : 597585,
      "indexValueChangerEvaluationSpeed" : {
        "totalBytes" : 597585,
        "totalCpuTime" : 17398444
      }
    }, {
      "indexId" : "yaml.keys.name",
      "partOfTotalIndexingTime" : {
        "part" : 8934438,
        "total" : 5795205668
      },
      "totalNumberOfFiles" : 3,
      "totalNumberOfFilesIndexedByExtensions" : 0,
      "totalFilesSize" : 7259,
      "indexValueChangerEvaluationSpeed" : {
        "totalBytes" : 7259,
        "totalCpuTime" : 8934438
      }
    }, {
      "indexId" : "OpenapiSpecificationContentIndexer",
      "partOfTotalIndexingTime" : {
        "part" : 2362449,
        "total" : 5795205668
      },
      "totalNumberOfFiles" : 3,
      "totalNumberOfFilesIndexedByExtensions" : 0,
      "totalFilesSize" : 7259,
      "indexValueChangerEvaluationSpeed" : {
        "totalBytes" : 7259,
        "totalCpuTime" : 2362449
      }
    }, {
      "indexId" : "SwReferencesIndex",
      "partOfTotalIndexingTime" : {
        "part" : 517078,
        "total" : 5795205668
      },
      "totalNumberOfFiles" : 3,
      "totalNumberOfFilesIndexedByExtensions" : 0,
      "totalFilesSize" : 7259,
      "indexValueChangerEvaluationSpeed" : {
        "totalBytes" : 7259,
        "totalCpuTime" : 517078
      }
    }, {
      "indexId" : "docker.compose.services",
      "partOfTotalIndexingTime" : {
        "part" : 197927,
        "total" : 5795205668
      },
      "totalNumberOfFiles" : 3,
      "totalNumberOfFilesIndexedByExtensions" : 0,
      "totalFilesSize" : 7259,
      "indexValueChangerEvaluationSpeed" : {
        "totalBytes" : 7259,
        "totalCpuTime" : 197927
      }
    }, {
      "indexId" : "FrameworkDetectionIndex",
      "partOfTotalIndexingTime" : {
        "part" : 163709,
        "total" : 5795205668
      },
      "totalNumberOfFiles" : 3,
      "totalNumberOfFilesIndexedByExtensions" : 0,
      "totalFilesSize" : 7259,
      "indexValueChangerEvaluationSpeed" : {
        "totalBytes" : 7259,
        "totalCpuTime" : 163709
      }
    } ],
    "statisticsOfChangedDuringIndexingFiles" : {
      "numberOfFiles" : 0,
      "retrievingTime" : 47007
    },
    "fileProviderStatistics" : [ {
      "providerName" : "Library Dart Packages (#30 class roots, #0 source roots)",
      "totalNumberOfIndexedFiles" : 142,
      "totalNumberOfFilesFullyIndexedByExtensions" : 0,
      "totalNumberOfNothingToWriteFiles" : 0,
      "totalIndexingVisibleTime" : 2979829908,
      "contentLoadingVisibleTime" : 71028607,
      "numberOfTooLargeForIndexingFiles" : 0,
      "slowIndexedFiles" : [ {
        "fileName" : "common.dart",
        "processingTime" : 619321777,
        "evaluationOfIndexValueChangerTime" : 215670947,
        "contentLoadingTime" : 25583102
      } ],
      "filesFullyIndexedByExtensions" : [ ],
      "separateApplyingIndexesVisibleTime" : 910425443
    }, {
      "providerName" : "Module 'EventPod' (all roots)",
      "totalNumberOfIndexedFiles" : 20,
      "totalNumberOfFilesFullyIndexedByExtensions" : 0,
      "totalNumberOfNothingToWriteFiles" : 0,
      "totalIndexingVisibleTime" : 908491572,
      "contentLoadingVisibleTime" : 8169437,
      "numberOfTooLargeForIndexingFiles" : 0,
      "slowIndexedFiles" : [ {
        "fileName" : "container_initializer.dart",
        "processingTime" : 537555310,
        "evaluationOfIndexValueChangerTime" : 1739302,
        "contentLoadingTime" : 455192
      }, {
        "fileName" : "module_widget.dart",
        "processingTime" : 539337742,
        "evaluationOfIndexValueChangerTime" : 537888610,
        "contentLoadingTime" : 220302
      }, {
        "fileName" : "event.dart",
        "processingTime" : 651495414,
        "evaluationOfIndexValueChangerTime" : 5119293,
        "contentLoadingTime" : 135856
      } ],
      "filesFullyIndexedByExtensions" : [ ],
      "separateApplyingIndexesVisibleTime" : 41630889
    }, {
      "providerName" : "Refreshed files",
      "totalNumberOfIndexedFiles" : 0,
      "totalNumberOfFilesFullyIndexedByExtensions" : 0,
      "totalNumberOfNothingToWriteFiles" : 0,
      "totalIndexingVisibleTime" : 0,
      "contentLoadingVisibleTime" : 0,
      "numberOfTooLargeForIndexingFiles" : 0,
      "slowIndexedFiles" : [ ],
      "filesFullyIndexedByExtensions" : [ ],
      "separateApplyingIndexesVisibleTime" : 0
    } ],
    "visibleTimeToAllThreadTimeRatio" : 0.0
  }
}