{
  "appInfo" : {
    "build" : "233.11799.241",
    "buildDate" : "2023-12-02T05:05:00Z[UTC]",
    "productCode" : "IU",
    "generated" : "2024-01-07T23:38:12.333035Z",
    "os" : "macOS 13.6",
    "runtime" : "JetBrains s.r.o. 17.0.9 17.0.9+7-b1087.7"
  },
  "runtimeInfo" : {
    "maxMemory" : 3170893824,
    "numberOfProcessors" : 4,
    "maxNumberOfIndexingThreads" : 3,
    "maxSizeOfFileForIntelliSense" : 2560000,
    "maxSizeOfFileForContentLoading" : 20971520
  },
  "type" : "DumbIndexing",
  "projectIndexingActivityHistory" : {
    "projectName" : "EventPod",
    "times" : {
      "scanningIds" : [ 17 ],
      "contentLoadingVisibleTime" : 31796466,
      "retrievingChangedDuringIndexingFilesTime" : 17927,
      "separateApplyingIndexesVisibleTime" : 56130356,
      "updatingStart" : "2024-01-07T23:38:12.079609Z",
      "updatingEnd" : "2024-01-07T23:38:12.320978Z",
      "totalWallTimeWithPauses" : 241365375,
      "wallTimeOnPause" : 0,
      "wasInterrupted" : false,
      "dumbModeStart" : "2024-01-07T23:38:12.079609Z",
      "dumbWallTimeWithoutPauses" : 241365375,
      "dumbWallTimeWithPauses" : 241365375,
      "totalWallTimeWithoutPauses" : 241365375
    },
    "fileCount" : {
      "numberOfChangedDuringIndexingFiles" : 0,
      "numberOfFilesIndexedByInfrastructureExtensionsDuringIndexingStage" : 0,
      "numberOfFilesIndexedWithLoadingContent" : 72,
      "numberOfNothingToWriteFiles" : 0
    },
    "totalStatsPerFileType" : [ {
      "fileType" : "Dart",
      "partOfTotalProcessingTime" : {
        "part" : 603782682,
        "total" : 618520348
      },
      "partOfTotalContentLoadingTime" : {
        "part" : 84028305,
        "total" : 86864617
      },
      "totalNumberOfFiles" : 69,
      "totalFilesSize" : 175089,
      "totalProcessingSpeed" : {
        "totalBytes" : 175089,
        "totalCpuTime" : 603782682
      },
      "biggestContributors" : [ {
        "providerName" : "Library Dart Packages (#27 class roots, #0 source roots)",
        "numberOfFiles" : 69,
        "totalFilesSize" : 175089,
        "partOfTotalProcessingTimeOfThisFileType" : {
          "part" : 603782682,
          "total" : 603782682
        }
      } ]
    }, {
      "fileType" : "YAML",
      "partOfTotalProcessingTime" : {
        "part" : 14737666,
        "total" : 618520348
      },
      "partOfTotalContentLoadingTime" : {
        "part" : 2836312,
        "total" : 86864617
      },
      "totalNumberOfFiles" : 3,
      "totalFilesSize" : 2924,
      "totalProcessingSpeed" : {
        "totalBytes" : 2924,
        "totalCpuTime" : 14737666
      },
      "biggestContributors" : [ {
        "providerName" : "Library Dart Packages (#27 class roots, #0 source roots)",
        "numberOfFiles" : 3,
        "totalFilesSize" : 2924,
        "partOfTotalProcessingTimeOfThisFileType" : {
          "part" : 14737666,
          "total" : 14737666
        }
      } ]
    } ],
    "totalStatsPerBaseLanguage" : [ {
      "language" : "Dart",
      "partOfTotalProcessingTime" : {
        "part" : 603782682,
        "total" : 618520348
      },
      "partOfTotalContentLoadingTime" : {
        "part" : 170892922,
        "total" : 86864617
      },
      "totalNumberOfFiles" : 69,
      "totalFilesSize" : 175089,
      "totalProcessingSpeed" : {
        "totalBytes" : 175089,
        "totalCpuTime" : 603782682
      }
    }, {
      "language" : "yaml",
      "partOfTotalProcessingTime" : {
        "part" : 14737666,
        "total" : 618520348
      },
      "partOfTotalContentLoadingTime" : {
        "part" : 89700929,
        "total" : 86864617
      },
      "totalNumberOfFiles" : 3,
      "totalFilesSize" : 2924,
      "totalProcessingSpeed" : {
        "totalBytes" : 2924,
        "totalCpuTime" : 14737666
      }
    } ],
    "totalStatsPerIndexer" : [ {
      "indexId" : "DartPathIndex",
      "partOfTotalIndexingTime" : {
        "part" : 234591752,
        "total" : 314459663
      },
      "totalNumberOfFiles" : 69,
      "totalNumberOfFilesIndexedByExtensions" : 0,
      "totalFilesSize" : 175089,
      "indexValueChangerEvaluationSpeed" : {
        "totalBytes" : 175089,
        "totalCpuTime" : 234591752
      }
    }, {
      "indexId" : "IdIndex",
      "partOfTotalIndexingTime" : {
        "part" : 31415824,
        "total" : 314459663
      },
      "totalNumberOfFiles" : 72,
      "totalNumberOfFilesIndexedByExtensions" : 0,
      "totalFilesSize" : 178013,
      "indexValueChangerEvaluationSpeed" : {
        "totalBytes" : 178013,
        "totalCpuTime" : 31415824
      }
    }, {
      "indexId" : "Trigram.Index",
      "partOfTotalIndexingTime" : {
        "part" : 12578458,
        "total" : 314459663
      },
      "totalNumberOfFiles" : 72,
      "totalNumberOfFilesIndexedByExtensions" : 0,
      "totalFilesSize" : 178013,
      "indexValueChangerEvaluationSpeed" : {
        "totalBytes" : 178013,
        "totalCpuTime" : 12578458
      }
    }, {
      "indexId" : "DartSymbolIndex",
      "partOfTotalIndexingTime" : {
        "part" : 7158060,
        "total" : 314459663
      },
      "totalNumberOfFiles" : 69,
      "totalNumberOfFilesIndexedByExtensions" : 0,
      "totalFilesSize" : 175089,
      "indexValueChangerEvaluationSpeed" : {
        "totalBytes" : 175089,
        "totalCpuTime" : 7158060
      }
    }, {
      "indexId" : "DartComponentIndex",
      "partOfTotalIndexingTime" : {
        "part" : 6747182,
        "total" : 314459663
      },
      "totalNumberOfFiles" : 69,
      "totalNumberOfFilesIndexedByExtensions" : 0,
      "totalFilesSize" : 175089,
      "indexValueChangerEvaluationSpeed" : {
        "totalBytes" : 175089,
        "totalCpuTime" : 6747182
      }
    }, {
      "indexId" : "DartImportIndex",
      "partOfTotalIndexingTime" : {
        "part" : 6437268,
        "total" : 314459663
      },
      "totalNumberOfFiles" : 69,
      "totalNumberOfFilesIndexedByExtensions" : 0,
      "totalFilesSize" : 175089,
      "indexValueChangerEvaluationSpeed" : {
        "totalBytes" : 175089,
        "totalCpuTime" : 6437268
      }
    }, {
      "indexId" : "yaml.keys.name",
      "partOfTotalIndexingTime" : {
        "part" : 4467266,
        "total" : 314459663
      },
      "totalNumberOfFiles" : 3,
      "totalNumberOfFilesIndexedByExtensions" : 0,
      "totalFilesSize" : 2924,
      "indexValueChangerEvaluationSpeed" : {
        "totalBytes" : 2924,
        "totalCpuTime" : 4467266
      }
    }, {
      "indexId" : "DartClassIndex",
      "partOfTotalIndexingTime" : {
        "part" : 4250218,
        "total" : 314459663
      },
      "totalNumberOfFiles" : 69,
      "totalNumberOfFilesIndexedByExtensions" : 0,
      "totalFilesSize" : 175089,
      "indexValueChangerEvaluationSpeed" : {
        "totalBytes" : 175089,
        "totalCpuTime" : 4250218
      }
    }, {
      "indexId" : "DartLibraryIndex",
      "partOfTotalIndexingTime" : {
        "part" : 3507908,
        "total" : 314459663
      },
      "totalNumberOfFiles" : 69,
      "totalNumberOfFilesIndexedByExtensions" : 0,
      "totalFilesSize" : 175089,
      "indexValueChangerEvaluationSpeed" : {
        "totalBytes" : 175089,
        "totalCpuTime" : 3507908
      }
    }, {
      "indexId" : "SwReferencesIndex",
      "partOfTotalIndexingTime" : {
        "part" : 3004616,
        "total" : 314459663
      },
      "totalNumberOfFiles" : 3,
      "totalNumberOfFilesIndexedByExtensions" : 0,
      "totalFilesSize" : 2924,
      "indexValueChangerEvaluationSpeed" : {
        "totalBytes" : 2924,
        "totalCpuTime" : 3004616
      }
    }, {
      "indexId" : "OpenapiSpecificationContentIndexer",
      "partOfTotalIndexingTime" : {
        "part" : 146588,
        "total" : 314459663
      },
      "totalNumberOfFiles" : 3,
      "totalNumberOfFilesIndexedByExtensions" : 0,
      "totalFilesSize" : 2924,
      "indexValueChangerEvaluationSpeed" : {
        "totalBytes" : 2924,
        "totalCpuTime" : 146588
      }
    }, {
      "indexId" : "FrameworkDetectionIndex",
      "partOfTotalIndexingTime" : {
        "part" : 86347,
        "total" : 314459663
      },
      "totalNumberOfFiles" : 3,
      "totalNumberOfFilesIndexedByExtensions" : 0,
      "totalFilesSize" : 2924,
      "indexValueChangerEvaluationSpeed" : {
        "totalBytes" : 2924,
        "totalCpuTime" : 86347
      }
    }, {
      "indexId" : "docker.compose.services",
      "partOfTotalIndexingTime" : {
        "part" : 68176,
        "total" : 314459663
      },
      "totalNumberOfFiles" : 3,
      "totalNumberOfFilesIndexedByExtensions" : 0,
      "totalFilesSize" : 2924,
      "indexValueChangerEvaluationSpeed" : {
        "totalBytes" : 2924,
        "totalCpuTime" : 68176
      }
    } ],
    "statisticsOfChangedDuringIndexingFiles" : {
      "numberOfFiles" : 0,
      "retrievingTime" : 17927
    },
    "fileProviderStatistics" : [ {
      "providerName" : "Library Dart Packages (#27 class roots, #0 source roots)",
      "totalNumberOfIndexedFiles" : 72,
      "totalNumberOfFilesFullyIndexedByExtensions" : 0,
      "totalNumberOfNothingToWriteFiles" : 0,
      "totalIndexingVisibleTime" : 226407050,
      "contentLoadingVisibleTime" : 31796466,
      "numberOfTooLargeForIndexingFiles" : 0,
      "slowIndexedFiles" : [ ],
      "filesFullyIndexedByExtensions" : [ ],
      "separateApplyingIndexesVisibleTime" : 56130356
    }, {
      "providerName" : "Refreshed files",
      "totalNumberOfIndexedFiles" : 0,
      "totalNumberOfFilesFullyIndexedByExtensions" : 0,
      "totalNumberOfNothingToWriteFiles" : 0,
      "totalIndexingVisibleTime" : 0,
      "contentLoadingVisibleTime" : 0,
      "numberOfTooLargeForIndexingFiles" : 0,
      "slowIndexedFiles" : [ ],
      "filesFullyIndexedByExtensions" : [ ],
      "separateApplyingIndexesVisibleTime" : 0
    } ],
    "visibleTimeToAllThreadTimeRatio" : 0.0
  }
}