{"reason":"Push on VFS changes","startTime":"2024-01-06T12:59:59.337136+01:00[Europe/Zagreb]","duration":229532,"isCancelled":false}
{"reason":"Push on VFS changes","startTime":"2024-01-06T13:01:37.799865+01:00[Europe/Zagreb]","duration":475933,"isCancelled":false}
{"reason":"Push on VFS changes","startTime":"2024-01-06T13:27:43.462427+01:00[Europe/Zagreb]","duration":453823,"isCancelled":false}
{"reason":"Push on VFS changes","startTime":"2024-01-06T13:31:53.065408+01:00[Europe/Zagreb]","duration":706705,"isCancelled":false}
{"reason":"Push on VFS changes","startTime":"2024-01-06T16:39:45.073474+01:00[Europe/Zagreb]","duration":633288,"isCancelled":false}
{"reason":"Push on VFS changes","startTime":"2024-01-06T16:41:00.783579+01:00[Europe/Zagreb]","duration":4669294,"isCancelled":false}
{"reason":"Push on VFS changes","startTime":"2024-01-06T16:41:40.929929+01:00[Europe/Zagreb]","duration":1765632,"isCancelled":false}
{"reason":"Push on VFS changes","startTime":"2024-01-06T17:18:01.887755+01:00[Europe/Zagreb]","duration":6016558,"isCancelled":false}
{"reason":"Push on VFS changes","startTime":"2024-01-06T17:55:35.110477+01:00[Europe/Zagreb]","duration":4104810,"isCancelled":false}
{"reason":"Push on VFS changes","startTime":"2024-01-06T18:00:13.8097+01:00[Europe/Zagreb]","duration":1238217,"isCancelled":false}
{"reason":"Push on VFS changes","startTime":"2024-01-06T18:00:15.540528+01:00[Europe/Zagreb]","duration":21870701,"isCancelled":false}
{"reason":"Push on VFS changes","startTime":"2024-01-06T18:01:50.704963+01:00[Europe/Zagreb]","duration":400373,"isCancelled":false}
{"reason":"Push on VFS changes","startTime":"2024-01-06T18:02:45.396472+01:00[Europe/Zagreb]","duration":1209054,"isCancelled":false}
{"reason":"Push on VFS changes","startTime":"2024-01-06T18:09:24.588165+01:00[Europe/Zagreb]","duration":1607778,"isCancelled":false}
{"reason":"Push on VFS changes","startTime":"2024-01-06T18:39:18.781978+01:00[Europe/Zagreb]","duration":437916,"isCancelled":false}
{"reason":"Push on VFS changes","startTime":"2024-01-06T19:04:45.029263+01:00[Europe/Zagreb]","duration":188423,"isCancelled":false}
{"reason":"Push on VFS changes","startTime":"2024-01-06T19:32:12.82943+01:00[Europe/Zagreb]","duration":4932257,"isCancelled":false}
{"reason":"Push on VFS changes","startTime":"2024-01-06T21:44:26.155202+01:00[Europe/Zagreb]","duration":1462430,"isCancelled":false}
{"reason":"Push on VFS changes","startTime":"2024-01-06T22:38:50.96007+01:00[Europe/Zagreb]","duration":1765949,"isCancelled":false}
{"reason":"Push on VFS changes","startTime":"2024-01-06T23:30:58.298346+01:00[Europe/Zagreb]","duration":725053,"isCancelled":false}
{"reason":"Push on VFS changes","startTime":"2024-01-07T00:27:07.489706+01:00[Europe/Zagreb]","duration":8664659,"isCancelled":false}
{"reason":"Push on VFS changes","startTime":"2024-01-07T00:39:01.789107+01:00[Europe/Zagreb]","duration":5091217,"isCancelled":false}
{"reason":"Push on VFS changes","startTime":"2024-01-07T02:33:53.376207+01:00[Europe/Zagreb]","duration":481836,"isCancelled":false}
{"reason":"Push on VFS changes","startTime":"2024-01-07T03:37:35.369223+01:00[Europe/Zagreb]","duration":5034552,"isCancelled":false}
{"reason":"Push on VFS changes","startTime":"2024-01-07T17:41:10.134636+01:00[Europe/Zagreb]","duration":1440093,"isCancelled":false}
{"reason":"Push on VFS changes","startTime":"2024-01-07T18:54:37.187493+01:00[Europe/Zagreb]","duration":489375,"isCancelled":false}
{"reason":"Push on VFS changes","startTime":"2024-01-07T18:56:00.071952+01:00[Europe/Zagreb]","duration":3309963,"isCancelled":false}
{"reason":"Push on VFS changes","startTime":"2024-01-07T18:56:04.806761+01:00[Europe/Zagreb]","duration":732625,"isCancelled":false}
{"reason":"Push on VFS changes","startTime":"2024-01-07T19:38:07.79203+01:00[Europe/Zagreb]","duration":1001845,"isCancelled":false}
{"reason":"Push on VFS changes","startTime":"2024-01-07T20:14:29.27345+01:00[Europe/Zagreb]","duration":615509,"isCancelled":false}
{"reason":"Push on VFS changes","startTime":"2024-01-07T20:18:50.597796+01:00[Europe/Zagreb]","duration":406259,"isCancelled":false}
{"reason":"Push on VFS changes","startTime":"2024-01-07T20:20:07.30861+01:00[Europe/Zagreb]","duration":253717,"isCancelled":false}
{"reason":"Push on VFS changes","startTime":"2024-01-07T20:20:45.909235+01:00[Europe/Zagreb]","duration":4293559,"isCancelled":false}
{"reason":"Push on VFS changes","startTime":"2024-01-07T20:23:33.528767+01:00[Europe/Zagreb]","duration":412859,"isCancelled":false}
{"reason":"Push on VFS changes","startTime":"2024-01-07T20:24:52.581379+01:00[Europe/Zagreb]","duration":1188872,"isCancelled":false}
{"reason":"Push on VFS changes","startTime":"2024-01-07T20:26:46.115022+01:00[Europe/Zagreb]","duration":640621,"isCancelled":false}
{"reason":"Push on VFS changes","startTime":"2024-01-07T20:32:21.614972+01:00[Europe/Zagreb]","duration":2249682,"isCancelled":false}
{"reason":"Push on VFS changes","startTime":"2024-01-07T20:45:54.705066+01:00[Europe/Zagreb]","duration":866566,"isCancelled":false}
{"reason":"Push on VFS changes","startTime":"2024-01-07T20:46:59.801682+01:00[Europe/Zagreb]","duration":873831,"isCancelled":false}
{"reason":"Push on VFS changes","startTime":"2024-01-07T20:48:20.452312+01:00[Europe/Zagreb]","duration":1021908,"isCancelled":false}
{"reason":"Push on VFS changes","startTime":"2024-01-07T20:49:46.527971+01:00[Europe/Zagreb]","duration":673123,"isCancelled":false}
{"reason":"Push on VFS changes","startTime":"2024-01-07T20:59:23.289394+01:00[Europe/Zagreb]","duration":146908,"isCancelled":false}
{"reason":"Push on VFS changes","startTime":"2024-01-07T21:10:50.638414+01:00[Europe/Zagreb]","duration":12662585,"isCancelled":false}
{"reason":"Push on VFS changes","startTime":"2024-01-07T21:43:54.279012+01:00[Europe/Zagreb]","duration":4370059,"isCancelled":false}
{"reason":"Push on VFS changes","startTime":"2024-01-07T23:27:10.21879+01:00[Europe/Zagreb]","duration":3370595,"isCancelled":false}
{"reason":"Push on VFS changes","startTime":"2024-01-07T23:27:18.557071+01:00[Europe/Zagreb]","duration":524320,"isCancelled":false}
{"reason":"Push on VFS changes","startTime":"2024-01-07T23:32:55.437998+01:00[Europe/Zagreb]","duration":4194386,"isCancelled":false}
{"reason":"Push on VFS changes","startTime":"2024-01-07T23:34:46.409622+01:00[Europe/Zagreb]","duration":348010,"isCancelled":false}
{"reason":"Push on VFS changes","startTime":"2024-01-07T23:36:54.476345+01:00[Europe/Zagreb]","duration":7297008,"isCancelled":false}
{"reason":"Push on VFS changes","startTime":"2024-01-07T23:37:00.492567+01:00[Europe/Zagreb]","duration":2715515,"isCancelled":false}
{"reason":"Push on VFS changes","startTime":"2024-01-07T23:37:11.093241+01:00[Europe/Zagreb]","duration":1329430,"isCancelled":false}
{"reason":"Push on VFS changes","startTime":"2024-01-07T23:38:22.478536+01:00[Europe/Zagreb]","duration":9007594,"isCancelled":false}
{"reason":"Push on VFS changes","startTime":"2024-01-07T23:38:33.145317+01:00[Europe/Zagreb]","duration":2961569,"isCancelled":false}
{"reason":"Push on VFS changes","startTime":"2024-01-08T00:07:56.71307+01:00[Europe/Zagreb]","duration":1271418,"isCancelled":false}
{"reason":"Push on VFS changes","startTime":"2024-01-08T00:30:16.281546+01:00[Europe/Zagreb]","duration":1889459,"isCancelled":false}
{"reason":"Push on VFS changes","startTime":"2024-01-08T00:38:10.750934+01:00[Europe/Zagreb]","duration":780401,"isCancelled":false}
{"reason":"Push on VFS changes","startTime":"2024-01-08T00:42:24.588823+01:00[Europe/Zagreb]","duration":351777,"isCancelled":false}
{"reason":"Push on VFS changes","startTime":"2024-01-08T00:53:55.24721+01:00[Europe/Zagreb]","duration":2185872,"isCancelled":false}
{"reason":"Push on VFS changes","startTime":"2024-01-08T00:54:39.368754+01:00[Europe/Zagreb]","duration":1578586,"isCancelled":false}
{"reason":"Push on VFS changes","startTime":"2024-01-08T01:02:04.486692+01:00[Europe/Zagreb]","duration":9164392,"isCancelled":false}
{"reason":"Push on VFS changes","startTime":"2024-01-08T01:43:00.00702+01:00[Europe/Zagreb]","duration":16651373,"isCancelled":false}
{"reason":"Push on VFS changes","startTime":"2024-01-08T02:55:59.378146+01:00[Europe/Zagreb]","duration":13880829,"isCancelled":false}
{"reason":"Push on VFS changes","startTime":"2024-01-08T03:14:18.685117+01:00[Europe/Zagreb]","duration":715446,"isCancelled":false}
{"reason":"Push on VFS changes","startTime":"2024-01-08T03:24:10.396988+01:00[Europe/Zagreb]","duration":405654,"isCancelled":false}
{"reason":"Push on VFS changes","startTime":"2024-01-08T03:28:57.362246+01:00[Europe/Zagreb]","duration":289169,"isCancelled":false}
{"reason":"Push on VFS changes","startTime":"2024-01-08T03:33:03.66723+01:00[Europe/Zagreb]","duration":641695,"isCancelled":false}
{"reason":"Push on VFS changes","startTime":"2024-01-08T03:57:23.265565+01:00[Europe/Zagreb]","duration":995489,"isCancelled":false}
{"reason":"Push on VFS changes","startTime":"2024-01-08T04:41:15.93701+01:00[Europe/Zagreb]","duration":18082380,"isCancelled":false}
{"reason":"Push on VFS changes","startTime":"2024-01-08T12:52:55.673703+01:00[Europe/Zagreb]","duration":560567,"isCancelled":false}
