{
  "appInfo" : {
    "build" : "233.11799.241",
    "buildDate" : "2023-12-02T05:05:00Z[UTC]",
    "productCode" : "IU",
    "generated" : "2024-01-07T01:33:54.021174Z",
    "os" : "macOS 13.6",
    "runtime" : "JetBrains s.r.o. 17.0.9 17.0.9+7-b1087.7"
  },
  "runtimeInfo" : {
    "maxMemory" : 3170893824,
    "numberOfProcessors" : 4,
    "maxNumberOfIndexingThreads" : 3,
    "maxSizeOfFileForIntelliSense" : 2560000,
    "maxSizeOfFileForContentLoading" : 20971520
  },
  "type" : "DumbIndexing",
  "projectIndexingActivityHistory" : {
    "projectName" : "sportlive_monitor",
    "times" : {
      "scanningIds" : [ ],
      "contentLoadingVisibleTime" : 3120955,
      "retrievingChangedDuringIndexingFilesTime" : 628303,
      "separateApplyingIndexesVisibleTime" : 1168855,
      "updatingStart" : "2024-01-07T01:33:53.934921Z",
      "updatingEnd" : "2024-01-07T01:33:54.016811Z",
      "totalWallTimeWithPauses" : 81866811,
      "wallTimeOnPause" : 0,
      "wasInterrupted" : false,
      "dumbWallTimeWithPauses" : 81866811,
      "dumbWallTimeWithoutPauses" : 81866811,
      "dumbModeStart" : "2024-01-07T01:33:53.934921Z",
      "totalWallTimeWithoutPauses" : 81866811
    },
    "fileCount" : {
      "numberOfChangedDuringIndexingFiles" : 105,
      "numberOfFilesIndexedByInfrastructureExtensionsDuringIndexingStage" : 0,
      "numberOfFilesIndexedWithLoadingContent" : 105,
      "numberOfNothingToWriteFiles" : 0
    },
    "totalStatsPerFileType" : [ {
      "fileType" : "UNKNOWN",
      "partOfTotalProcessingTime" : {
        "part" : 139526898,
        "total" : 139526898
      },
      "partOfTotalContentLoadingTime" : {
        "part" : 5696488,
        "total" : 5696488
      },
      "totalNumberOfFiles" : 105,
      "totalFilesSize" : 0,
      "totalProcessingSpeed" : {
        "totalBytes" : 0,
        "totalCpuTime" : 139526898
      },
      "biggestContributors" : [ {
        "providerName" : "Refreshed files",
        "numberOfFiles" : 105,
        "totalFilesSize" : 0,
        "partOfTotalProcessingTimeOfThisFileType" : {
          "part" : 139526898,
          "total" : 139526898
        }
      } ]
    } ],
    "totalStatsPerBaseLanguage" : [ ],
    "totalStatsPerIndexer" : [ ],
    "statisticsOfChangedDuringIndexingFiles" : {
      "numberOfFiles" : 105,
      "retrievingTime" : 628303
    },
    "fileProviderStatistics" : [ {
      "providerName" : "Refreshed files",
      "totalNumberOfIndexedFiles" : 105,
      "totalNumberOfFilesFullyIndexedByExtensions" : 0,
      "totalNumberOfNothingToWriteFiles" : 0,
      "totalIndexingVisibleTime" : 76443096,
      "contentLoadingVisibleTime" : 3120955,
      "numberOfTooLargeForIndexingFiles" : 0,
      "slowIndexedFiles" : [ ],
      "filesFullyIndexedByExtensions" : [ ],
      "separateApplyingIndexesVisibleTime" : 1168855
    } ],
    "visibleTimeToAllThreadTimeRatio" : 0.5478735433507596
  }
}