{
  "appInfo" : {
    "build" : "233.11799.241",
    "buildDate" : "2023-12-02T05:05:00Z[UTC]",
    "productCode" : "IU",
    "generated" : "2024-01-06T11:49:19.281166Z",
    "os" : "macOS 13.6",
    "runtime" : "JetBrains s.r.o. 17.0.9 17.0.9+7-b1087.7"
  },
  "runtimeInfo" : {
    "maxMemory" : 3170893824,
    "numberOfProcessors" : 4,
    "maxNumberOfIndexingThreads" : 3,
    "maxSizeOfFileForIntelliSense" : 2560000,
    "maxSizeOfFileForContentLoading" : 20971520
  },
  "type" : "Scanning",
  "projectIndexingActivityHistory" : {
    "projectName" : "sportlive_monitor",
    "times" : {
      "scanningReason" : "changes in: \"Custom kind roots from entity (db, extensions, empty)\", \"Custom kind roots from entity (sass_functions.scss, sass_color.scss, sass_list.scss, ..., empty)\"",
      "scanningType" : "PARTIAL",
      "scanningId" : 8,
      "creatingIteratorsTime" : 1000,
      "concurrentHandlingWallTimeWithoutPauses" : 7998000,
      "concurrentHandlingWallTimeWithPauses" : 7998000,
      "concurrentHandlingSumOfThreadTimesWithPauses" : 8678509,
      "concurrentIterationAndScannersApplicationSumOfThreadTimesWithPauses" : 56404,
      "concurrentFileCheckSumOfThreadTimesWithPauses" : 8523003,
      "delayedPushPropertiesStageTime" : 5000,
      "indexExtensionsTime" : 0,
      "dumbModeStart" : "2024-01-06T11:49:19.271711Z",
      "dumbWallTimeWithPauses" : 8477000,
      "dumbWallTimeWithoutPauses" : 8477000,
      "updatingStart" : "2024-01-06T11:49:19.271427Z",
      "updatingEnd" : "2024-01-06T11:49:19.280188Z",
      "totalWallTimeWithPauses" : 8762533,
      "wallTimeOnPause" : 0,
      "wasInterrupted" : false,
      "totalWallTimeWithoutPauses" : 8762533
    },
    "fileCount" : {
      "numberOfFileProviders" : 2,
      "numberOfScannedFiles" : 34,
      "numberOfFilesIndexedByInfrastructureExtensionsDuringScan" : 0,
      "numberOfFilesScheduledForIndexingAfterScan" : 0
    },
    "scanningStatistics" : [ {
      "providerName" : "Custom kind roots from entity (db, extensions, empty)",
      "numberOfScannedFiles" : 26,
      "numberOfSkippedFiles" : 0,
      "numberOfFilesForIndexing" : 0,
      "numberOfFilesFullyIndexedByInfrastructureExtensions" : 0,
      "filesFullyIndexedByInfrastructureExtensions" : [ ],
      "statusTime" : 5414769,
      "totalOneThreadTimeWithPauses" : 7736478,
      "iterationAndScannersApplicationTime" : 39825,
      "filesCheckTime" : 7634402,
      "timeProcessingUpToDateFiles" : 1037378,
      "timeUpdatingContentLessIndexes" : 0,
      "timeIndexingWithoutContentViaInfrastructureExtension" : 0,
      "roots" : [ ]
    }, {
      "providerName" : "Custom kind roots from entity (sass_functions.scss, sass_color.scss, sass_list.scss, ..., empty)",
      "numberOfScannedFiles" : 8,
      "numberOfSkippedFiles" : 0,
      "numberOfFilesForIndexing" : 0,
      "numberOfFilesFullyIndexedByInfrastructureExtensions" : 0,
      "filesFullyIndexedByInfrastructureExtensions" : [ ],
      "statusTime" : 770922,
      "totalOneThreadTimeWithPauses" : 942031,
      "iterationAndScannersApplicationTime" : 16579,
      "filesCheckTime" : 888601,
      "timeProcessingUpToDateFiles" : 126199,
      "timeUpdatingContentLessIndexes" : 0,
      "timeIndexingWithoutContentViaInfrastructureExtension" : 0,
      "roots" : [ ]
    } ]
  }
}