{
  "appInfo" : {
    "build" : "233.11799.241",
    "buildDate" : "2023-12-02T05:05:00Z[UTC]",
    "productCode" : "IU",
    "generated" : "2024-01-06T15:39:45.42136Z",
    "os" : "macOS 13.6",
    "runtime" : "JetBrains s.r.o. 17.0.9 17.0.9+7-b1087.7"
  },
  "runtimeInfo" : {
    "maxMemory" : 3170893824,
    "numberOfProcessors" : 4,
    "maxNumberOfIndexingThreads" : 3,
    "maxSizeOfFileForIntelliSense" : 2560000,
    "maxSizeOfFileForContentLoading" : 20971520
  },
  "type" : "DumbIndexing",
  "projectIndexingActivityHistory" : {
    "projectName" : "sportlive_monitor",
    "times" : {
      "scanningIds" : [ ],
      "contentLoadingVisibleTime" : 1521663,
      "retrievingChangedDuringIndexingFilesTime" : 112699,
      "separateApplyingIndexesVisibleTime" : 387391,
      "updatingStart" : "2024-01-06T15:39:45.408199Z",
      "updatingEnd" : "2024-01-06T15:39:45.418617Z",
      "totalWallTimeWithPauses" : 10329103,
      "wallTimeOnPause" : 0,
      "wasInterrupted" : false,
      "dumbWallTimeWithPauses" : 10329103,
      "dumbWallTimeWithoutPauses" : 10329103,
      "dumbModeStart" : "2024-01-06T15:39:45.408199Z",
      "totalWallTimeWithoutPauses" : 10329103
    },
    "fileCount" : {
      "numberOfChangedDuringIndexingFiles" : 34,
      "numberOfFilesIndexedByInfrastructureExtensionsDuringIndexingStage" : 0,
      "numberOfFilesIndexedWithLoadingContent" : 34,
      "numberOfNothingToWriteFiles" : 0
    },
    "totalStatsPerFileType" : [ {
      "fileType" : "UNKNOWN",
      "partOfTotalProcessingTime" : {
        "part" : 7834494,
        "total" : 7834494
      },
      "partOfTotalContentLoadingTime" : {
        "part" : 2983715,
        "total" : 2983715
      },
      "totalNumberOfFiles" : 34,
      "totalFilesSize" : 0,
      "totalProcessingSpeed" : {
        "totalBytes" : 0,
        "totalCpuTime" : 7834494
      },
      "biggestContributors" : [ {
        "providerName" : "Refreshed files",
        "numberOfFiles" : 34,
        "totalFilesSize" : 0,
        "partOfTotalProcessingTimeOfThisFileType" : {
          "part" : 7834494,
          "total" : 7834494
        }
      } ]
    } ],
    "totalStatsPerBaseLanguage" : [ ],
    "totalStatsPerIndexer" : [ ],
    "statisticsOfChangedDuringIndexingFiles" : {
      "numberOfFiles" : 34,
      "retrievingTime" : 112699
    },
    "fileProviderStatistics" : [ {
      "providerName" : "Refreshed files",
      "totalNumberOfIndexedFiles" : 34,
      "totalNumberOfFilesFullyIndexedByExtensions" : 0,
      "totalNumberOfNothingToWriteFiles" : 0,
      "totalIndexingVisibleTime" : 3995511,
      "contentLoadingVisibleTime" : 1521663,
      "numberOfTooLargeForIndexingFiles" : 0,
      "slowIndexedFiles" : [ ],
      "filesFullyIndexedByExtensions" : [ ],
      "separateApplyingIndexesVisibleTime" : 387391
    } ],
    "visibleTimeToAllThreadTimeRatio" : 0.5099896687648239
  }
}