{
  "appInfo" : {
    "build" : "233.11799.241",
    "buildDate" : "2023-12-02T05:05:00Z[UTC]",
    "productCode" : "IU",
    "generated" : "2024-01-07T02:37:37.012033Z",
    "os" : "macOS 13.6",
    "runtime" : "JetBrains s.r.o. 17.0.9 17.0.9+7-b1087.7"
  },
  "runtimeInfo" : {
    "maxMemory" : 3170893824,
    "numberOfProcessors" : 4,
    "maxNumberOfIndexingThreads" : 3,
    "maxSizeOfFileForIntelliSense" : 2560000,
    "maxSizeOfFileForContentLoading" : 20971520
  },
  "type" : "DumbIndexing",
  "projectIndexingActivityHistory" : {
    "projectName" : "sportlive_monitor",
    "times" : {
      "scanningIds" : [ ],
      "contentLoadingVisibleTime" : 6497066,
      "retrievingChangedDuringIndexingFilesTime" : 163908,
      "separateApplyingIndexesVisibleTime" : 5576371,
      "updatingStart" : "2024-01-07T02:37:35.896448Z",
      "updatingEnd" : "2024-01-07T02:37:35.971795Z",
      "totalWallTimeWithPauses" : 75335964,
      "wallTimeOnPause" : 0,
      "wasInterrupted" : false,
      "dumbWallTimeWithPauses" : 75335964,
      "dumbWallTimeWithoutPauses" : 75335964,
      "dumbModeStart" : "2024-01-07T02:37:35.896448Z",
      "totalWallTimeWithoutPauses" : 75335964
    },
    "fileCount" : {
      "numberOfChangedDuringIndexingFiles" : 182,
      "numberOfFilesIndexedByInfrastructureExtensionsDuringIndexingStage" : 0,
      "numberOfFilesIndexedWithLoadingContent" : 182,
      "numberOfNothingToWriteFiles" : 0
    },
    "totalStatsPerFileType" : [ {
      "fileType" : "UNKNOWN",
      "partOfTotalProcessingTime" : {
        "part" : 30961574,
        "total" : 30961574
      },
      "partOfTotalContentLoadingTime" : {
        "part" : 3522962,
        "total" : 3522962
      },
      "totalNumberOfFiles" : 182,
      "totalFilesSize" : 0,
      "totalProcessingSpeed" : {
        "totalBytes" : 0,
        "totalCpuTime" : 30961574
      },
      "biggestContributors" : [ {
        "providerName" : "Refreshed files",
        "numberOfFiles" : 182,
        "totalFilesSize" : 0,
        "partOfTotalProcessingTimeOfThisFileType" : {
          "part" : 30961574,
          "total" : 30961574
        }
      } ]
    } ],
    "totalStatsPerBaseLanguage" : [ ],
    "totalStatsPerIndexer" : [ ],
    "statisticsOfChangedDuringIndexingFiles" : {
      "numberOfFiles" : 182,
      "retrievingTime" : 163908
    },
    "fileProviderStatistics" : [ {
      "providerName" : "Refreshed files",
      "totalNumberOfIndexedFiles" : 182,
      "totalNumberOfFilesFullyIndexedByExtensions" : 0,
      "totalNumberOfNothingToWriteFiles" : 0,
      "totalIndexingVisibleTime" : 57099514,
      "contentLoadingVisibleTime" : 6497066,
      "numberOfTooLargeForIndexingFiles" : 0,
      "slowIndexedFiles" : [ ],
      "filesFullyIndexedByExtensions" : [ ],
      "separateApplyingIndexesVisibleTime" : 5576371
    } ],
    "visibleTimeToAllThreadTimeRatio" : 1.844205788762548
  }
}