{
  "appInfo" : {
    "build" : "233.11799.241",
    "buildDate" : "2023-12-02T05:05:00Z[UTC]",
    "productCode" : "IU",
    "generated" : "2024-01-06T12:23:02.938124Z",
    "os" : "macOS 13.6",
    "runtime" : "JetBrains s.r.o. 17.0.9 17.0.9+7-b1087.7"
  },
  "runtimeInfo" : {
    "maxMemory" : 3170893824,
    "numberOfProcessors" : 4,
    "maxNumberOfIndexingThreads" : 3,
    "maxSizeOfFileForIntelliSense" : 2560000,
    "maxSizeOfFileForContentLoading" : 20971520
  },
  "type" : "Scanning",
  "projectIndexingActivityHistory" : {
    "projectName" : "sportlive_monitor",
    "times" : {
      "scanningReason" : "changes in: \"Library Dart Packages (#79 class roots, #0 source roots)\"",
      "scanningType" : "PARTIAL",
      "scanningId" : 17,
      "creatingIteratorsTime" : 2000,
      "concurrentHandlingWallTimeWithoutPauses" : 1293123000,
      "concurrentHandlingWallTimeWithPauses" : 1293123000,
      "concurrentHandlingSumOfThreadTimesWithPauses" : 1266026112,
      "concurrentIterationAndScannersApplicationSumOfThreadTimesWithPauses" : 701719794,
      "concurrentFileCheckSumOfThreadTimesWithPauses" : 563489926,
      "delayedPushPropertiesStageTime" : 71000,
      "indexExtensionsTime" : 35862591,
      "dumbModeStart" : "2024-01-06T12:23:01.635352Z",
      "dumbWallTimeWithPauses" : 1296106000,
      "dumbWallTimeWithoutPauses" : 1296106000,
      "updatingStart" : "2024-01-06T12:23:01.633836Z",
      "updatingEnd" : "2024-01-06T12:23:02.931458Z",
      "totalWallTimeWithPauses" : 1297534611,
      "wallTimeOnPause" : 10000,
      "wasInterrupted" : false,
      "totalWallTimeWithoutPauses" : 1297524611
    },
    "fileCount" : {
      "numberOfFileProviders" : 1,
      "numberOfScannedFiles" : 3023,
      "numberOfFilesIndexedByInfrastructureExtensionsDuringScan" : 0,
      "numberOfFilesScheduledForIndexingAfterScan" : 1398
    },
    "scanningStatistics" : [ {
      "providerName" : "Library Dart Packages (#79 class roots, #0 source roots)",
      "numberOfScannedFiles" : 3023,
      "numberOfSkippedFiles" : 0,
      "numberOfFilesForIndexing" : 1398,
      "numberOfFilesFullyIndexedByInfrastructureExtensions" : 0,
      "filesFullyIndexedByInfrastructureExtensions" : [ ],
      "statusTime" : 446779238,
      "totalOneThreadTimeWithPauses" : 1266026112,
      "iterationAndScannersApplicationTime" : 701719794,
      "filesCheckTime" : 563489926,
      "timeProcessingUpToDateFiles" : 104072031,
      "timeUpdatingContentLessIndexes" : 66567045,
      "timeIndexingWithoutContentViaInfrastructureExtension" : 35862591,
      "roots" : [ ]
    } ]
  }
}