{
  "appInfo" : {
    "build" : "233.11799.241",
    "buildDate" : "2023-12-02T05:05:00Z[UTC]",
    "productCode" : "IU",
    "generated" : "2024-01-06T17:22:46.1199Z",
    "os" : "macOS 13.6",
    "runtime" : "JetBrains s.r.o. 17.0.9 17.0.9+7-b1087.7"
  },
  "runtimeInfo" : {
    "maxMemory" : 3170893824,
    "numberOfProcessors" : 4,
    "maxNumberOfIndexingThreads" : 3,
    "maxSizeOfFileForIntelliSense" : 2560000,
    "maxSizeOfFileForContentLoading" : 20971520
  },
  "type" : "Scanning",
  "projectIndexingActivityHistory" : {
    "projectName" : "sportlive_monitor",
    "times" : {
      "scanningReason" : "changes in: \"Library Dart Packages (#93 class roots, #0 source roots)\"",
      "scanningType" : "PARTIAL",
      "scanningId" : 42,
      "creatingIteratorsTime" : 2415000,
      "concurrentHandlingWallTimeWithoutPauses" : 1140871000,
      "concurrentHandlingWallTimeWithPauses" : 1140871000,
      "concurrentHandlingSumOfThreadTimesWithPauses" : 1129231999,
      "concurrentIterationAndScannersApplicationSumOfThreadTimesWithPauses" : 352424798,
      "concurrentFileCheckSumOfThreadTimesWithPauses" : 776070156,
      "delayedPushPropertiesStageTime" : 3462000,
      "indexExtensionsTime" : 20279887,
      "dumbModeStart" : "2024-01-06T17:22:44.956213Z",
      "dumbWallTimeWithPauses" : 1158604000,
      "dumbWallTimeWithoutPauses" : 1158604000,
      "updatingStart" : "2024-01-06T17:22:44.949106Z",
      "updatingEnd" : "2024-01-06T17:22:46.114817Z",
      "totalWallTimeWithPauses" : 1165645512,
      "wallTimeOnPause" : 1994000,
      "wasInterrupted" : false,
      "totalWallTimeWithoutPauses" : 1163651512
    },
    "fileCount" : {
      "numberOfFileProviders" : 1,
      "numberOfScannedFiles" : 3478,
      "numberOfFilesIndexedByInfrastructureExtensionsDuringScan" : 0,
      "numberOfFilesScheduledForIndexingAfterScan" : 399
    },
    "scanningStatistics" : [ {
      "providerName" : "Library Dart Packages (#93 class roots, #0 source roots)",
      "numberOfScannedFiles" : 3478,
      "numberOfSkippedFiles" : 0,
      "numberOfFilesForIndexing" : 399,
      "numberOfFilesFullyIndexedByInfrastructureExtensions" : 0,
      "filesFullyIndexedByInfrastructureExtensions" : [ ],
      "statusTime" : 640977263,
      "totalOneThreadTimeWithPauses" : 1129231999,
      "iterationAndScannersApplicationTime" : 352424798,
      "filesCheckTime" : 776070156,
      "timeProcessingUpToDateFiles" : 169127605,
      "timeUpdatingContentLessIndexes" : 25227245,
      "timeIndexingWithoutContentViaInfrastructureExtension" : 20279887,
      "roots" : [ ]
    } ]
  }
}