{
  "appInfo" : {
    "build" : "233.11799.241",
    "buildDate" : "2023-12-02T05:05:00Z[UTC]",
    "productCode" : "IU",
    "generated" : "2024-01-08T03:05:50.679337Z",
    "os" : "macOS 13.6",
    "runtime" : "JetBrains s.r.o. 17.0.9 17.0.9+7-b1087.7"
  },
  "runtimeInfo" : {
    "maxMemory" : 3170893824,
    "numberOfProcessors" : 4,
    "maxNumberOfIndexingThreads" : 3,
    "maxSizeOfFileForIntelliSense" : 2560000,
    "maxSizeOfFileForContentLoading" : 20971520
  },
  "type" : "DumbIndexing",
  "projectIndexingActivityHistory" : {
    "projectName" : "sportlive_monitor",
    "times" : {
      "scanningIds" : [ ],
      "contentLoadingVisibleTime" : 1781560,
      "retrievingChangedDuringIndexingFilesTime" : 1906874,
      "separateApplyingIndexesVisibleTime" : 5087312,
      "updatingStart" : "2024-01-08T03:05:50.633103Z",
      "updatingEnd" : "2024-01-08T03:05:50.674442Z",
      "totalWallTimeWithPauses" : 41235976,
      "wallTimeOnPause" : 0,
      "wasInterrupted" : false,
      "dumbModeStart" : "2024-01-08T03:05:50.633103Z",
      "dumbWallTimeWithoutPauses" : 41235976,
      "dumbWallTimeWithPauses" : 41235976,
      "totalWallTimeWithoutPauses" : 41235976
    },
    "fileCount" : {
      "numberOfChangedDuringIndexingFiles" : 12,
      "numberOfFilesIndexedByInfrastructureExtensionsDuringIndexingStage" : 0,
      "numberOfFilesIndexedWithLoadingContent" : 12,
      "numberOfNothingToWriteFiles" : 0
    },
    "totalStatsPerFileType" : [ {
      "fileType" : "Dart",
      "partOfTotalProcessingTime" : {
        "part" : 69069527,
        "total" : 71061172
      },
      "partOfTotalContentLoadingTime" : {
        "part" : 3849709,
        "total" : 4302716
      },
      "totalNumberOfFiles" : 3,
      "totalFilesSize" : 14171,
      "totalProcessingSpeed" : {
        "totalBytes" : 14171,
        "totalCpuTime" : 69069527
      },
      "biggestContributors" : [ {
        "providerName" : "Refreshed files",
        "numberOfFiles" : 3,
        "totalFilesSize" : 14171,
        "partOfTotalProcessingTimeOfThisFileType" : {
          "part" : 69069527,
          "total" : 69069527
        }
      } ]
    }, {
      "fileType" : "UNKNOWN",
      "partOfTotalProcessingTime" : {
        "part" : 1991645,
        "total" : 71061172
      },
      "partOfTotalContentLoadingTime" : {
        "part" : 453007,
        "total" : 4302716
      },
      "totalNumberOfFiles" : 9,
      "totalFilesSize" : 0,
      "totalProcessingSpeed" : {
        "totalBytes" : 0,
        "totalCpuTime" : 1991645
      },
      "biggestContributors" : [ {
        "providerName" : "Refreshed files",
        "numberOfFiles" : 9,
        "totalFilesSize" : 0,
        "partOfTotalProcessingTimeOfThisFileType" : {
          "part" : 1991645,
          "total" : 1991645
        }
      } ]
    } ],
    "totalStatsPerBaseLanguage" : [ {
      "language" : "Dart",
      "partOfTotalProcessingTime" : {
        "part" : 69069527,
        "total" : 71061172
      },
      "partOfTotalContentLoadingTime" : {
        "part" : 8152425,
        "total" : 4302716
      },
      "totalNumberOfFiles" : 3,
      "totalFilesSize" : 14171,
      "totalProcessingSpeed" : {
        "totalBytes" : 14171,
        "totalCpuTime" : 69069527
      }
    } ],
    "totalStatsPerIndexer" : [ {
      "indexId" : "DartPathIndex",
      "partOfTotalIndexingTime" : {
        "part" : 38939450,
        "total" : 44135426
      },
      "totalNumberOfFiles" : 3,
      "totalNumberOfFilesIndexedByExtensions" : 0,
      "totalFilesSize" : 14171,
      "indexValueChangerEvaluationSpeed" : {
        "totalBytes" : 14171,
        "totalCpuTime" : 38939450
      }
    }, {
      "indexId" : "IdIndex",
      "partOfTotalIndexingTime" : {
        "part" : 2002061,
        "total" : 44135426
      },
      "totalNumberOfFiles" : 3,
      "totalNumberOfFilesIndexedByExtensions" : 0,
      "totalFilesSize" : 14171,
      "indexValueChangerEvaluationSpeed" : {
        "totalBytes" : 14171,
        "totalCpuTime" : 2002061
      }
    }, {
      "indexId" : "Trigram.Index",
      "partOfTotalIndexingTime" : {
        "part" : 789014,
        "total" : 44135426
      },
      "totalNumberOfFiles" : 3,
      "totalNumberOfFilesIndexedByExtensions" : 0,
      "totalFilesSize" : 14171,
      "indexValueChangerEvaluationSpeed" : {
        "totalBytes" : 14171,
        "totalCpuTime" : 789014
      }
    }, {
      "indexId" : "DartClassIndex",
      "partOfTotalIndexingTime" : {
        "part" : 554561,
        "total" : 44135426
      },
      "totalNumberOfFiles" : 3,
      "totalNumberOfFilesIndexedByExtensions" : 0,
      "totalFilesSize" : 14171,
      "indexValueChangerEvaluationSpeed" : {
        "totalBytes" : 14171,
        "totalCpuTime" : 554561
      }
    }, {
      "indexId" : "DartImportIndex",
      "partOfTotalIndexingTime" : {
        "part" : 501469,
        "total" : 44135426
      },
      "totalNumberOfFiles" : 3,
      "totalNumberOfFilesIndexedByExtensions" : 0,
      "totalFilesSize" : 14171,
      "indexValueChangerEvaluationSpeed" : {
        "totalBytes" : 14171,
        "totalCpuTime" : 501469
      }
    }, {
      "indexId" : "DartSymbolIndex",
      "partOfTotalIndexingTime" : {
        "part" : 464338,
        "total" : 44135426
      },
      "totalNumberOfFiles" : 3,
      "totalNumberOfFilesIndexedByExtensions" : 0,
      "totalFilesSize" : 14171,
      "indexValueChangerEvaluationSpeed" : {
        "totalBytes" : 14171,
        "totalCpuTime" : 464338
      }
    }, {
      "indexId" : "DartLibraryIndex",
      "partOfTotalIndexingTime" : {
        "part" : 456753,
        "total" : 44135426
      },
      "totalNumberOfFiles" : 3,
      "totalNumberOfFilesIndexedByExtensions" : 0,
      "totalFilesSize" : 14171,
      "indexValueChangerEvaluationSpeed" : {
        "totalBytes" : 14171,
        "totalCpuTime" : 456753
      }
    }, {
      "indexId" : "DartComponentIndex",
      "partOfTotalIndexingTime" : {
        "part" : 427780,
        "total" : 44135426
      },
      "totalNumberOfFiles" : 3,
      "totalNumberOfFilesIndexedByExtensions" : 0,
      "totalFilesSize" : 14171,
      "indexValueChangerEvaluationSpeed" : {
        "totalBytes" : 14171,
        "totalCpuTime" : 427780
      }
    } ],
    "statisticsOfChangedDuringIndexingFiles" : {
      "numberOfFiles" : 12,
      "retrievingTime" : 1906874
    },
    "fileProviderStatistics" : [ {
      "providerName" : "Refreshed files",
      "totalNumberOfIndexedFiles" : 12,
      "totalNumberOfFilesFullyIndexedByExtensions" : 0,
      "totalNumberOfNothingToWriteFiles" : 0,
      "totalIndexingVisibleTime" : 29423226,
      "contentLoadingVisibleTime" : 1781560,
      "numberOfTooLargeForIndexingFiles" : 0,
      "slowIndexedFiles" : [ ],
      "filesFullyIndexedByExtensions" : [ ],
      "separateApplyingIndexesVisibleTime" : 5087312
    } ],
    "visibleTimeToAllThreadTimeRatio" : 0.4140548934374457
  }
}