{
  "appInfo" : {
    "build" : "233.11799.241",
    "buildDate" : "2023-12-02T05:05:00Z[UTC]",
    "productCode" : "IU",
    "generated" : "2024-01-06T12:19:37.849199Z",
    "os" : "macOS 13.6",
    "runtime" : "JetBrains s.r.o. 17.0.9 17.0.9+7-b1087.7"
  },
  "runtimeInfo" : {
    "maxMemory" : 3170893824,
    "numberOfProcessors" : 4,
    "maxNumberOfIndexingThreads" : 3,
    "maxSizeOfFileForIntelliSense" : 2560000,
    "maxSizeOfFileForContentLoading" : 20971520
  },
  "type" : "DumbIndexing",
  "projectIndexingActivityHistory" : {
    "projectName" : "sportlive_monitor",
    "times" : {
      "scanningIds" : [ 16 ],
      "contentLoadingVisibleTime" : 2173255,
      "retrievingChangedDuringIndexingFilesTime" : 119840,
      "separateApplyingIndexesVisibleTime" : 9850721,
      "updatingStart" : "2024-01-06T12:19:37.782075Z",
      "updatingEnd" : "2024-01-06T12:19:37.848539Z",
      "totalWallTimeWithPauses" : 66467652,
      "wallTimeOnPause" : 0,
      "wasInterrupted" : false,
      "dumbWallTimeWithPauses" : 66467652,
      "dumbWallTimeWithoutPauses" : 66467652,
      "dumbModeStart" : "2024-01-06T12:19:37.782075Z",
      "totalWallTimeWithoutPauses" : 66467652
    },
    "fileCount" : {
      "numberOfChangedDuringIndexingFiles" : 0,
      "numberOfFilesIndexedByInfrastructureExtensionsDuringIndexingStage" : 0,
      "numberOfFilesIndexedWithLoadingContent" : 8,
      "numberOfNothingToWriteFiles" : 0
    },
    "totalStatsPerFileType" : [ {
      "fileType" : "Dart",
      "partOfTotalProcessingTime" : {
        "part" : 166592521,
        "total" : 166592521
      },
      "partOfTotalContentLoadingTime" : {
        "part" : 5931449,
        "total" : 5931449
      },
      "totalNumberOfFiles" : 8,
      "totalFilesSize" : 60704,
      "totalProcessingSpeed" : {
        "totalBytes" : 60704,
        "totalCpuTime" : 166592521
      },
      "biggestContributors" : [ {
        "providerName" : "Library Dart Packages (#26 class roots, #0 source roots)",
        "numberOfFiles" : 8,
        "totalFilesSize" : 60704,
        "partOfTotalProcessingTimeOfThisFileType" : {
          "part" : 166592521,
          "total" : 166592521
        }
      } ]
    } ],
    "totalStatsPerBaseLanguage" : [ {
      "language" : "Dart",
      "partOfTotalProcessingTime" : {
        "part" : 166592521,
        "total" : 166592521
      },
      "partOfTotalContentLoadingTime" : {
        "part" : 11862898,
        "total" : 5931449
      },
      "totalNumberOfFiles" : 8,
      "totalFilesSize" : 60704,
      "totalProcessingSpeed" : {
        "totalBytes" : 60704,
        "totalCpuTime" : 166592521
      }
    } ],
    "totalStatsPerIndexer" : [ {
      "indexId" : "DartImportIndex",
      "partOfTotalIndexingTime" : {
        "part" : 101565271,
        "total" : 123843576
      },
      "totalNumberOfFiles" : 8,
      "totalNumberOfFilesIndexedByExtensions" : 0,
      "totalFilesSize" : 60704,
      "indexValueChangerEvaluationSpeed" : {
        "totalBytes" : 60704,
        "totalCpuTime" : 101565271
      }
    }, {
      "indexId" : "DartComponentIndex",
      "partOfTotalIndexingTime" : {
        "part" : 7268453,
        "total" : 123843576
      },
      "totalNumberOfFiles" : 8,
      "totalNumberOfFilesIndexedByExtensions" : 0,
      "totalFilesSize" : 60704,
      "indexValueChangerEvaluationSpeed" : {
        "totalBytes" : 60704,
        "totalCpuTime" : 7268453
      }
    }, {
      "indexId" : "IdIndex",
      "partOfTotalIndexingTime" : {
        "part" : 5291853,
        "total" : 123843576
      },
      "totalNumberOfFiles" : 8,
      "totalNumberOfFilesIndexedByExtensions" : 0,
      "totalFilesSize" : 60704,
      "indexValueChangerEvaluationSpeed" : {
        "totalBytes" : 60704,
        "totalCpuTime" : 5291853
      }
    }, {
      "indexId" : "Trigram.Index",
      "partOfTotalIndexingTime" : {
        "part" : 3358328,
        "total" : 123843576
      },
      "totalNumberOfFiles" : 8,
      "totalNumberOfFilesIndexedByExtensions" : 0,
      "totalFilesSize" : 60704,
      "indexValueChangerEvaluationSpeed" : {
        "totalBytes" : 60704,
        "totalCpuTime" : 3358328
      }
    }, {
      "indexId" : "DartLibraryIndex",
      "partOfTotalIndexingTime" : {
        "part" : 2347522,
        "total" : 123843576
      },
      "totalNumberOfFiles" : 8,
      "totalNumberOfFilesIndexedByExtensions" : 0,
      "totalFilesSize" : 60704,
      "indexValueChangerEvaluationSpeed" : {
        "totalBytes" : 60704,
        "totalCpuTime" : 2347522
      }
    }, {
      "indexId" : "DartPathIndex",
      "partOfTotalIndexingTime" : {
        "part" : 1511243,
        "total" : 123843576
      },
      "totalNumberOfFiles" : 8,
      "totalNumberOfFilesIndexedByExtensions" : 0,
      "totalFilesSize" : 60704,
      "indexValueChangerEvaluationSpeed" : {
        "totalBytes" : 60704,
        "totalCpuTime" : 1511243
      }
    }, {
      "indexId" : "DartClassIndex",
      "partOfTotalIndexingTime" : {
        "part" : 1338342,
        "total" : 123843576
      },
      "totalNumberOfFiles" : 8,
      "totalNumberOfFilesIndexedByExtensions" : 0,
      "totalFilesSize" : 60704,
      "indexValueChangerEvaluationSpeed" : {
        "totalBytes" : 60704,
        "totalCpuTime" : 1338342
      }
    }, {
      "indexId" : "DartSymbolIndex",
      "partOfTotalIndexingTime" : {
        "part" : 1162564,
        "total" : 123843576
      },
      "totalNumberOfFiles" : 8,
      "totalNumberOfFilesIndexedByExtensions" : 0,
      "totalFilesSize" : 60704,
      "indexValueChangerEvaluationSpeed" : {
        "totalBytes" : 60704,
        "totalCpuTime" : 1162564
      }
    } ],
    "statisticsOfChangedDuringIndexingFiles" : {
      "numberOfFiles" : 0,
      "retrievingTime" : 119840
    },
    "fileProviderStatistics" : [ {
      "providerName" : "Library Dart Packages (#26 class roots, #0 source roots)",
      "totalNumberOfIndexedFiles" : 8,
      "totalNumberOfFilesFullyIndexedByExtensions" : 0,
      "totalNumberOfNothingToWriteFiles" : 0,
      "totalIndexingVisibleTime" : 61038721,
      "contentLoadingVisibleTime" : 2173255,
      "numberOfTooLargeForIndexingFiles" : 0,
      "slowIndexedFiles" : [ ],
      "filesFullyIndexedByExtensions" : [ ],
      "separateApplyingIndexesVisibleTime" : 9850721
    }, {
      "providerName" : "Refreshed files",
      "totalNumberOfIndexedFiles" : 0,
      "totalNumberOfFilesFullyIndexedByExtensions" : 0,
      "totalNumberOfNothingToWriteFiles" : 0,
      "totalIndexingVisibleTime" : 0,
      "contentLoadingVisibleTime" : 0,
      "numberOfTooLargeForIndexingFiles" : 0,
      "slowIndexedFiles" : [ ],
      "filesFullyIndexedByExtensions" : [ ],
      "separateApplyingIndexesVisibleTime" : 0
    } ],
    "visibleTimeToAllThreadTimeRatio" : 0.0
  }
}