{
  "appInfo" : {
    "build" : "233.11799.241",
    "buildDate" : "2023-12-02T05:05:00Z[UTC]",
    "productCode" : "IU",
    "generated" : "2024-01-08T00:43:01.989434Z",
    "os" : "macOS 13.6",
    "runtime" : "JetBrains s.r.o. 17.0.9 17.0.9+7-b1087.7"
  },
  "runtimeInfo" : {
    "maxMemory" : 3170893824,
    "numberOfProcessors" : 4,
    "maxNumberOfIndexingThreads" : 3,
    "maxSizeOfFileForIntelliSense" : 2560000,
    "maxSizeOfFileForContentLoading" : 20971520
  },
  "type" : "DumbIndexing",
  "projectIndexingActivityHistory" : {
    "projectName" : "sportlive_monitor",
    "times" : {
      "scanningIds" : [ ],
      "contentLoadingVisibleTime" : 23983786,
      "retrievingChangedDuringIndexingFilesTime" : 3160246,
      "separateApplyingIndexesVisibleTime" : 27769566,
      "updatingStart" : "2024-01-08T00:43:00.553968Z",
      "updatingEnd" : "2024-01-08T00:43:00.84658Z",
      "totalWallTimeWithPauses" : 292591128,
      "wallTimeOnPause" : 0,
      "wasInterrupted" : false,
      "dumbModeStart" : "2024-01-08T00:43:00.553968Z",
      "dumbWallTimeWithoutPauses" : 292591128,
      "dumbWallTimeWithPauses" : 292591128,
      "totalWallTimeWithoutPauses" : 292591128
    },
    "fileCount" : {
      "numberOfChangedDuringIndexingFiles" : 214,
      "numberOfFilesIndexedByInfrastructureExtensionsDuringIndexingStage" : 0,
      "numberOfFilesIndexedWithLoadingContent" : 214,
      "numberOfNothingToWriteFiles" : 0
    },
    "totalStatsPerFileType" : [ {
      "fileType" : "JAVA",
      "partOfTotalProcessingTime" : {
        "part" : 215511599,
        "total" : 394585627
      },
      "partOfTotalContentLoadingTime" : {
        "part" : 202369,
        "total" : 33861813
      },
      "totalNumberOfFiles" : 1,
      "totalFilesSize" : 516,
      "totalProcessingSpeed" : {
        "totalBytes" : 516,
        "totalCpuTime" : 215511599
      },
      "biggestContributors" : [ {
        "providerName" : "Refreshed files",
        "numberOfFiles" : 1,
        "totalFilesSize" : 516,
        "partOfTotalProcessingTimeOfThisFileType" : {
          "part" : 215511599,
          "total" : 215511599
        }
      } ]
    }, {
      "fileType" : "UNKNOWN",
      "partOfTotalProcessingTime" : {
        "part" : 67597016,
        "total" : 394585627
      },
      "partOfTotalContentLoadingTime" : {
        "part" : 25598575,
        "total" : 33861813
      },
      "totalNumberOfFiles" : 204,
      "totalFilesSize" : 0,
      "totalProcessingSpeed" : {
        "totalBytes" : 0,
        "totalCpuTime" : 67597016
      },
      "biggestContributors" : [ {
        "providerName" : "Refreshed files",
        "numberOfFiles" : 204,
        "totalFilesSize" : 0,
        "partOfTotalProcessingTimeOfThisFileType" : {
          "part" : 67597016,
          "total" : 67597016
        }
      } ]
    }, {
      "fileType" : "C++",
      "partOfTotalProcessingTime" : {
        "part" : 63174855,
        "total" : 394585627
      },
      "partOfTotalContentLoadingTime" : {
        "part" : 6689709,
        "total" : 33861813
      },
      "totalNumberOfFiles" : 5,
      "totalFilesSize" : 1308,
      "totalProcessingSpeed" : {
        "totalBytes" : 1308,
        "totalCpuTime" : 63174855
      },
      "biggestContributors" : [ {
        "providerName" : "Refreshed files",
        "numberOfFiles" : 5,
        "totalFilesSize" : 1308,
        "partOfTotalProcessingTimeOfThisFileType" : {
          "part" : 63174855,
          "total" : 63174855
        }
      } ]
    }, {
      "fileType" : "textmate",
      "partOfTotalProcessingTime" : {
        "part" : 48302157,
        "total" : 394585627
      },
      "partOfTotalContentLoadingTime" : {
        "part" : 1371160,
        "total" : 33861813
      },
      "totalNumberOfFiles" : 4,
      "totalFilesSize" : 1854,
      "totalProcessingSpeed" : {
        "totalBytes" : 1854,
        "totalCpuTime" : 48302157
      },
      "biggestContributors" : [ {
        "providerName" : "Refreshed files",
        "numberOfFiles" : 4,
        "totalFilesSize" : 1854,
        "partOfTotalProcessingTimeOfThisFileType" : {
          "part" : 48302157,
          "total" : 48302157
        }
      } ]
    } ],
    "totalStatsPerBaseLanguage" : [ {
      "language" : "JAVA",
      "partOfTotalProcessingTime" : {
        "part" : 215511599,
        "total" : 394585627
      },
      "partOfTotalContentLoadingTime" : {
        "part" : 34064182,
        "total" : 33861813
      },
      "totalNumberOfFiles" : 1,
      "totalFilesSize" : 516,
      "totalProcessingSpeed" : {
        "totalBytes" : 516,
        "totalCpuTime" : 215511599
      }
    }, {
      "language" : "textmate",
      "partOfTotalProcessingTime" : {
        "part" : 48302157,
        "total" : 394585627
      },
      "partOfTotalContentLoadingTime" : {
        "part" : 35232973,
        "total" : 33861813
      },
      "totalNumberOfFiles" : 4,
      "totalFilesSize" : 1854,
      "totalProcessingSpeed" : {
        "totalBytes" : 1854,
        "totalCpuTime" : 48302157
      }
    } ],
    "totalStatsPerIndexer" : [ {
      "indexId" : "IdIndex",
      "partOfTotalIndexingTime" : {
        "part" : 164530258,
        "total" : 217705994
      },
      "totalNumberOfFiles" : 10,
      "totalNumberOfFilesIndexedByExtensions" : 0,
      "totalFilesSize" : 3678,
      "indexValueChangerEvaluationSpeed" : {
        "totalBytes" : 3678,
        "totalCpuTime" : 164530258
      }
    }, {
      "indexId" : "Stubs",
      "partOfTotalIndexingTime" : {
        "part" : 39058058,
        "total" : 217705994
      },
      "totalNumberOfFiles" : 1,
      "totalNumberOfFilesIndexedByExtensions" : 0,
      "totalFilesSize" : 516,
      "indexValueChangerEvaluationSpeed" : {
        "totalBytes" : 516,
        "totalCpuTime" : 39058058
      }
    }, {
      "indexId" : "HashFragmentIndex",
      "partOfTotalIndexingTime" : {
        "part" : 4136376,
        "total" : 217705994
      },
      "totalNumberOfFiles" : 1,
      "totalNumberOfFilesIndexedByExtensions" : 0,
      "totalFilesSize" : 516,
      "indexValueChangerEvaluationSpeed" : {
        "totalBytes" : 516,
        "totalCpuTime" : 4136376
      }
    }, {
      "indexId" : "com.android.tools.idea.dagger.index.DaggerIndex",
      "partOfTotalIndexingTime" : {
        "part" : 3225009,
        "total" : 217705994
      },
      "totalNumberOfFiles" : 1,
      "totalNumberOfFilesIndexedByExtensions" : 0,
      "totalFilesSize" : 516,
      "indexValueChangerEvaluationSpeed" : {
        "totalBytes" : 516,
        "totalCpuTime" : 3225009
      }
    }, {
      "indexId" : "java.fun.expression",
      "partOfTotalIndexingTime" : {
        "part" : 2897292,
        "total" : 217705994
      },
      "totalNumberOfFiles" : 1,
      "totalNumberOfFilesIndexedByExtensions" : 0,
      "totalFilesSize" : 516,
      "indexValueChangerEvaluationSpeed" : {
        "totalBytes" : 516,
        "totalCpuTime" : 2897292
      }
    }, {
      "indexId" : "java.cucumber.java8.step",
      "partOfTotalIndexingTime" : {
        "part" : 2871478,
        "total" : 217705994
      },
      "totalNumberOfFiles" : 1,
      "totalNumberOfFilesIndexedByExtensions" : 0,
      "totalFilesSize" : 516,
      "indexValueChangerEvaluationSpeed" : {
        "totalBytes" : 516,
        "totalCpuTime" : 2871478
      }
    }, {
      "indexId" : "java.null.method.argument",
      "partOfTotalIndexingTime" : {
        "part" : 536596,
        "total" : 217705994
      },
      "totalNumberOfFiles" : 1,
      "totalNumberOfFilesIndexedByExtensions" : 0,
      "totalFilesSize" : 516,
      "indexValueChangerEvaluationSpeed" : {
        "totalBytes" : 516,
        "totalCpuTime" : 536596
      }
    }, {
      "indexId" : "Trigram.Index",
      "partOfTotalIndexingTime" : {
        "part" : 358484,
        "total" : 217705994
      },
      "totalNumberOfFiles" : 10,
      "totalNumberOfFilesIndexedByExtensions" : 0,
      "totalFilesSize" : 3678,
      "indexValueChangerEvaluationSpeed" : {
        "totalBytes" : 3678,
        "totalCpuTime" : 358484
      }
    }, {
      "indexId" : "java.binary.plus.expression",
      "partOfTotalIndexingTime" : {
        "part" : 92443,
        "total" : 217705994
      },
      "totalNumberOfFiles" : 1,
      "totalNumberOfFilesIndexedByExtensions" : 0,
      "totalFilesSize" : 516,
      "indexValueChangerEvaluationSpeed" : {
        "totalBytes" : 516,
        "totalCpuTime" : 92443
      }
    } ],
    "statisticsOfChangedDuringIndexingFiles" : {
      "numberOfFiles" : 214,
      "retrievingTime" : 3160246
    },
    "fileProviderStatistics" : [ {
      "providerName" : "Refreshed files",
      "totalNumberOfIndexedFiles" : 214,
      "totalNumberOfFilesFullyIndexedByExtensions" : 0,
      "totalNumberOfNothingToWriteFiles" : 0,
      "totalIndexingVisibleTime" : 279478757,
      "contentLoadingVisibleTime" : 23983786,
      "numberOfTooLargeForIndexingFiles" : 0,
      "slowIndexedFiles" : [ ],
      "filesFullyIndexedByExtensions" : [ ],
      "separateApplyingIndexesVisibleTime" : 27769566
    } ],
    "visibleTimeToAllThreadTimeRatio" : 0.7082841793423966
  }
}