{
  "appInfo" : {
    "build" : "233.11799.241",
    "buildDate" : "2023-12-02T05:05:00Z[UTC]",
    "productCode" : "IU",
    "generated" : "2024-01-07T22:37:14.483063Z",
    "os" : "macOS 13.6",
    "runtime" : "JetBrains s.r.o. 17.0.9 17.0.9+7-b1087.7"
  },
  "runtimeInfo" : {
    "maxMemory" : 3170893824,
    "numberOfProcessors" : 4,
    "maxNumberOfIndexingThreads" : 3,
    "maxSizeOfFileForIntelliSense" : 2560000,
    "maxSizeOfFileForContentLoading" : 20971520
  },
  "type" : "DumbIndexing",
  "projectIndexingActivityHistory" : {
    "projectName" : "sportlive_monitor",
    "times" : {
      "scanningIds" : [ 16 ],
      "contentLoadingVisibleTime" : 73179618,
      "retrievingChangedDuringIndexingFilesTime" : 22540,
      "separateApplyingIndexesVisibleTime" : 182423910,
      "updatingStart" : "2024-01-07T22:37:12.658515Z",
      "updatingEnd" : "2024-01-07T22:37:14.482106Z",
      "totalWallTimeWithPauses" : 1823575624,
      "wallTimeOnPause" : 0,
      "wasInterrupted" : false,
      "dumbModeStart" : "2024-01-07T22:37:12.658515Z",
      "dumbWallTimeWithoutPauses" : 1823575624,
      "dumbWallTimeWithPauses" : 1823575624,
      "totalWallTimeWithoutPauses" : 1823575624
    },
    "fileCount" : {
      "numberOfChangedDuringIndexingFiles" : 0,
      "numberOfFilesIndexedByInfrastructureExtensionsDuringIndexingStage" : 0,
      "numberOfFilesIndexedWithLoadingContent" : 236,
      "numberOfNothingToWriteFiles" : 0
    },
    "totalStatsPerFileType" : [ {
      "fileType" : "Dart",
      "partOfTotalProcessingTime" : {
        "part" : 2571847449,
        "total" : 4739309111
      },
      "partOfTotalContentLoadingTime" : {
        "part" : 164718155,
        "total" : 190314944
      },
      "totalNumberOfFiles" : 231,
      "totalFilesSize" : 1457351,
      "totalProcessingSpeed" : {
        "totalBytes" : 1457351,
        "totalCpuTime" : 2571847449
      },
      "biggestContributors" : [ {
        "providerName" : "Library Dart Packages (#72 class roots, #0 source roots)",
        "numberOfFiles" : 231,
        "totalFilesSize" : 1457351,
        "partOfTotalProcessingTimeOfThisFileType" : {
          "part" : 2571847449,
          "total" : 2571847449
        }
      } ]
    }, {
      "fileType" : "JavaScript",
      "partOfTotalProcessingTime" : {
        "part" : 1790197997,
        "total" : 4739309111
      },
      "partOfTotalContentLoadingTime" : {
        "part" : 1578209,
        "total" : 190314944
      },
      "totalNumberOfFiles" : 3,
      "totalFilesSize" : 121640,
      "totalProcessingSpeed" : {
        "totalBytes" : 121640,
        "totalCpuTime" : 1790197997
      },
      "biggestContributors" : [ {
        "providerName" : "Library Dart Packages (#72 class roots, #0 source roots)",
        "numberOfFiles" : 3,
        "totalFilesSize" : 121640,
        "partOfTotalProcessingTimeOfThisFileType" : {
          "part" : 1790197997,
          "total" : 1790197997
        }
      } ]
    }, {
      "fileType" : "HTML",
      "partOfTotalProcessingTime" : {
        "part" : 328090225,
        "total" : 4739309111
      },
      "partOfTotalContentLoadingTime" : {
        "part" : 23871594,
        "total" : 190314944
      },
      "totalNumberOfFiles" : 1,
      "totalFilesSize" : 1936,
      "totalProcessingSpeed" : {
        "totalBytes" : 1936,
        "totalCpuTime" : 328090225
      },
      "biggestContributors" : [ {
        "providerName" : "Library Dart Packages (#72 class roots, #0 source roots)",
        "numberOfFiles" : 1,
        "totalFilesSize" : 1936,
        "partOfTotalProcessingTimeOfThisFileType" : {
          "part" : 328090225,
          "total" : 328090225
        }
      } ]
    }, {
      "fileType" : "Markdown",
      "partOfTotalProcessingTime" : {
        "part" : 49173440,
        "total" : 4739309111
      },
      "partOfTotalContentLoadingTime" : {
        "part" : 146986,
        "total" : 190314944
      },
      "totalNumberOfFiles" : 1,
      "totalFilesSize" : 196,
      "totalProcessingSpeed" : {
        "totalBytes" : 196,
        "totalCpuTime" : 49173440
      },
      "biggestContributors" : [ {
        "providerName" : "Library Dart Packages (#72 class roots, #0 source roots)",
        "numberOfFiles" : 1,
        "totalFilesSize" : 196,
        "partOfTotalProcessingTimeOfThisFileType" : {
          "part" : 49173440,
          "total" : 49173440
        }
      } ]
    } ],
    "totalStatsPerBaseLanguage" : [ {
      "language" : "Dart",
      "partOfTotalProcessingTime" : {
        "part" : 2571847449,
        "total" : 4739309111
      },
      "partOfTotalContentLoadingTime" : {
        "part" : 355033099,
        "total" : 190314944
      },
      "totalNumberOfFiles" : 231,
      "totalFilesSize" : 1457351,
      "totalProcessingSpeed" : {
        "totalBytes" : 1457351,
        "totalCpuTime" : 2571847449
      }
    }, {
      "language" : "JavaScript",
      "partOfTotalProcessingTime" : {
        "part" : 1790197997,
        "total" : 4739309111
      },
      "partOfTotalContentLoadingTime" : {
        "part" : 191893153,
        "total" : 190314944
      },
      "totalNumberOfFiles" : 3,
      "totalFilesSize" : 121640,
      "totalProcessingSpeed" : {
        "totalBytes" : 121640,
        "totalCpuTime" : 1790197997
      }
    }, {
      "language" : "HTML",
      "partOfTotalProcessingTime" : {
        "part" : 328090225,
        "total" : 4739309111
      },
      "partOfTotalContentLoadingTime" : {
        "part" : 214186538,
        "total" : 190314944
      },
      "totalNumberOfFiles" : 1,
      "totalFilesSize" : 1936,
      "totalProcessingSpeed" : {
        "totalBytes" : 1936,
        "totalCpuTime" : 328090225
      }
    }, {
      "language" : "XML",
      "partOfTotalProcessingTime" : {
        "part" : 328090225,
        "total" : 4739309111
      },
      "partOfTotalContentLoadingTime" : {
        "part" : 214186538,
        "total" : 190314944
      },
      "totalNumberOfFiles" : 1,
      "totalFilesSize" : 1936,
      "totalProcessingSpeed" : {
        "totalBytes" : 1936,
        "totalCpuTime" : 328090225
      }
    }, {
      "language" : "Markdown",
      "partOfTotalProcessingTime" : {
        "part" : 49173440,
        "total" : 4739309111
      },
      "partOfTotalContentLoadingTime" : {
        "part" : 190461930,
        "total" : 190314944
      },
      "totalNumberOfFiles" : 1,
      "totalFilesSize" : 196,
      "totalProcessingSpeed" : {
        "totalBytes" : 196,
        "totalCpuTime" : 49173440
      }
    } ],
    "totalStatsPerIndexer" : [ {
      "indexId" : "DartPathIndex",
      "partOfTotalIndexingTime" : {
        "part" : 1391733824,
        "total" : 3856770700
      },
      "totalNumberOfFiles" : 231,
      "totalNumberOfFilesIndexedByExtensions" : 0,
      "totalFilesSize" : 1457351,
      "indexValueChangerEvaluationSpeed" : {
        "totalBytes" : 1457351,
        "totalCpuTime" : 1391733824
      }
    }, {
      "indexId" : "Stubs",
      "partOfTotalIndexingTime" : {
        "part" : 927834272,
        "total" : 3856770700
      },
      "totalNumberOfFiles" : 5,
      "totalNumberOfFilesIndexedByExtensions" : 0,
      "totalFilesSize" : 123772,
      "indexValueChangerEvaluationSpeed" : {
        "totalBytes" : 123772,
        "totalCpuTime" : 927834272
      }
    }, {
      "indexId" : "fileIncludes",
      "partOfTotalIndexingTime" : {
        "part" : 480434204,
        "total" : 3856770700
      },
      "totalNumberOfFiles" : 4,
      "totalNumberOfFilesIndexedByExtensions" : 0,
      "totalFilesSize" : 123576,
      "indexValueChangerEvaluationSpeed" : {
        "totalBytes" : 123576,
        "totalCpuTime" : 480434204
      }
    }, {
      "indexId" : "js.test.names",
      "partOfTotalIndexingTime" : {
        "part" : 326756298,
        "total" : 3856770700
      },
      "totalNumberOfFiles" : 3,
      "totalNumberOfFilesIndexedByExtensions" : 0,
      "totalFilesSize" : 121640,
      "indexValueChangerEvaluationSpeed" : {
        "totalBytes" : 121640,
        "totalCpuTime" : 326756298
      }
    }, {
      "indexId" : "IdIndex",
      "partOfTotalIndexingTime" : {
        "part" : 312033158,
        "total" : 3856770700
      },
      "totalNumberOfFiles" : 236,
      "totalNumberOfFilesIndexedByExtensions" : 0,
      "totalFilesSize" : 1581123,
      "indexValueChangerEvaluationSpeed" : {
        "totalBytes" : 1581123,
        "totalCpuTime" : 312033158
      }
    }, {
      "indexId" : "Trigram.Index",
      "partOfTotalIndexingTime" : {
        "part" : 129957003,
        "total" : 3856770700
      },
      "totalNumberOfFiles" : 236,
      "totalNumberOfFilesIndexedByExtensions" : 0,
      "totalFilesSize" : 1581123,
      "indexValueChangerEvaluationSpeed" : {
        "totalBytes" : 1581123,
        "totalCpuTime" : 129957003
      }
    }, {
      "indexId" : "js.implicit.elements.index",
      "partOfTotalIndexingTime" : {
        "part" : 111669886,
        "total" : 3856770700
      },
      "totalNumberOfFiles" : 1,
      "totalNumberOfFilesIndexedByExtensions" : 0,
      "totalFilesSize" : 1936,
      "indexValueChangerEvaluationSpeed" : {
        "totalBytes" : 1936,
        "totalCpuTime" : 111669886
      }
    }, {
      "indexId" : "DartLibraryIndex",
      "partOfTotalIndexingTime" : {
        "part" : 47270268,
        "total" : 3856770700
      },
      "totalNumberOfFiles" : 231,
      "totalNumberOfFilesIndexedByExtensions" : 0,
      "totalFilesSize" : 1457351,
      "indexValueChangerEvaluationSpeed" : {
        "totalBytes" : 1457351,
        "totalCpuTime" : 47270268
      }
    }, {
      "indexId" : "DartSymbolIndex",
      "partOfTotalIndexingTime" : {
        "part" : 32367997,
        "total" : 3856770700
      },
      "totalNumberOfFiles" : 231,
      "totalNumberOfFilesIndexedByExtensions" : 0,
      "totalFilesSize" : 1457351,
      "indexValueChangerEvaluationSpeed" : {
        "totalBytes" : 1457351,
        "totalCpuTime" : 32367997
      }
    }, {
      "indexId" : "DartImportIndex",
      "partOfTotalIndexingTime" : {
        "part" : 26856030,
        "total" : 3856770700
      },
      "totalNumberOfFiles" : 231,
      "totalNumberOfFilesIndexedByExtensions" : 0,
      "totalFilesSize" : 1457351,
      "indexValueChangerEvaluationSpeed" : {
        "totalBytes" : 1457351,
        "totalCpuTime" : 26856030
      }
    }, {
      "indexId" : "DartClassIndex",
      "partOfTotalIndexingTime" : {
        "part" : 20951929,
        "total" : 3856770700
      },
      "totalNumberOfFiles" : 231,
      "totalNumberOfFilesIndexedByExtensions" : 0,
      "totalFilesSize" : 1457351,
      "indexValueChangerEvaluationSpeed" : {
        "totalBytes" : 1457351,
        "totalCpuTime" : 20951929
      }
    }, {
      "indexId" : "DartComponentIndex",
      "partOfTotalIndexingTime" : {
        "part" : 16537173,
        "total" : 3856770700
      },
      "totalNumberOfFiles" : 231,
      "totalNumberOfFilesIndexedByExtensions" : 0,
      "totalFilesSize" : 1457351,
      "indexValueChangerEvaluationSpeed" : {
        "totalBytes" : 1457351,
        "totalCpuTime" : 16537173
      }
    }, {
      "indexId" : "css.template.selectors",
      "partOfTotalIndexingTime" : {
        "part" : 7318395,
        "total" : 3856770700
      },
      "totalNumberOfFiles" : 1,
      "totalNumberOfFilesIndexedByExtensions" : 0,
      "totalFilesSize" : 1936,
      "indexValueChangerEvaluationSpeed" : {
        "totalBytes" : 1936,
        "totalCpuTime" : 7318395
      }
    }, {
      "indexId" : "CssIndex",
      "partOfTotalIndexingTime" : {
        "part" : 6442655,
        "total" : 3856770700
      },
      "totalNumberOfFiles" : 1,
      "totalNumberOfFilesIndexedByExtensions" : 0,
      "totalFilesSize" : 1936,
      "indexValueChangerEvaluationSpeed" : {
        "totalBytes" : 1936,
        "totalCpuTime" : 6442655
      }
    }, {
      "indexId" : "html5.custom.attributes.index",
      "partOfTotalIndexingTime" : {
        "part" : 3203214,
        "total" : 3856770700
      },
      "totalNumberOfFiles" : 1,
      "totalNumberOfFilesIndexedByExtensions" : 0,
      "totalFilesSize" : 1936,
      "indexValueChangerEvaluationSpeed" : {
        "totalBytes" : 1936,
        "totalCpuTime" : 3203214
      }
    }, {
      "indexId" : "js.custom.single.entry.index",
      "partOfTotalIndexingTime" : {
        "part" : 3109140,
        "total" : 3856770700
      },
      "totalNumberOfFiles" : 4,
      "totalNumberOfFilesIndexedByExtensions" : 0,
      "totalFilesSize" : 123576,
      "indexValueChangerEvaluationSpeed" : {
        "totalBytes" : 123576,
        "totalCpuTime" : 3109140
      }
    }, {
      "indexId" : "org.jetbrains.kotlin.idea.versions.KotlinJsMetadataVersionIndex",
      "partOfTotalIndexingTime" : {
        "part" : 3071128,
        "total" : 3856770700
      },
      "totalNumberOfFiles" : 3,
      "totalNumberOfFilesIndexedByExtensions" : 0,
      "totalFilesSize" : 121640,
      "indexValueChangerEvaluationSpeed" : {
        "totalBytes" : 121640,
        "totalCpuTime" : 3071128
      }
    }, {
      "indexId" : "angularjs.template.cache",
      "partOfTotalIndexingTime" : {
        "part" : 2676602,
        "total" : 3856770700
      },
      "totalNumberOfFiles" : 1,
      "totalNumberOfFilesIndexedByExtensions" : 0,
      "totalFilesSize" : 1936,
      "indexValueChangerEvaluationSpeed" : {
        "totalBytes" : 1936,
        "totalCpuTime" : 2676602
      }
    }, {
      "indexId" : "HtmlTagIdIndex",
      "partOfTotalIndexingTime" : {
        "part" : 2336808,
        "total" : 3856770700
      },
      "totalNumberOfFiles" : 1,
      "totalNumberOfFilesIndexedByExtensions" : 0,
      "totalFilesSize" : 1936,
      "indexValueChangerEvaluationSpeed" : {
        "totalBytes" : 1936,
        "totalCpuTime" : 2336808
      }
    }, {
      "indexId" : "DjangoBlockInheritanceIndex",
      "partOfTotalIndexingTime" : {
        "part" : 1701572,
        "total" : 3856770700
      },
      "totalNumberOfFiles" : 1,
      "totalNumberOfFilesIndexedByExtensions" : 0,
      "totalFilesSize" : 1936,
      "indexValueChangerEvaluationSpeed" : {
        "totalBytes" : 1936,
        "totalCpuTime" : 1701572
      }
    }, {
      "indexId" : "angularjs.ui.router.views.index",
      "partOfTotalIndexingTime" : {
        "part" : 982559,
        "total" : 3856770700
      },
      "totalNumberOfFiles" : 1,
      "totalNumberOfFilesIndexedByExtensions" : 0,
      "totalFilesSize" : 1936,
      "indexValueChangerEvaluationSpeed" : {
        "totalBytes" : 1936,
        "totalCpuTime" : 982559
      }
    }, {
      "indexId" : "WebComponentsIndex",
      "partOfTotalIndexingTime" : {
        "part" : 933223,
        "total" : 3856770700
      },
      "totalNumberOfFiles" : 1,
      "totalNumberOfFilesIndexedByExtensions" : 0,
      "totalFilesSize" : 1936,
      "indexValueChangerEvaluationSpeed" : {
        "totalBytes" : 1936,
        "totalCpuTime" : 933223
      }
    }, {
      "indexId" : "HtmlScriptSrcIndex",
      "partOfTotalIndexingTime" : {
        "part" : 269550,
        "total" : 3856770700
      },
      "totalNumberOfFiles" : 1,
      "totalNumberOfFilesIndexedByExtensions" : 0,
      "totalFilesSize" : 1936,
      "indexValueChangerEvaluationSpeed" : {
        "totalBytes" : 1936,
        "totalCpuTime" : 269550
      }
    }, {
      "indexId" : "angularjs.app.index",
      "partOfTotalIndexingTime" : {
        "part" : 209334,
        "total" : 3856770700
      },
      "totalNumberOfFiles" : 1,
      "totalNumberOfFilesIndexedByExtensions" : 0,
      "totalFilesSize" : 1936,
      "indexValueChangerEvaluationSpeed" : {
        "totalBytes" : 1936,
        "totalCpuTime" : 209334
      }
    }, {
      "indexId" : "js.string.literal.words.index",
      "partOfTotalIndexingTime" : {
        "part" : 114478,
        "total" : 3856770700
      },
      "totalNumberOfFiles" : 3,
      "totalNumberOfFilesIndexedByExtensions" : 0,
      "totalFilesSize" : 121640,
      "indexValueChangerEvaluationSpeed" : {
        "totalBytes" : 121640,
        "totalCpuTime" : 114478
      }
    } ],
    "statisticsOfChangedDuringIndexingFiles" : {
      "numberOfFiles" : 0,
      "retrievingTime" : 22540
    },
    "fileProviderStatistics" : [ {
      "providerName" : "Library Dart Packages (#72 class roots, #0 source roots)",
      "totalNumberOfIndexedFiles" : 236,
      "totalNumberOfFilesFullyIndexedByExtensions" : 0,
      "totalNumberOfNothingToWriteFiles" : 0,
      "totalIndexingVisibleTime" : 1822352078,
      "contentLoadingVisibleTime" : 73179618,
      "numberOfTooLargeForIndexingFiles" : 0,
      "slowIndexedFiles" : [ {
        "fileName" : "graph_viz_main.dart.js",
        "processingTime" : 1368983454,
        "evaluationOfIndexValueChangerTime" : 1358670899,
        "contentLoadingTime" : 951328
      } ],
      "filesFullyIndexedByExtensions" : [ ],
      "separateApplyingIndexesVisibleTime" : 182423910
    }, {
      "providerName" : "Refreshed files",
      "totalNumberOfIndexedFiles" : 0,
      "totalNumberOfFilesFullyIndexedByExtensions" : 0,
      "totalNumberOfNothingToWriteFiles" : 0,
      "totalIndexingVisibleTime" : 0,
      "contentLoadingVisibleTime" : 0,
      "numberOfTooLargeForIndexingFiles" : 0,
      "slowIndexedFiles" : [ ],
      "filesFullyIndexedByExtensions" : [ ],
      "separateApplyingIndexesVisibleTime" : 0
    } ],
    "visibleTimeToAllThreadTimeRatio" : 0.0
  }
}