{
  "appInfo" : {
    "build" : "233.11799.241",
    "buildDate" : "2023-12-02T05:05:00Z[UTC]",
    "productCode" : "IU",
    "generated" : "2024-01-06T11:49:19.587321Z",
    "os" : "macOS 13.6",
    "runtime" : "JetBrains s.r.o. 17.0.9 17.0.9+7-b1087.7"
  },
  "runtimeInfo" : {
    "maxMemory" : 3170893824,
    "numberOfProcessors" : 4,
    "maxNumberOfIndexingThreads" : 3,
    "maxSizeOfFileForIntelliSense" : 2560000,
    "maxSizeOfFileForContentLoading" : 20971520
  },
  "type" : "Scanning",
  "projectIndexingActivityHistory" : {
    "projectName" : "sportlive_monitor",
    "times" : {
      "scanningReason" : "changes in: \"Custom kind roots from entity (sodium, cubrid, couchbase, ..., empty)\"",
      "scanningType" : "PARTIAL",
      "scanningId" : 9,
      "creatingIteratorsTime" : 4000,
      "concurrentHandlingWallTimeWithoutPauses" : 159530000,
      "concurrentHandlingWallTimeWithPauses" : 167624000,
      "concurrentHandlingSumOfThreadTimesWithPauses" : 167419355,
      "concurrentIterationAndScannersApplicationSumOfThreadTimesWithPauses" : 262822,
      "concurrentFileCheckSumOfThreadTimesWithPauses" : 167099103,
      "delayedPushPropertiesStageTime" : 6606000,
      "indexExtensionsTime" : 0,
      "dumbWallTimeWithPauses" : 0,
      "dumbWallTimeWithoutPauses" : 0,
      "updatingStart" : "2024-01-06T11:49:19.399147Z",
      "updatingEnd" : "2024-01-06T11:49:19.583783Z",
      "totalWallTimeWithPauses" : 184630201,
      "wallTimeOnPause" : 8094000,
      "wasInterrupted" : false,
      "totalWallTimeWithoutPauses" : 176536201
    },
    "fileCount" : {
      "numberOfFileProviders" : 1,
      "numberOfScannedFiles" : 313,
      "numberOfFilesIndexedByInfrastructureExtensionsDuringScan" : 0,
      "numberOfFilesScheduledForIndexingAfterScan" : 0
    },
    "scanningStatistics" : [ {
      "providerName" : "Custom kind roots from entity (sodium, cubrid, couchbase, ..., empty)",
      "numberOfScannedFiles" : 313,
      "numberOfSkippedFiles" : 0,
      "numberOfFilesForIndexing" : 0,
      "numberOfFilesFullyIndexedByInfrastructureExtensions" : 0,
      "filesFullyIndexedByInfrastructureExtensions" : [ ],
      "statusTime" : 114706095,
      "totalOneThreadTimeWithPauses" : 167419355,
      "iterationAndScannersApplicationTime" : 262822,
      "filesCheckTime" : 167099103,
      "timeProcessingUpToDateFiles" : 52238669,
      "timeUpdatingContentLessIndexes" : 0,
      "timeIndexingWithoutContentViaInfrastructureExtension" : 0,
      "roots" : [ ]
    } ]
  }
}