{
  "appInfo" : {
    "build" : "233.11799.241",
    "buildDate" : "2023-12-02T05:05:00Z[UTC]",
    "productCode" : "IU",
    "generated" : "2024-01-06T18:32:15.012039Z",
    "os" : "macOS 13.6",
    "runtime" : "JetBrains s.r.o. 17.0.9 17.0.9+7-b1087.7"
  },
  "runtimeInfo" : {
    "maxMemory" : 3170893824,
    "numberOfProcessors" : 4,
    "maxNumberOfIndexingThreads" : 3,
    "maxSizeOfFileForIntelliSense" : 2560000,
    "maxSizeOfFileForContentLoading" : 20971520
  },
  "type" : "DumbIndexing",
  "projectIndexingActivityHistory" : {
    "projectName" : "sportlive_monitor",
    "times" : {
      "scanningIds" : [ 49 ],
      "contentLoadingVisibleTime" : 2274934,
      "retrievingChangedDuringIndexingFilesTime" : 117632,
      "separateApplyingIndexesVisibleTime" : 69728772,
      "updatingStart" : "2024-01-06T18:32:14.050351Z",
      "updatingEnd" : "2024-01-06T18:32:15.011632Z",
      "totalWallTimeWithPauses" : 961271952,
      "wallTimeOnPause" : 0,
      "wasInterrupted" : false,
      "dumbWallTimeWithPauses" : 961271952,
      "dumbWallTimeWithoutPauses" : 961271952,
      "dumbModeStart" : "2024-01-06T18:32:14.050351Z",
      "totalWallTimeWithoutPauses" : 961271952
    },
    "fileCount" : {
      "numberOfChangedDuringIndexingFiles" : 1,
      "numberOfFilesIndexedByInfrastructureExtensionsDuringIndexingStage" : 0,
      "numberOfFilesIndexedWithLoadingContent" : 17,
      "numberOfNothingToWriteFiles" : 0
    },
    "totalStatsPerFileType" : [ {
      "fileType" : "JavaScript",
      "partOfTotalProcessingTime" : {
        "part" : 2425177614,
        "total" : 2617050278
      },
      "partOfTotalContentLoadingTime" : {
        "part" : 5573180,
        "total" : 5973959
      },
      "totalNumberOfFiles" : 14,
      "totalFilesSize" : 122565,
      "totalProcessingSpeed" : {
        "totalBytes" : 122565,
        "totalCpuTime" : 2425177614
      },
      "biggestContributors" : [ {
        "providerName" : "External roots from entity (empty; empty; ws; empty)",
        "numberOfFiles" : 14,
        "totalFilesSize" : 122565,
        "partOfTotalProcessingTimeOfThisFileType" : {
          "part" : 2425177614,
          "total" : 2425177614
        }
      } ]
    }, {
      "fileType" : "ECMAScript 6",
      "partOfTotalProcessingTime" : {
        "part" : 183383416,
        "total" : 2617050278
      },
      "partOfTotalContentLoadingTime" : {
        "part" : 189516,
        "total" : 5973959
      },
      "totalNumberOfFiles" : 1,
      "totalFilesSize" : 341,
      "totalProcessingSpeed" : {
        "totalBytes" : 341,
        "totalCpuTime" : 183383416
      },
      "biggestContributors" : [ {
        "providerName" : "External roots from entity (empty; empty; ws; empty)",
        "numberOfFiles" : 1,
        "totalFilesSize" : 341,
        "partOfTotalProcessingTimeOfThisFileType" : {
          "part" : 183383416,
          "total" : 183383416
        }
      } ]
    }, {
      "fileType" : "JSON",
      "partOfTotalProcessingTime" : {
        "part" : 8489248,
        "total" : 2617050278
      },
      "partOfTotalContentLoadingTime" : {
        "part" : 211263,
        "total" : 5973959
      },
      "totalNumberOfFiles" : 2,
      "totalFilesSize" : 1769,
      "totalProcessingSpeed" : {
        "totalBytes" : 1769,
        "totalCpuTime" : 8489248
      },
      "biggestContributors" : [ {
        "providerName" : "External roots from entity (empty; empty; ws; empty)",
        "numberOfFiles" : 1,
        "totalFilesSize" : 1721,
        "partOfTotalProcessingTimeOfThisFileType" : {
          "part" : 6896597,
          "total" : 8489248
        }
      }, {
        "providerName" : "Refreshed files",
        "numberOfFiles" : 1,
        "totalFilesSize" : 48,
        "partOfTotalProcessingTimeOfThisFileType" : {
          "part" : 1592651,
          "total" : 8489248
        }
      } ]
    } ],
    "totalStatsPerBaseLanguage" : [ {
      "language" : "JavaScript",
      "partOfTotalProcessingTime" : {
        "part" : 2608561030,
        "total" : 2617050278
      },
      "partOfTotalContentLoadingTime" : {
        "part" : 11547139,
        "total" : 5973959
      },
      "totalNumberOfFiles" : 15,
      "totalFilesSize" : 122906,
      "totalProcessingSpeed" : {
        "totalBytes" : 122906,
        "totalCpuTime" : 2608561030
      }
    }, {
      "language" : "ECMAScript 6",
      "partOfTotalProcessingTime" : {
        "part" : 183383416,
        "total" : 2617050278
      },
      "partOfTotalContentLoadingTime" : {
        "part" : 6163475,
        "total" : 5973959
      },
      "totalNumberOfFiles" : 1,
      "totalFilesSize" : 341,
      "totalProcessingSpeed" : {
        "totalBytes" : 341,
        "totalCpuTime" : 183383416
      }
    }, {
      "language" : "JSON",
      "partOfTotalProcessingTime" : {
        "part" : 8489248,
        "total" : 2617050278
      },
      "partOfTotalContentLoadingTime" : {
        "part" : 6185222,
        "total" : 5973959
      },
      "totalNumberOfFiles" : 2,
      "totalFilesSize" : 1769,
      "totalProcessingSpeed" : {
        "totalBytes" : 1769,
        "totalCpuTime" : 8489248
      }
    } ],
    "totalStatsPerIndexer" : [ {
      "indexId" : "Stubs",
      "partOfTotalIndexingTime" : {
        "part" : 1762883410,
        "total" : 2395025833
      },
      "totalNumberOfFiles" : 15,
      "totalNumberOfFilesIndexedByExtensions" : 0,
      "totalFilesSize" : 122906,
      "indexValueChangerEvaluationSpeed" : {
        "totalBytes" : 122906,
        "totalCpuTime" : 1762883410
      }
    }, {
      "indexId" : "fileIncludes",
      "partOfTotalIndexingTime" : {
        "part" : 547699309,
        "total" : 2395025833
      },
      "totalNumberOfFiles" : 15,
      "totalNumberOfFilesIndexedByExtensions" : 0,
      "totalFilesSize" : 122906,
      "indexValueChangerEvaluationSpeed" : {
        "totalBytes" : 122906,
        "totalCpuTime" : 547699309
      }
    }, {
      "indexId" : "IdIndex",
      "partOfTotalIndexingTime" : {
        "part" : 72004800,
        "total" : 2395025833
      },
      "totalNumberOfFiles" : 17,
      "totalNumberOfFilesIndexedByExtensions" : 0,
      "totalFilesSize" : 124675,
      "indexValueChangerEvaluationSpeed" : {
        "totalBytes" : 124675,
        "totalCpuTime" : 72004800
      }
    }, {
      "indexId" : "Trigram.Index",
      "partOfTotalIndexingTime" : {
        "part" : 8404167,
        "total" : 2395025833
      },
      "totalNumberOfFiles" : 17,
      "totalNumberOfFilesIndexedByExtensions" : 0,
      "totalFilesSize" : 124675,
      "indexValueChangerEvaluationSpeed" : {
        "totalBytes" : 124675,
        "totalCpuTime" : 8404167
      }
    }, {
      "indexId" : "SwReferencesIndex",
      "partOfTotalIndexingTime" : {
        "part" : 1666571,
        "total" : 2395025833
      },
      "totalNumberOfFiles" : 2,
      "totalNumberOfFilesIndexedByExtensions" : 0,
      "totalFilesSize" : 1769,
      "indexValueChangerEvaluationSpeed" : {
        "totalBytes" : 1769,
        "totalCpuTime" : 1666571
      }
    }, {
      "indexId" : "js.custom.single.entry.index",
      "partOfTotalIndexingTime" : {
        "part" : 924019,
        "total" : 2395025833
      },
      "totalNumberOfFiles" : 15,
      "totalNumberOfFilesIndexedByExtensions" : 0,
      "totalFilesSize" : 122906,
      "indexValueChangerEvaluationSpeed" : {
        "totalBytes" : 122906,
        "totalCpuTime" : 924019
      }
    }, {
      "indexId" : "OpenapiSpecificationContentIndexer",
      "partOfTotalIndexingTime" : {
        "part" : 471740,
        "total" : 2395025833
      },
      "totalNumberOfFiles" : 2,
      "totalNumberOfFilesIndexedByExtensions" : 0,
      "totalFilesSize" : 1769,
      "indexValueChangerEvaluationSpeed" : {
        "totalBytes" : 1769,
        "totalCpuTime" : 471740
      }
    }, {
      "indexId" : "org.jetbrains.kotlin.idea.versions.KotlinJsMetadataVersionIndex",
      "partOfTotalIndexingTime" : {
        "part" : 414273,
        "total" : 2395025833
      },
      "totalNumberOfFiles" : 14,
      "totalNumberOfFilesIndexedByExtensions" : 0,
      "totalFilesSize" : 122565,
      "indexValueChangerEvaluationSpeed" : {
        "totalBytes" : 122565,
        "totalCpuTime" : 414273
      }
    }, {
      "indexId" : "js.string.literal.words.index",
      "partOfTotalIndexingTime" : {
        "part" : 251424,
        "total" : 2395025833
      },
      "totalNumberOfFiles" : 15,
      "totalNumberOfFilesIndexedByExtensions" : 0,
      "totalFilesSize" : 122906,
      "indexValueChangerEvaluationSpeed" : {
        "totalBytes" : 122906,
        "totalCpuTime" : 251424
      }
    }, {
      "indexId" : "json.file.root.values",
      "partOfTotalIndexingTime" : {
        "part" : 193368,
        "total" : 2395025833
      },
      "totalNumberOfFiles" : 2,
      "totalNumberOfFilesIndexedByExtensions" : 0,
      "totalFilesSize" : 1769,
      "indexValueChangerEvaluationSpeed" : {
        "totalBytes" : 1769,
        "totalCpuTime" : 193368
      }
    }, {
      "indexId" : "FrameworkDetectionIndex",
      "partOfTotalIndexingTime" : {
        "part" : 112752,
        "total" : 2395025833
      },
      "totalNumberOfFiles" : 2,
      "totalNumberOfFilesIndexedByExtensions" : 0,
      "totalFilesSize" : 1769,
      "indexValueChangerEvaluationSpeed" : {
        "totalBytes" : 1769,
        "totalCpuTime" : 112752
      }
    } ],
    "statisticsOfChangedDuringIndexingFiles" : {
      "numberOfFiles" : 1,
      "retrievingTime" : 117632
    },
    "fileProviderStatistics" : [ {
      "providerName" : "External roots from entity (empty; empty; ws; empty)",
      "totalNumberOfIndexedFiles" : 16,
      "totalNumberOfFilesFullyIndexedByExtensions" : 0,
      "totalNumberOfNothingToWriteFiles" : 0,
      "totalIndexingVisibleTime" : 957642657,
      "contentLoadingVisibleTime" : 2147414,
      "numberOfTooLargeForIndexingFiles" : 0,
      "slowIndexedFiles" : [ ],
      "filesFullyIndexedByExtensions" : [ ],
      "separateApplyingIndexesVisibleTime" : 69399831
    }, {
      "providerName" : "Refreshed files",
      "totalNumberOfIndexedFiles" : 1,
      "totalNumberOfFilesFullyIndexedByExtensions" : 0,
      "totalNumberOfNothingToWriteFiles" : 0,
      "totalIndexingVisibleTime" : 1862135,
      "contentLoadingVisibleTime" : 127520,
      "numberOfTooLargeForIndexingFiles" : 0,
      "slowIndexedFiles" : [ ],
      "filesFullyIndexedByExtensions" : [ ],
      "separateApplyingIndexesVisibleTime" : 328941
    } ],
    "visibleTimeToAllThreadTimeRatio" : 1.16920530612168
  }
}