{
  "appInfo" : {
    "build" : "233.11799.241",
    "buildDate" : "2023-12-02T05:05:00Z[UTC]",
    "productCode" : "IU",
    "generated" : "2024-01-06T12:01:38.4958Z",
    "os" : "macOS 13.6",
    "runtime" : "JetBrains s.r.o. 17.0.9 17.0.9+7-b1087.7"
  },
  "runtimeInfo" : {
    "maxMemory" : 3170893824,
    "numberOfProcessors" : 4,
    "maxNumberOfIndexingThreads" : 3,
    "maxSizeOfFileForIntelliSense" : 2560000,
    "maxSizeOfFileForContentLoading" : 20971520
  },
  "type" : "Scanning",
  "projectIndexingActivityHistory" : {
    "projectName" : "sportlive_monitor",
    "times" : {
      "scanningReason" : "changes in: \"Library Dart Packages (#24 class roots, #0 source roots)\"",
      "scanningType" : "PARTIAL",
      "scanningId" : 14,
      "creatingIteratorsTime" : 3000,
      "concurrentHandlingWallTimeWithoutPauses" : 404756000,
      "concurrentHandlingWallTimeWithPauses" : 404756000,
      "concurrentHandlingSumOfThreadTimesWithPauses" : 380275795,
      "concurrentIterationAndScannersApplicationSumOfThreadTimesWithPauses" : 142697359,
      "concurrentFileCheckSumOfThreadTimesWithPauses" : 237195984,
      "delayedPushPropertiesStageTime" : 31000,
      "indexExtensionsTime" : 13246858,
      "dumbModeStart" : "2024-01-06T12:01:38.08493Z",
      "dumbWallTimeWithPauses" : 408824000,
      "dumbWallTimeWithoutPauses" : 408824000,
      "updatingStart" : "2024-01-06T12:01:38.084109Z",
      "updatingEnd" : "2024-01-06T12:01:38.493754Z",
      "totalWallTimeWithPauses" : 409599804,
      "wallTimeOnPause" : 0,
      "wasInterrupted" : false,
      "totalWallTimeWithoutPauses" : 409599804
    },
    "fileCount" : {
      "numberOfFileProviders" : 1,
      "numberOfScannedFiles" : 1562,
      "numberOfFilesIndexedByInfrastructureExtensionsDuringScan" : 0,
      "numberOfFilesScheduledForIndexingAfterScan" : 406
    },
    "scanningStatistics" : [ {
      "providerName" : "Library Dart Packages (#24 class roots, #0 source roots)",
      "numberOfScannedFiles" : 1562,
      "numberOfSkippedFiles" : 0,
      "numberOfFilesForIndexing" : 406,
      "numberOfFilesFullyIndexedByInfrastructureExtensions" : 0,
      "filesFullyIndexedByInfrastructureExtensions" : [ ],
      "statusTime" : 190594905,
      "totalOneThreadTimeWithPauses" : 380275795,
      "iterationAndScannersApplicationTime" : 142697359,
      "filesCheckTime" : 237195984,
      "timeProcessingUpToDateFiles" : 28565555,
      "timeUpdatingContentLessIndexes" : 21094820,
      "timeIndexingWithoutContentViaInfrastructureExtension" : 13246858,
      "roots" : [ ]
    } ]
  }
}