{
  "appInfo" : {
    "build" : "233.11799.241",
    "buildDate" : "2023-12-02T05:05:00Z[UTC]",
    "productCode" : "IU",
    "generated" : "2024-01-06T12:00:20.918239Z",
    "os" : "macOS 13.6",
    "runtime" : "JetBrains s.r.o. 17.0.9 17.0.9+7-b1087.7"
  },
  "runtimeInfo" : {
    "maxMemory" : 3170893824,
    "numberOfProcessors" : 4,
    "maxNumberOfIndexingThreads" : 3,
    "maxSizeOfFileForIntelliSense" : 2560000,
    "maxSizeOfFileForContentLoading" : 20971520
  },
  "type" : "DumbIndexing",
  "projectIndexingActivityHistory" : {
    "projectName" : "sportlive_monitor",
    "times" : {
      "scanningIds" : [ ],
      "contentLoadingVisibleTime" : 521050684,
      "retrievingChangedDuringIndexingFilesTime" : 4589451,
      "separateApplyingIndexesVisibleTime" : 2395247143,
      "updatingStart" : "2024-01-06T12:00:00.468771Z",
      "updatingEnd" : "2024-01-06T12:00:20.914927Z",
      "totalWallTimeWithPauses" : 20446018692,
      "wallTimeOnPause" : 0,
      "wasInterrupted" : false,
      "dumbWallTimeWithPauses" : 20446018692,
      "dumbWallTimeWithoutPauses" : 20446018692,
      "dumbModeStart" : "2024-01-06T12:00:00.468771Z",
      "totalWallTimeWithoutPauses" : 20446018692
    },
    "fileCount" : {
      "numberOfChangedDuringIndexingFiles" : 809,
      "numberOfFilesIndexedByInfrastructureExtensionsDuringIndexingStage" : 0,
      "numberOfFilesIndexedWithLoadingContent" : 809,
      "numberOfNothingToWriteFiles" : 0
    },
    "totalStatsPerFileType" : [ {
      "fileType" : "Dart",
      "partOfTotalProcessingTime" : {
        "part" : 59330516779,
        "total" : 59782722617
      },
      "partOfTotalContentLoadingTime" : {
        "part" : 1484465657,
        "total" : 1524304465
      },
      "totalNumberOfFiles" : 777,
      "totalFilesSize" : 24118419,
      "totalProcessingSpeed" : {
        "totalBytes" : 24118419,
        "totalCpuTime" : 59330516779
      },
      "biggestContributors" : [ {
        "providerName" : "Refreshed files",
        "numberOfFiles" : 777,
        "totalFilesSize" : 24118419,
        "partOfTotalProcessingTimeOfThisFileType" : {
          "part" : 59330516779,
          "total" : 59330516779
        }
      } ]
    }, {
      "fileType" : "YAML",
      "partOfTotalProcessingTime" : {
        "part" : 370363672,
        "total" : 59782722617
      },
      "partOfTotalContentLoadingTime" : {
        "part" : 14911256,
        "total" : 1524304465
      },
      "totalNumberOfFiles" : 7,
      "totalFilesSize" : 108831,
      "totalProcessingSpeed" : {
        "totalBytes" : 108831,
        "totalCpuTime" : 370363672
      },
      "biggestContributors" : [ {
        "providerName" : "Refreshed files",
        "numberOfFiles" : 7,
        "totalFilesSize" : 108831,
        "partOfTotalProcessingTimeOfThisFileType" : {
          "part" : 370363672,
          "total" : 370363672
        }
      } ]
    }, {
      "fileType" : "PLAIN_TEXT",
      "partOfTotalProcessingTime" : {
        "part" : 62080543,
        "total" : 59782722617
      },
      "partOfTotalContentLoadingTime" : {
        "part" : 22583854,
        "total" : 1524304465
      },
      "totalNumberOfFiles" : 23,
      "totalFilesSize" : 13192,
      "totalProcessingSpeed" : {
        "totalBytes" : 13192,
        "totalCpuTime" : 62080543
      },
      "biggestContributors" : [ {
        "providerName" : "Refreshed files",
        "numberOfFiles" : 23,
        "totalFilesSize" : 13192,
        "partOfTotalProcessingTimeOfThisFileType" : {
          "part" : 62080543,
          "total" : 62080543
        }
      } ]
    }, {
      "fileType" : "Markdown",
      "partOfTotalProcessingTime" : {
        "part" : 12012730,
        "total" : 59782722617
      },
      "partOfTotalContentLoadingTime" : {
        "part" : 1644938,
        "total" : 1524304465
      },
      "totalNumberOfFiles" : 1,
      "totalFilesSize" : 689,
      "totalProcessingSpeed" : {
        "totalBytes" : 689,
        "totalCpuTime" : 12012730
      },
      "biggestContributors" : [ {
        "providerName" : "Refreshed files",
        "numberOfFiles" : 1,
        "totalFilesSize" : 689,
        "partOfTotalProcessingTimeOfThisFileType" : {
          "part" : 12012730,
          "total" : 12012730
        }
      } ]
    }, {
      "fileType" : "JSON",
      "partOfTotalProcessingTime" : {
        "part" : 7748893,
        "total" : 59782722617
      },
      "partOfTotalContentLoadingTime" : {
        "part" : 698760,
        "total" : 1524304465
      },
      "totalNumberOfFiles" : 1,
      "totalFilesSize" : 4296,
      "totalProcessingSpeed" : {
        "totalBytes" : 4296,
        "totalCpuTime" : 7748893
      },
      "biggestContributors" : [ {
        "providerName" : "Refreshed files",
        "numberOfFiles" : 1,
        "totalFilesSize" : 4296,
        "partOfTotalProcessingTimeOfThisFileType" : {
          "part" : 7748893,
          "total" : 7748893
        }
      } ]
    } ],
    "totalStatsPerBaseLanguage" : [ {
      "language" : "Dart",
      "partOfTotalProcessingTime" : {
        "part" : 59330516779,
        "total" : 59782722617
      },
      "partOfTotalContentLoadingTime" : {
        "part" : 3008770122,
        "total" : 1524304465
      },
      "totalNumberOfFiles" : 777,
      "totalFilesSize" : 24118419,
      "totalProcessingSpeed" : {
        "totalBytes" : 24118419,
        "totalCpuTime" : 59330516779
      }
    }, {
      "language" : "yaml",
      "partOfTotalProcessingTime" : {
        "part" : 370363672,
        "total" : 59782722617
      },
      "partOfTotalContentLoadingTime" : {
        "part" : 1539215721,
        "total" : 1524304465
      },
      "totalNumberOfFiles" : 7,
      "totalFilesSize" : 108831,
      "totalProcessingSpeed" : {
        "totalBytes" : 108831,
        "totalCpuTime" : 370363672
      }
    }, {
      "language" : "TEXT",
      "partOfTotalProcessingTime" : {
        "part" : 62080543,
        "total" : 59782722617
      },
      "partOfTotalContentLoadingTime" : {
        "part" : 1546888319,
        "total" : 1524304465
      },
      "totalNumberOfFiles" : 23,
      "totalFilesSize" : 13192,
      "totalProcessingSpeed" : {
        "totalBytes" : 13192,
        "totalCpuTime" : 62080543
      }
    }, {
      "language" : "Markdown",
      "partOfTotalProcessingTime" : {
        "part" : 12012730,
        "total" : 59782722617
      },
      "partOfTotalContentLoadingTime" : {
        "part" : 1525949403,
        "total" : 1524304465
      },
      "totalNumberOfFiles" : 1,
      "totalFilesSize" : 689,
      "totalProcessingSpeed" : {
        "totalBytes" : 689,
        "totalCpuTime" : 12012730
      }
    }, {
      "language" : "JSON",
      "partOfTotalProcessingTime" : {
        "part" : 7748893,
        "total" : 59782722617
      },
      "partOfTotalContentLoadingTime" : {
        "part" : 1525003225,
        "total" : 1524304465
      },
      "totalNumberOfFiles" : 1,
      "totalFilesSize" : 4296,
      "totalProcessingSpeed" : {
        "totalBytes" : 4296,
        "totalCpuTime" : 7748893
      }
    } ],
    "totalStatsPerIndexer" : [ {
      "indexId" : "DartImportIndex",
      "partOfTotalIndexingTime" : {
        "part" : 41827769235,
        "total" : 50164724906
      },
      "totalNumberOfFiles" : 777,
      "totalNumberOfFilesIndexedByExtensions" : 0,
      "totalFilesSize" : 24118419,
      "indexValueChangerEvaluationSpeed" : {
        "totalBytes" : 24118419,
        "totalCpuTime" : 41827769235
      }
    }, {
      "indexId" : "IdIndex",
      "partOfTotalIndexingTime" : {
        "part" : 3406334367,
        "total" : 50164724906
      },
      "totalNumberOfFiles" : 809,
      "totalNumberOfFilesIndexedByExtensions" : 0,
      "totalFilesSize" : 24245427,
      "indexValueChangerEvaluationSpeed" : {
        "totalBytes" : 24245427,
        "totalCpuTime" : 3406334367
      }
    }, {
      "indexId" : "Trigram.Index",
      "partOfTotalIndexingTime" : {
        "part" : 1494212226,
        "total" : 50164724906
      },
      "totalNumberOfFiles" : 809,
      "totalNumberOfFilesIndexedByExtensions" : 0,
      "totalFilesSize" : 24245427,
      "indexValueChangerEvaluationSpeed" : {
        "totalBytes" : 24245427,
        "totalCpuTime" : 1494212226
      }
    }, {
      "indexId" : "DartPathIndex",
      "partOfTotalIndexingTime" : {
        "part" : 802576964,
        "total" : 50164724906
      },
      "totalNumberOfFiles" : 777,
      "totalNumberOfFilesIndexedByExtensions" : 0,
      "totalFilesSize" : 24118419,
      "indexValueChangerEvaluationSpeed" : {
        "totalBytes" : 24118419,
        "totalCpuTime" : 802576964
      }
    }, {
      "indexId" : "DartLibraryIndex",
      "partOfTotalIndexingTime" : {
        "part" : 678867233,
        "total" : 50164724906
      },
      "totalNumberOfFiles" : 777,
      "totalNumberOfFilesIndexedByExtensions" : 0,
      "totalFilesSize" : 24118419,
      "indexValueChangerEvaluationSpeed" : {
        "totalBytes" : 24118419,
        "totalCpuTime" : 678867233
      }
    }, {
      "indexId" : "DartSymbolIndex",
      "partOfTotalIndexingTime" : {
        "part" : 620210300,
        "total" : 50164724906
      },
      "totalNumberOfFiles" : 777,
      "totalNumberOfFilesIndexedByExtensions" : 0,
      "totalFilesSize" : 24118419,
      "indexValueChangerEvaluationSpeed" : {
        "totalBytes" : 24118419,
        "totalCpuTime" : 620210300
      }
    }, {
      "indexId" : "DartClassIndex",
      "partOfTotalIndexingTime" : {
        "part" : 573388188,
        "total" : 50164724906
      },
      "totalNumberOfFiles" : 777,
      "totalNumberOfFilesIndexedByExtensions" : 0,
      "totalFilesSize" : 24118419,
      "indexValueChangerEvaluationSpeed" : {
        "totalBytes" : 24118419,
        "totalCpuTime" : 573388188
      }
    }, {
      "indexId" : "DartComponentIndex",
      "partOfTotalIndexingTime" : {
        "part" : 484317543,
        "total" : 50164724906
      },
      "totalNumberOfFiles" : 777,
      "totalNumberOfFilesIndexedByExtensions" : 0,
      "totalFilesSize" : 24118419,
      "indexValueChangerEvaluationSpeed" : {
        "totalBytes" : 24118419,
        "totalCpuTime" : 484317543
      }
    }, {
      "indexId" : "yaml.keys.name",
      "partOfTotalIndexingTime" : {
        "part" : 237367260,
        "total" : 50164724906
      },
      "totalNumberOfFiles" : 7,
      "totalNumberOfFilesIndexedByExtensions" : 0,
      "totalFilesSize" : 108831,
      "indexValueChangerEvaluationSpeed" : {
        "totalBytes" : 108831,
        "totalCpuTime" : 237367260
      }
    }, {
      "indexId" : "docker.compose.services",
      "partOfTotalIndexingTime" : {
        "part" : 21142242,
        "total" : 50164724906
      },
      "totalNumberOfFiles" : 7,
      "totalNumberOfFilesIndexedByExtensions" : 0,
      "totalFilesSize" : 108831,
      "indexValueChangerEvaluationSpeed" : {
        "totalBytes" : 108831,
        "totalCpuTime" : 21142242
      }
    }, {
      "indexId" : "SwReferencesIndex",
      "partOfTotalIndexingTime" : {
        "part" : 9527872,
        "total" : 50164724906
      },
      "totalNumberOfFiles" : 8,
      "totalNumberOfFilesIndexedByExtensions" : 0,
      "totalFilesSize" : 113127,
      "indexValueChangerEvaluationSpeed" : {
        "totalBytes" : 113127,
        "totalCpuTime" : 9527872
      }
    }, {
      "indexId" : "Stubs",
      "partOfTotalIndexingTime" : {
        "part" : 6411145,
        "total" : 50164724906
      },
      "totalNumberOfFiles" : 1,
      "totalNumberOfFilesIndexedByExtensions" : 0,
      "totalFilesSize" : 689,
      "indexValueChangerEvaluationSpeed" : {
        "totalBytes" : 689,
        "totalCpuTime" : 6411145
      }
    }, {
      "indexId" : "OpenapiSpecificationContentIndexer",
      "partOfTotalIndexingTime" : {
        "part" : 1725946,
        "total" : 50164724906
      },
      "totalNumberOfFiles" : 8,
      "totalNumberOfFilesIndexedByExtensions" : 0,
      "totalFilesSize" : 113127,
      "indexValueChangerEvaluationSpeed" : {
        "totalBytes" : 113127,
        "totalCpuTime" : 1725946
      }
    }, {
      "indexId" : "FrameworkDetectionIndex",
      "partOfTotalIndexingTime" : {
        "part" : 489251,
        "total" : 50164724906
      },
      "totalNumberOfFiles" : 8,
      "totalNumberOfFilesIndexedByExtensions" : 0,
      "totalFilesSize" : 113127,
      "indexValueChangerEvaluationSpeed" : {
        "totalBytes" : 113127,
        "totalCpuTime" : 489251
      }
    }, {
      "indexId" : "json.file.root.values",
      "partOfTotalIndexingTime" : {
        "part" : 385134,
        "total" : 50164724906
      },
      "totalNumberOfFiles" : 1,
      "totalNumberOfFilesIndexedByExtensions" : 0,
      "totalFilesSize" : 4296,
      "indexValueChangerEvaluationSpeed" : {
        "totalBytes" : 4296,
        "totalCpuTime" : 385134
      }
    } ],
    "statisticsOfChangedDuringIndexingFiles" : {
      "numberOfFiles" : 809,
      "retrievingTime" : 4589451
    },
    "fileProviderStatistics" : [ {
      "providerName" : "Refreshed files",
      "totalNumberOfIndexedFiles" : 809,
      "totalNumberOfFilesFullyIndexedByExtensions" : 0,
      "totalNumberOfNothingToWriteFiles" : 0,
      "totalIndexingVisibleTime" : 20435437452,
      "contentLoadingVisibleTime" : 521050684,
      "numberOfTooLargeForIndexingFiles" : 0,
      "slowIndexedFiles" : [ {
        "fileName" : "editable_text.dart",
        "processingTime" : 514108175,
        "evaluationOfIndexValueChangerTime" : 502619501,
        "contentLoadingTime" : 1217639
      }, {
        "fileName" : "basic.dart",
        "processingTime" : 745855219,
        "evaluationOfIndexValueChangerTime" : 666225330,
        "contentLoadingTime" : 900962
      }, {
        "fileName" : "painting.dart",
        "processingTime" : 686126790,
        "evaluationOfIndexValueChangerTime" : 671028844,
        "contentLoadingTime" : 1464524
      }, {
        "fileName" : "time_picker.dart",
        "processingTime" : 1420350141,
        "evaluationOfIndexValueChangerTime" : 1379902962,
        "contentLoadingTime" : 759904
      }, {
        "fileName" : "icons.dart",
        "processingTime" : 6716406120,
        "evaluationOfIndexValueChangerTime" : 6618432059,
        "contentLoadingTime" : 13427999
      }, {
        "fileName" : "segmented_button.dart",
        "processingTime" : 1261793978,
        "evaluationOfIndexValueChangerTime" : 21066050,
        "contentLoadingTime" : 316742
      }, {
        "fileName" : "html_dart2js.dart",
        "processingTime" : 3654050076,
        "evaluationOfIndexValueChangerTime" : 3580913789,
        "contentLoadingTime" : 10834537
      }, {
        "fileName" : "html_dart2js.dart",
        "processingTime" : 3942986100,
        "evaluationOfIndexValueChangerTime" : 3904567902,
        "contentLoadingTime" : 7951467
      } ],
      "filesFullyIndexedByExtensions" : [ ],
      "separateApplyingIndexesVisibleTime" : 2395247143
    } ],
    "visibleTimeToAllThreadTimeRatio" : 0.34182848417460526
  }
}