{
  "appInfo" : {
    "build" : "233.11799.241",
    "buildDate" : "2023-12-02T05:05:00Z[UTC]",
    "productCode" : "IU",
    "generated" : "2024-01-06T17:22:53.107153Z",
    "os" : "macOS 13.6",
    "runtime" : "JetBrains s.r.o. 17.0.9 17.0.9+7-b1087.7"
  },
  "runtimeInfo" : {
    "maxMemory" : 3170893824,
    "numberOfProcessors" : 4,
    "maxNumberOfIndexingThreads" : 3,
    "maxSizeOfFileForIntelliSense" : 2560000,
    "maxSizeOfFileForContentLoading" : 20971520
  },
  "type" : "DumbIndexing",
  "projectIndexingActivityHistory" : {
    "projectName" : "sportlive_monitor",
    "times" : {
      "scanningIds" : [ 42 ],
      "contentLoadingVisibleTime" : 309383984,
      "retrievingChangedDuringIndexingFilesTime" : 319079,
      "separateApplyingIndexesVisibleTime" : 1429822239,
      "updatingStart" : "2024-01-06T17:22:46.123374Z",
      "updatingEnd" : "2024-01-06T17:22:53.104973Z",
      "totalWallTimeWithPauses" : 6981579053,
      "wallTimeOnPause" : 0,
      "wasInterrupted" : false,
      "dumbWallTimeWithPauses" : 6981579053,
      "dumbWallTimeWithoutPauses" : 6981579053,
      "dumbModeStart" : "2024-01-06T17:22:46.123374Z",
      "totalWallTimeWithoutPauses" : 6981579053
    },
    "fileCount" : {
      "numberOfChangedDuringIndexingFiles" : 0,
      "numberOfFilesIndexedByInfrastructureExtensionsDuringIndexingStage" : 0,
      "numberOfFilesIndexedWithLoadingContent" : 399,
      "numberOfNothingToWriteFiles" : 0
    },
    "totalStatsPerFileType" : [ {
      "fileType" : "Dart",
      "partOfTotalProcessingTime" : {
        "part" : 13950825726,
        "total" : 14001787214
      },
      "partOfTotalContentLoadingTime" : {
        "part" : 614933092,
        "total" : 620876892
      },
      "totalNumberOfFiles" : 387,
      "totalFilesSize" : 1682748,
      "totalProcessingSpeed" : {
        "totalBytes" : 1682748,
        "totalCpuTime" : 13950825726
      },
      "biggestContributors" : [ {
        "providerName" : "Library Dart Packages (#93 class roots, #0 source roots)",
        "numberOfFiles" : 387,
        "totalFilesSize" : 1682748,
        "partOfTotalProcessingTimeOfThisFileType" : {
          "part" : 13950825726,
          "total" : 13950825726
        }
      } ]
    }, {
      "fileType" : "YAML",
      "partOfTotalProcessingTime" : {
        "part" : 50961488,
        "total" : 14001787214
      },
      "partOfTotalContentLoadingTime" : {
        "part" : 5943800,
        "total" : 620876892
      },
      "totalNumberOfFiles" : 12,
      "totalFilesSize" : 12710,
      "totalProcessingSpeed" : {
        "totalBytes" : 12710,
        "totalCpuTime" : 50961488
      },
      "biggestContributors" : [ {
        "providerName" : "Library Dart Packages (#93 class roots, #0 source roots)",
        "numberOfFiles" : 12,
        "totalFilesSize" : 12710,
        "partOfTotalProcessingTimeOfThisFileType" : {
          "part" : 50961488,
          "total" : 50961488
        }
      } ]
    } ],
    "totalStatsPerBaseLanguage" : [ {
      "language" : "Dart",
      "partOfTotalProcessingTime" : {
        "part" : 13950825726,
        "total" : 14001787214
      },
      "partOfTotalContentLoadingTime" : {
        "part" : 1235809984,
        "total" : 620876892
      },
      "totalNumberOfFiles" : 387,
      "totalFilesSize" : 1682748,
      "totalProcessingSpeed" : {
        "totalBytes" : 1682748,
        "totalCpuTime" : 13950825726
      }
    }, {
      "language" : "yaml",
      "partOfTotalProcessingTime" : {
        "part" : 50961488,
        "total" : 14001787214
      },
      "partOfTotalContentLoadingTime" : {
        "part" : 626820692,
        "total" : 620876892
      },
      "totalNumberOfFiles" : 12,
      "totalFilesSize" : 12710,
      "totalProcessingSpeed" : {
        "totalBytes" : 12710,
        "totalCpuTime" : 50961488
      }
    } ],
    "totalStatsPerIndexer" : [ {
      "indexId" : "DartImportIndex",
      "partOfTotalIndexingTime" : {
        "part" : 8661854173,
        "total" : 9323576395
      },
      "totalNumberOfFiles" : 387,
      "totalNumberOfFilesIndexedByExtensions" : 0,
      "totalFilesSize" : 1682748,
      "indexValueChangerEvaluationSpeed" : {
        "totalBytes" : 1682748,
        "totalCpuTime" : 8661854173
      }
    }, {
      "indexId" : "IdIndex",
      "partOfTotalIndexingTime" : {
        "part" : 211291105,
        "total" : 9323576395
      },
      "totalNumberOfFiles" : 399,
      "totalNumberOfFilesIndexedByExtensions" : 0,
      "totalFilesSize" : 1695458,
      "indexValueChangerEvaluationSpeed" : {
        "totalBytes" : 1695458,
        "totalCpuTime" : 211291105
      }
    }, {
      "indexId" : "DartComponentIndex",
      "partOfTotalIndexingTime" : {
        "part" : 174781049,
        "total" : 9323576395
      },
      "totalNumberOfFiles" : 387,
      "totalNumberOfFilesIndexedByExtensions" : 0,
      "totalFilesSize" : 1682748,
      "indexValueChangerEvaluationSpeed" : {
        "totalBytes" : 1682748,
        "totalCpuTime" : 174781049
      }
    }, {
      "indexId" : "Trigram.Index",
      "partOfTotalIndexingTime" : {
        "part" : 83240798,
        "total" : 9323576395
      },
      "totalNumberOfFiles" : 399,
      "totalNumberOfFilesIndexedByExtensions" : 0,
      "totalFilesSize" : 1695458,
      "indexValueChangerEvaluationSpeed" : {
        "totalBytes" : 1695458,
        "totalCpuTime" : 83240798
      }
    }, {
      "indexId" : "DartPathIndex",
      "partOfTotalIndexingTime" : {
        "part" : 55483113,
        "total" : 9323576395
      },
      "totalNumberOfFiles" : 387,
      "totalNumberOfFilesIndexedByExtensions" : 0,
      "totalFilesSize" : 1682748,
      "indexValueChangerEvaluationSpeed" : {
        "totalBytes" : 1682748,
        "totalCpuTime" : 55483113
      }
    }, {
      "indexId" : "DartSymbolIndex",
      "partOfTotalIndexingTime" : {
        "part" : 50169099,
        "total" : 9323576395
      },
      "totalNumberOfFiles" : 387,
      "totalNumberOfFilesIndexedByExtensions" : 0,
      "totalFilesSize" : 1682748,
      "indexValueChangerEvaluationSpeed" : {
        "totalBytes" : 1682748,
        "totalCpuTime" : 50169099
      }
    }, {
      "indexId" : "DartClassIndex",
      "partOfTotalIndexingTime" : {
        "part" : 40808750,
        "total" : 9323576395
      },
      "totalNumberOfFiles" : 387,
      "totalNumberOfFilesIndexedByExtensions" : 0,
      "totalFilesSize" : 1682748,
      "indexValueChangerEvaluationSpeed" : {
        "totalBytes" : 1682748,
        "totalCpuTime" : 40808750
      }
    }, {
      "indexId" : "DartLibraryIndex",
      "partOfTotalIndexingTime" : {
        "part" : 35617235,
        "total" : 9323576395
      },
      "totalNumberOfFiles" : 387,
      "totalNumberOfFilesIndexedByExtensions" : 0,
      "totalFilesSize" : 1682748,
      "indexValueChangerEvaluationSpeed" : {
        "totalBytes" : 1682748,
        "totalCpuTime" : 35617235
      }
    }, {
      "indexId" : "yaml.keys.name",
      "partOfTotalIndexingTime" : {
        "part" : 7414375,
        "total" : 9323576395
      },
      "totalNumberOfFiles" : 12,
      "totalNumberOfFilesIndexedByExtensions" : 0,
      "totalFilesSize" : 12710,
      "indexValueChangerEvaluationSpeed" : {
        "totalBytes" : 12710,
        "totalCpuTime" : 7414375
      }
    }, {
      "indexId" : "SwReferencesIndex",
      "partOfTotalIndexingTime" : {
        "part" : 1049283,
        "total" : 9323576395
      },
      "totalNumberOfFiles" : 12,
      "totalNumberOfFilesIndexedByExtensions" : 0,
      "totalFilesSize" : 12710,
      "indexValueChangerEvaluationSpeed" : {
        "totalBytes" : 12710,
        "totalCpuTime" : 1049283
      }
    }, {
      "indexId" : "OpenapiSpecificationContentIndexer",
      "partOfTotalIndexingTime" : {
        "part" : 837407,
        "total" : 9323576395
      },
      "totalNumberOfFiles" : 12,
      "totalNumberOfFilesIndexedByExtensions" : 0,
      "totalFilesSize" : 12710,
      "indexValueChangerEvaluationSpeed" : {
        "totalBytes" : 12710,
        "totalCpuTime" : 837407
      }
    }, {
      "indexId" : "docker.compose.services",
      "partOfTotalIndexingTime" : {
        "part" : 524340,
        "total" : 9323576395
      },
      "totalNumberOfFiles" : 12,
      "totalNumberOfFilesIndexedByExtensions" : 0,
      "totalFilesSize" : 12710,
      "indexValueChangerEvaluationSpeed" : {
        "totalBytes" : 12710,
        "totalCpuTime" : 524340
      }
    }, {
      "indexId" : "FrameworkDetectionIndex",
      "partOfTotalIndexingTime" : {
        "part" : 505668,
        "total" : 9323576395
      },
      "totalNumberOfFiles" : 12,
      "totalNumberOfFilesIndexedByExtensions" : 0,
      "totalFilesSize" : 12710,
      "indexValueChangerEvaluationSpeed" : {
        "totalBytes" : 12710,
        "totalCpuTime" : 505668
      }
    } ],
    "statisticsOfChangedDuringIndexingFiles" : {
      "numberOfFiles" : 0,
      "retrievingTime" : 319079
    },
    "fileProviderStatistics" : [ {
      "providerName" : "Library Dart Packages (#93 class roots, #0 source roots)",
      "totalNumberOfIndexedFiles" : 399,
      "totalNumberOfFilesFullyIndexedByExtensions" : 0,
      "totalNumberOfNothingToWriteFiles" : 0,
      "totalIndexingVisibleTime" : 6977113775,
      "contentLoadingVisibleTime" : 309383984,
      "numberOfTooLargeForIndexingFiles" : 0,
      "slowIndexedFiles" : [ {
        "fileName" : "tiger.dart",
        "processingTime" : 602078662,
        "evaluationOfIndexValueChangerTime" : 496248603,
        "contentLoadingTime" : 1647392
      }, {
        "fileName" : "aes_fast.dart",
        "processingTime" : 629228264,
        "evaluationOfIndexValueChangerTime" : 261911134,
        "contentLoadingTime" : 753165
      }, {
        "fileName" : "whirlpool.dart",
        "processingTime" : 1611432576,
        "evaluationOfIndexValueChangerTime" : 924758586,
        "contentLoadingTime" : 2192583
      }, {
        "fileName" : "unormdata.dart",
        "processingTime" : 3762854323,
        "evaluationOfIndexValueChangerTime" : 3731781280,
        "contentLoadingTime" : 2830064
      } ],
      "filesFullyIndexedByExtensions" : [ ],
      "separateApplyingIndexesVisibleTime" : 1429822239
    }, {
      "providerName" : "Refreshed files",
      "totalNumberOfIndexedFiles" : 0,
      "totalNumberOfFilesFullyIndexedByExtensions" : 0,
      "totalNumberOfNothingToWriteFiles" : 0,
      "totalIndexingVisibleTime" : 0,
      "contentLoadingVisibleTime" : 0,
      "numberOfTooLargeForIndexingFiles" : 0,
      "slowIndexedFiles" : [ ],
      "filesFullyIndexedByExtensions" : [ ],
      "separateApplyingIndexesVisibleTime" : 0
    } ],
    "visibleTimeToAllThreadTimeRatio" : 0.0
  }
}