{
  "appInfo" : {
    "build" : "233.11799.241",
    "buildDate" : "2023-12-02T05:05:00Z[UTC]",
    "productCode" : "IU",
    "generated" : "2024-01-06T23:42:52.97083Z",
    "os" : "macOS 13.6",
    "runtime" : "JetBrains s.r.o. 17.0.9 17.0.9+7-b1087.7"
  },
  "runtimeInfo" : {
    "maxMemory" : 3170893824,
    "numberOfProcessors" : 4,
    "maxNumberOfIndexingThreads" : 3,
    "maxSizeOfFileForIntelliSense" : 2560000,
    "maxSizeOfFileForContentLoading" : 20971520
  },
  "type" : "Scanning",
  "projectIndexingActivityHistory" : {
    "projectName" : "sportlive_monitor",
    "times" : {
      "scanningReason" : "changes in: \"Library Dart Packages (#83 class roots, #0 source roots)\"",
      "scanningType" : "PARTIAL",
      "scanningId" : 50,
      "creatingIteratorsTime" : 6471000,
      "concurrentHandlingWallTimeWithoutPauses" : 1000363000,
      "concurrentHandlingWallTimeWithPauses" : 1000363000,
      "concurrentHandlingSumOfThreadTimesWithPauses" : 828332399,
      "concurrentIterationAndScannersApplicationSumOfThreadTimesWithPauses" : 100570646,
      "concurrentFileCheckSumOfThreadTimesWithPauses" : 725486097,
      "delayedPushPropertiesStageTime" : 4160000,
      "indexExtensionsTime" : 0,
      "dumbWallTimeWithPauses" : 0,
      "dumbWallTimeWithoutPauses" : 0,
      "updatingStart" : "2024-01-06T23:42:51.905496Z",
      "updatingEnd" : "2024-01-06T23:42:52.950432Z",
      "totalWallTimeWithPauses" : 1044592260,
      "wallTimeOnPause" : 0,
      "wasInterrupted" : false,
      "totalWallTimeWithoutPauses" : 1044592260
    },
    "fileCount" : {
      "numberOfFileProviders" : 1,
      "numberOfScannedFiles" : 3079,
      "numberOfFilesIndexedByInfrastructureExtensionsDuringScan" : 0,
      "numberOfFilesScheduledForIndexingAfterScan" : 0
    },
    "scanningStatistics" : [ {
      "providerName" : "Library Dart Packages (#83 class roots, #0 source roots)",
      "numberOfScannedFiles" : 3079,
      "numberOfSkippedFiles" : 0,
      "numberOfFilesForIndexing" : 0,
      "numberOfFilesFullyIndexedByInfrastructureExtensions" : 0,
      "filesFullyIndexedByInfrastructureExtensions" : [ ],
      "statusTime" : 535041927,
      "totalOneThreadTimeWithPauses" : 828332399,
      "iterationAndScannersApplicationTime" : 100570646,
      "filesCheckTime" : 725486097,
      "timeProcessingUpToDateFiles" : 113895821,
      "timeUpdatingContentLessIndexes" : 0,
      "timeIndexingWithoutContentViaInfrastructureExtension" : 0,
      "roots" : [ ]
    } ]
  }
}