{
  "appInfo" : {
    "build" : "233.11799.241",
    "buildDate" : "2023-12-02T05:05:00Z[UTC]",
    "productCode" : "IU",
    "generated" : "2024-01-06T11:49:49.700007Z",
    "os" : "macOS 13.6",
    "runtime" : "JetBrains s.r.o. 17.0.9 17.0.9+7-b1087.7"
  },
  "runtimeInfo" : {
    "maxMemory" : 3170893824,
    "numberOfProcessors" : 4,
    "maxNumberOfIndexingThreads" : 3,
    "maxSizeOfFileForIntelliSense" : 2560000,
    "maxSizeOfFileForContentLoading" : 20971520
  },
  "type" : "Scanning",
  "projectIndexingActivityHistory" : {
    "projectName" : "sportlive_monitor",
    "times" : {
      "scanningReason" : "changes in: \"Library Dart Packages (#24 class roots, #0 source roots)\"",
      "scanningType" : "PARTIAL",
      "scanningId" : 13,
      "creatingIteratorsTime" : 1000,
      "concurrentHandlingWallTimeWithoutPauses" : 882250000,
      "concurrentHandlingWallTimeWithPauses" : 882315000,
      "concurrentHandlingSumOfThreadTimesWithPauses" : 561406031,
      "concurrentIterationAndScannersApplicationSumOfThreadTimesWithPauses" : 291468010,
      "concurrentFileCheckSumOfThreadTimesWithPauses" : 269703834,
      "delayedPushPropertiesStageTime" : 16000,
      "indexExtensionsTime" : 47821996,
      "dumbModeStart" : "2024-01-06T11:49:48.811107Z",
      "dumbWallTimeWithPauses" : 884191000,
      "dumbWallTimeWithoutPauses" : 884126000,
      "updatingStart" : "2024-01-06T11:49:48.810634Z",
      "updatingEnd" : "2024-01-06T11:49:49.695298Z",
      "totalWallTimeWithPauses" : 884635183,
      "wallTimeOnPause" : 65000,
      "wasInterrupted" : false,
      "totalWallTimeWithoutPauses" : 884570183
    },
    "fileCount" : {
      "numberOfFileProviders" : 1,
      "numberOfScannedFiles" : 1534,
      "numberOfFilesIndexedByInfrastructureExtensionsDuringScan" : 0,
      "numberOfFilesScheduledForIndexingAfterScan" : 1534
    },
    "scanningStatistics" : [ {
      "providerName" : "Library Dart Packages (#24 class roots, #0 source roots)",
      "numberOfScannedFiles" : 1534,
      "numberOfSkippedFiles" : 0,
      "numberOfFilesForIndexing" : 1534,
      "numberOfFilesFullyIndexedByInfrastructureExtensions" : 0,
      "filesFullyIndexedByInfrastructureExtensions" : [ ],
      "statusTime" : 224697064,
      "totalOneThreadTimeWithPauses" : 561406031,
      "iterationAndScannersApplicationTime" : 291468010,
      "filesCheckTime" : 269703834,
      "timeProcessingUpToDateFiles" : 0,
      "timeUpdatingContentLessIndexes" : 85207894,
      "timeIndexingWithoutContentViaInfrastructureExtension" : 47821996,
      "roots" : [ ]
    } ]
  }
}