{
  "appInfo" : {
    "build" : "233.11799.241",
    "buildDate" : "2023-12-02T05:05:00Z[UTC]",
    "productCode" : "IU",
    "generated" : "2024-01-06T17:01:00.571475Z",
    "os" : "macOS 13.6",
    "runtime" : "JetBrains s.r.o. 17.0.9 17.0.9+7-b1087.7"
  },
  "runtimeInfo" : {
    "maxMemory" : 3170893824,
    "numberOfProcessors" : 4,
    "maxNumberOfIndexingThreads" : 3,
    "maxSizeOfFileForIntelliSense" : 2560000,
    "maxSizeOfFileForContentLoading" : 20971520
  },
  "type" : "DumbIndexing",
  "projectIndexingActivityHistory" : {
    "projectName" : "sportlive_monitor",
    "times" : {
      "scanningIds" : [ ],
      "contentLoadingVisibleTime" : 29281754,
      "retrievingChangedDuringIndexingFilesTime" : 93018,
      "separateApplyingIndexesVisibleTime" : 273246743,
      "updatingStart" : "2024-01-06T17:00:59.928975Z",
      "updatingEnd" : "2024-01-06T17:01:00.570644Z",
      "totalWallTimeWithPauses" : 641664787,
      "wallTimeOnPause" : 0,
      "wasInterrupted" : false,
      "dumbWallTimeWithPauses" : 641664787,
      "dumbWallTimeWithoutPauses" : 641664787,
      "dumbModeStart" : "2024-01-06T17:00:59.928975Z",
      "totalWallTimeWithoutPauses" : 641664787
    },
    "fileCount" : {
      "numberOfChangedDuringIndexingFiles" : 27,
      "numberOfFilesIndexedByInfrastructureExtensionsDuringIndexingStage" : 0,
      "numberOfFilesIndexedWithLoadingContent" : 27,
      "numberOfNothingToWriteFiles" : 0
    },
    "totalStatsPerFileType" : [ {
      "fileType" : "UNKNOWN",
      "partOfTotalProcessingTime" : {
        "part" : 134215248,
        "total" : 134215248
      },
      "partOfTotalContentLoadingTime" : {
        "part" : 6139226,
        "total" : 6139226
      },
      "totalNumberOfFiles" : 27,
      "totalFilesSize" : 0,
      "totalProcessingSpeed" : {
        "totalBytes" : 0,
        "totalCpuTime" : 134215248
      },
      "biggestContributors" : [ {
        "providerName" : "Refreshed files",
        "numberOfFiles" : 27,
        "totalFilesSize" : 0,
        "partOfTotalProcessingTimeOfThisFileType" : {
          "part" : 134215248,
          "total" : 134215248
        }
      } ]
    } ],
    "totalStatsPerBaseLanguage" : [ ],
    "totalStatsPerIndexer" : [ ],
    "statisticsOfChangedDuringIndexingFiles" : {
      "numberOfFiles" : 27,
      "retrievingTime" : 93018
    },
    "fileProviderStatistics" : [ {
      "providerName" : "Refreshed files",
      "totalNumberOfIndexedFiles" : 27,
      "totalNumberOfFilesFullyIndexedByExtensions" : 0,
      "totalNumberOfNothingToWriteFiles" : 0,
      "totalIndexingVisibleTime" : 640155289,
      "contentLoadingVisibleTime" : 29281754,
      "numberOfTooLargeForIndexingFiles" : 0,
      "slowIndexedFiles" : [ ],
      "filesFullyIndexedByExtensions" : [ ],
      "separateApplyingIndexesVisibleTime" : 273246743
    } ],
    "visibleTimeToAllThreadTimeRatio" : 4.769616705547495
  }
}