{
  "appInfo" : {
    "build" : "233.11799.241",
    "buildDate" : "2023-12-02T05:05:00Z[UTC]",
    "productCode" : "IU",
    "generated" : "2024-01-07T18:27:21.055811Z",
    "os" : "macOS 13.6",
    "runtime" : "JetBrains s.r.o. 17.0.9 17.0.9+7-b1087.7"
  },
  "runtimeInfo" : {
    "maxMemory" : 3170893824,
    "numberOfProcessors" : 4,
    "maxNumberOfIndexingThreads" : 3,
    "maxSizeOfFileForIntelliSense" : 2560000,
    "maxSizeOfFileForContentLoading" : 20971520
  },
  "type" : "DumbIndexing",
  "projectIndexingActivityHistory" : {
    "projectName" : "sportlive_monitor",
    "times" : {
      "scanningIds" : [ 11 ],
      "contentLoadingVisibleTime" : 47815670,
      "retrievingChangedDuringIndexingFilesTime" : 48893,
      "separateApplyingIndexesVisibleTime" : 236634228,
      "updatingStart" : "2024-01-07T18:27:20.359696Z",
      "updatingEnd" : "2024-01-07T18:27:21.053855Z",
      "totalWallTimeWithPauses" : 694155022,
      "wallTimeOnPause" : 0,
      "wasInterrupted" : false,
      "dumbModeStart" : "2024-01-07T18:27:20.359696Z",
      "dumbWallTimeWithoutPauses" : 694155022,
      "dumbWallTimeWithPauses" : 694155022,
      "totalWallTimeWithoutPauses" : 694155022
    },
    "fileCount" : {
      "numberOfChangedDuringIndexingFiles" : 0,
      "numberOfFilesIndexedByInfrastructureExtensionsDuringIndexingStage" : 0,
      "numberOfFilesIndexedWithLoadingContent" : 128,
      "numberOfNothingToWriteFiles" : 0
    },
    "totalStatsPerFileType" : [ {
      "fileType" : "Dart",
      "partOfTotalProcessingTime" : {
        "part" : 2020027479,
        "total" : 2030352559
      },
      "partOfTotalContentLoadingTime" : {
        "part" : 140038128,
        "total" : 140259506
      },
      "totalNumberOfFiles" : 127,
      "totalFilesSize" : 638150,
      "totalProcessingSpeed" : {
        "totalBytes" : 638150,
        "totalCpuTime" : 2020027479
      },
      "biggestContributors" : [ {
        "providerName" : "Library Dart Packages (#84 class roots, #0 source roots)",
        "numberOfFiles" : 127,
        "totalFilesSize" : 638150,
        "partOfTotalProcessingTimeOfThisFileType" : {
          "part" : 2020027479,
          "total" : 2020027479
        }
      } ]
    }, {
      "fileType" : "PLAIN_TEXT",
      "partOfTotalProcessingTime" : {
        "part" : 10325080,
        "total" : 2030352559
      },
      "partOfTotalContentLoadingTime" : {
        "part" : 221378,
        "total" : 140259506
      },
      "totalNumberOfFiles" : 1,
      "totalFilesSize" : 46227,
      "totalProcessingSpeed" : {
        "totalBytes" : 46227,
        "totalCpuTime" : 10325080
      },
      "biggestContributors" : [ {
        "providerName" : "Library Dart Packages (#84 class roots, #0 source roots)",
        "numberOfFiles" : 1,
        "totalFilesSize" : 46227,
        "partOfTotalProcessingTimeOfThisFileType" : {
          "part" : 10325080,
          "total" : 10325080
        }
      } ]
    } ],
    "totalStatsPerBaseLanguage" : [ {
      "language" : "Dart",
      "partOfTotalProcessingTime" : {
        "part" : 2020027479,
        "total" : 2030352559
      },
      "partOfTotalContentLoadingTime" : {
        "part" : 280297634,
        "total" : 140259506
      },
      "totalNumberOfFiles" : 127,
      "totalFilesSize" : 638150,
      "totalProcessingSpeed" : {
        "totalBytes" : 638150,
        "totalCpuTime" : 2020027479
      }
    }, {
      "language" : "TEXT",
      "partOfTotalProcessingTime" : {
        "part" : 10325080,
        "total" : 2030352559
      },
      "partOfTotalContentLoadingTime" : {
        "part" : 140480884,
        "total" : 140259506
      },
      "totalNumberOfFiles" : 1,
      "totalFilesSize" : 46227,
      "totalProcessingSpeed" : {
        "totalBytes" : 46227,
        "totalCpuTime" : 10325080
      }
    } ],
    "totalStatsPerIndexer" : [ {
      "indexId" : "DartPathIndex",
      "partOfTotalIndexingTime" : {
        "part" : 846396593,
        "total" : 1055832652
      },
      "totalNumberOfFiles" : 127,
      "totalNumberOfFilesIndexedByExtensions" : 0,
      "totalFilesSize" : 638150,
      "indexValueChangerEvaluationSpeed" : {
        "totalBytes" : 638150,
        "totalCpuTime" : 846396593
      }
    }, {
      "indexId" : "IdIndex",
      "partOfTotalIndexingTime" : {
        "part" : 79521119,
        "total" : 1055832652
      },
      "totalNumberOfFiles" : 128,
      "totalNumberOfFilesIndexedByExtensions" : 0,
      "totalFilesSize" : 684377,
      "indexValueChangerEvaluationSpeed" : {
        "totalBytes" : 684377,
        "totalCpuTime" : 79521119
      }
    }, {
      "indexId" : "Trigram.Index",
      "partOfTotalIndexingTime" : {
        "part" : 29578887,
        "total" : 1055832652
      },
      "totalNumberOfFiles" : 128,
      "totalNumberOfFilesIndexedByExtensions" : 0,
      "totalFilesSize" : 684377,
      "indexValueChangerEvaluationSpeed" : {
        "totalBytes" : 684377,
        "totalCpuTime" : 29578887
      }
    }, {
      "indexId" : "DartSymbolIndex",
      "partOfTotalIndexingTime" : {
        "part" : 28209472,
        "total" : 1055832652
      },
      "totalNumberOfFiles" : 127,
      "totalNumberOfFilesIndexedByExtensions" : 0,
      "totalFilesSize" : 638150,
      "indexValueChangerEvaluationSpeed" : {
        "totalBytes" : 638150,
        "totalCpuTime" : 28209472
      }
    }, {
      "indexId" : "DartComponentIndex",
      "partOfTotalIndexingTime" : {
        "part" : 21728511,
        "total" : 1055832652
      },
      "totalNumberOfFiles" : 127,
      "totalNumberOfFilesIndexedByExtensions" : 0,
      "totalFilesSize" : 638150,
      "indexValueChangerEvaluationSpeed" : {
        "totalBytes" : 638150,
        "totalCpuTime" : 21728511
      }
    }, {
      "indexId" : "DartClassIndex",
      "partOfTotalIndexingTime" : {
        "part" : 19052004,
        "total" : 1055832652
      },
      "totalNumberOfFiles" : 127,
      "totalNumberOfFilesIndexedByExtensions" : 0,
      "totalFilesSize" : 638150,
      "indexValueChangerEvaluationSpeed" : {
        "totalBytes" : 638150,
        "totalCpuTime" : 19052004
      }
    }, {
      "indexId" : "DartImportIndex",
      "partOfTotalIndexingTime" : {
        "part" : 18370718,
        "total" : 1055832652
      },
      "totalNumberOfFiles" : 127,
      "totalNumberOfFilesIndexedByExtensions" : 0,
      "totalFilesSize" : 638150,
      "indexValueChangerEvaluationSpeed" : {
        "totalBytes" : 638150,
        "totalCpuTime" : 18370718
      }
    }, {
      "indexId" : "DartLibraryIndex",
      "partOfTotalIndexingTime" : {
        "part" : 12975348,
        "total" : 1055832652
      },
      "totalNumberOfFiles" : 127,
      "totalNumberOfFilesIndexedByExtensions" : 0,
      "totalFilesSize" : 638150,
      "indexValueChangerEvaluationSpeed" : {
        "totalBytes" : 638150,
        "totalCpuTime" : 12975348
      }
    } ],
    "statisticsOfChangedDuringIndexingFiles" : {
      "numberOfFiles" : 0,
      "retrievingTime" : 48893
    },
    "fileProviderStatistics" : [ {
      "providerName" : "Library Dart Packages (#84 class roots, #0 source roots)",
      "totalNumberOfIndexedFiles" : 128,
      "totalNumberOfFilesFullyIndexedByExtensions" : 0,
      "totalNumberOfNothingToWriteFiles" : 0,
      "totalIndexingVisibleTime" : 692164623,
      "contentLoadingVisibleTime" : 47815670,
      "numberOfTooLargeForIndexingFiles" : 0,
      "slowIndexedFiles" : [ ],
      "filesFullyIndexedByExtensions" : [ ],
      "separateApplyingIndexesVisibleTime" : 236634228
    }, {
      "providerName" : "Refreshed files",
      "totalNumberOfIndexedFiles" : 0,
      "totalNumberOfFilesFullyIndexedByExtensions" : 0,
      "totalNumberOfNothingToWriteFiles" : 0,
      "totalIndexingVisibleTime" : 0,
      "contentLoadingVisibleTime" : 0,
      "numberOfTooLargeForIndexingFiles" : 0,
      "slowIndexedFiles" : [ ],
      "filesFullyIndexedByExtensions" : [ ],
      "separateApplyingIndexesVisibleTime" : 0
    } ],
    "visibleTimeToAllThreadTimeRatio" : 0.0
  }
}