{
  "appInfo" : {
    "build" : "233.11799.241",
    "buildDate" : "2023-12-02T05:05:00Z[UTC]",
    "productCode" : "IU",
    "generated" : "2024-01-06T18:04:45.298438Z",
    "os" : "macOS 13.6",
    "runtime" : "JetBrains s.r.o. 17.0.9 17.0.9+7-b1087.7"
  },
  "runtimeInfo" : {
    "maxMemory" : 3170893824,
    "numberOfProcessors" : 4,
    "maxNumberOfIndexingThreads" : 3,
    "maxSizeOfFileForIntelliSense" : 2560000,
    "maxSizeOfFileForContentLoading" : 20971520
  },
  "type" : "DumbIndexing",
  "projectIndexingActivityHistory" : {
    "projectName" : "sportlive_monitor",
    "times" : {
      "scanningIds" : [ ],
      "contentLoadingVisibleTime" : 1594218,
      "retrievingChangedDuringIndexingFilesTime" : 3576128,
      "separateApplyingIndexesVisibleTime" : 111892654,
      "updatingStart" : "2024-01-06T18:04:45.169837Z",
      "updatingEnd" : "2024-01-06T18:04:45.297305Z",
      "totalWallTimeWithPauses" : 127459064,
      "wallTimeOnPause" : 0,
      "wasInterrupted" : false,
      "dumbWallTimeWithPauses" : 127459064,
      "dumbWallTimeWithoutPauses" : 127459064,
      "dumbModeStart" : "2024-01-06T18:04:45.169837Z",
      "totalWallTimeWithoutPauses" : 127459064
    },
    "fileCount" : {
      "numberOfChangedDuringIndexingFiles" : 78,
      "numberOfFilesIndexedByInfrastructureExtensionsDuringIndexingStage" : 0,
      "numberOfFilesIndexedWithLoadingContent" : 78,
      "numberOfNothingToWriteFiles" : 0
    },
    "totalStatsPerFileType" : [ {
      "fileType" : "UNKNOWN",
      "partOfTotalProcessingTime" : {
        "part" : 342314398,
        "total" : 342314398
      },
      "partOfTotalContentLoadingTime" : {
        "part" : 4580512,
        "total" : 4580512
      },
      "totalNumberOfFiles" : 78,
      "totalFilesSize" : 0,
      "totalProcessingSpeed" : {
        "totalBytes" : 0,
        "totalCpuTime" : 342314398
      },
      "biggestContributors" : [ {
        "providerName" : "Refreshed files",
        "numberOfFiles" : 78,
        "totalFilesSize" : 0,
        "partOfTotalProcessingTimeOfThisFileType" : {
          "part" : 342314398,
          "total" : 342314398
        }
      } ]
    } ],
    "totalStatsPerBaseLanguage" : [ ],
    "totalStatsPerIndexer" : [ ],
    "statisticsOfChangedDuringIndexingFiles" : {
      "numberOfFiles" : 78,
      "retrievingTime" : 3576128
    },
    "fileProviderStatistics" : [ {
      "providerName" : "Refreshed files",
      "totalNumberOfIndexedFiles" : 78,
      "totalNumberOfFilesFullyIndexedByExtensions" : 0,
      "totalNumberOfNothingToWriteFiles" : 0,
      "totalIndexingVisibleTime" : 119140409,
      "contentLoadingVisibleTime" : 1594218,
      "numberOfTooLargeForIndexingFiles" : 0,
      "slowIndexedFiles" : [ ],
      "filesFullyIndexedByExtensions" : [ ],
      "separateApplyingIndexesVisibleTime" : 111892654
    } ],
    "visibleTimeToAllThreadTimeRatio" : 0.3480438149726907
  }
}