{
  "appInfo" : {
    "build" : "233.11799.241",
    "buildDate" : "2023-12-02T05:05:00Z[UTC]",
    "productCode" : "IU",
    "generated" : "2024-01-08T01:52:30.011581Z",
    "os" : "macOS 13.6",
    "runtime" : "JetBrains s.r.o. 17.0.9 17.0.9+7-b1087.7"
  },
  "runtimeInfo" : {
    "maxMemory" : 3170893824,
    "numberOfProcessors" : 4,
    "maxNumberOfIndexingThreads" : 3,
    "maxSizeOfFileForIntelliSense" : 2560000,
    "maxSizeOfFileForContentLoading" : 20971520
  },
  "type" : "DumbIndexing",
  "projectIndexingActivityHistory" : {
    "projectName" : "sportlive_monitor",
    "times" : {
      "scanningIds" : [ 3 ],
      "contentLoadingVisibleTime" : 42949874,
      "retrievingChangedDuringIndexingFilesTime" : 23892,
      "separateApplyingIndexesVisibleTime" : 442849584,
      "updatingStart" : "2024-01-08T01:52:27.988806Z",
      "updatingEnd" : "2024-01-08T01:52:30.010716Z",
      "totalWallTimeWithPauses" : 2021873703,
      "wallTimeOnPause" : 0,
      "wasInterrupted" : false,
      "dumbModeStart" : "2024-01-08T01:52:27.988806Z",
      "dumbWallTimeWithoutPauses" : 2021873703,
      "dumbWallTimeWithPauses" : 2021873703,
      "totalWallTimeWithoutPauses" : 2021873703
    },
    "fileCount" : {
      "numberOfChangedDuringIndexingFiles" : 0,
      "numberOfFilesIndexedByInfrastructureExtensionsDuringIndexingStage" : 0,
      "numberOfFilesIndexedWithLoadingContent" : 239,
      "numberOfNothingToWriteFiles" : 0
    },
    "totalStatsPerFileType" : [ {
      "fileType" : "Dart",
      "partOfTotalProcessingTime" : {
        "part" : 5931905494,
        "total" : 5931905494
      },
      "partOfTotalContentLoadingTime" : {
        "part" : 126107971,
        "total" : 126107971
      },
      "totalNumberOfFiles" : 239,
      "totalFilesSize" : 1700926,
      "totalProcessingSpeed" : {
        "totalBytes" : 1700926,
        "totalCpuTime" : 5931905494
      },
      "biggestContributors" : [ {
        "providerName" : "Library Dart Packages (#83 class roots, #0 source roots)",
        "numberOfFiles" : 239,
        "totalFilesSize" : 1700926,
        "partOfTotalProcessingTimeOfThisFileType" : {
          "part" : 5931905494,
          "total" : 5931905494
        }
      } ]
    } ],
    "totalStatsPerBaseLanguage" : [ {
      "language" : "Dart",
      "partOfTotalProcessingTime" : {
        "part" : 5931905494,
        "total" : 5931905494
      },
      "partOfTotalContentLoadingTime" : {
        "part" : 252215942,
        "total" : 126107971
      },
      "totalNumberOfFiles" : 239,
      "totalFilesSize" : 1700926,
      "totalProcessingSpeed" : {
        "totalBytes" : 1700926,
        "totalCpuTime" : 5931905494
      }
    } ],
    "totalStatsPerIndexer" : [ {
      "indexId" : "DartPathIndex",
      "partOfTotalIndexingTime" : {
        "part" : 3378599091,
        "total" : 4275727822
      },
      "totalNumberOfFiles" : 239,
      "totalNumberOfFilesIndexedByExtensions" : 0,
      "totalFilesSize" : 1700926,
      "indexValueChangerEvaluationSpeed" : {
        "totalBytes" : 1700926,
        "totalCpuTime" : 3378599091
      }
    }, {
      "indexId" : "Trigram.Index",
      "partOfTotalIndexingTime" : {
        "part" : 285730555,
        "total" : 4275727822
      },
      "totalNumberOfFiles" : 239,
      "totalNumberOfFilesIndexedByExtensions" : 0,
      "totalFilesSize" : 1700926,
      "indexValueChangerEvaluationSpeed" : {
        "totalBytes" : 1700926,
        "totalCpuTime" : 285730555
      }
    }, {
      "indexId" : "DartClassIndex",
      "partOfTotalIndexingTime" : {
        "part" : 201032852,
        "total" : 4275727822
      },
      "totalNumberOfFiles" : 239,
      "totalNumberOfFilesIndexedByExtensions" : 0,
      "totalFilesSize" : 1700926,
      "indexValueChangerEvaluationSpeed" : {
        "totalBytes" : 1700926,
        "totalCpuTime" : 201032852
      }
    }, {
      "indexId" : "IdIndex",
      "partOfTotalIndexingTime" : {
        "part" : 179469790,
        "total" : 4275727822
      },
      "totalNumberOfFiles" : 239,
      "totalNumberOfFilesIndexedByExtensions" : 0,
      "totalFilesSize" : 1700926,
      "indexValueChangerEvaluationSpeed" : {
        "totalBytes" : 1700926,
        "totalCpuTime" : 179469790
      }
    }, {
      "indexId" : "DartComponentIndex",
      "partOfTotalIndexingTime" : {
        "part" : 112026584,
        "total" : 4275727822
      },
      "totalNumberOfFiles" : 239,
      "totalNumberOfFilesIndexedByExtensions" : 0,
      "totalFilesSize" : 1700926,
      "indexValueChangerEvaluationSpeed" : {
        "totalBytes" : 1700926,
        "totalCpuTime" : 112026584
      }
    }, {
      "indexId" : "DartLibraryIndex",
      "partOfTotalIndexingTime" : {
        "part" : 48788555,
        "total" : 4275727822
      },
      "totalNumberOfFiles" : 239,
      "totalNumberOfFilesIndexedByExtensions" : 0,
      "totalFilesSize" : 1700926,
      "indexValueChangerEvaluationSpeed" : {
        "totalBytes" : 1700926,
        "totalCpuTime" : 48788555
      }
    }, {
      "indexId" : "DartImportIndex",
      "partOfTotalIndexingTime" : {
        "part" : 40085881,
        "total" : 4275727822
      },
      "totalNumberOfFiles" : 239,
      "totalNumberOfFilesIndexedByExtensions" : 0,
      "totalFilesSize" : 1700926,
      "indexValueChangerEvaluationSpeed" : {
        "totalBytes" : 1700926,
        "totalCpuTime" : 40085881
      }
    }, {
      "indexId" : "DartSymbolIndex",
      "partOfTotalIndexingTime" : {
        "part" : 29994514,
        "total" : 4275727822
      },
      "totalNumberOfFiles" : 239,
      "totalNumberOfFilesIndexedByExtensions" : 0,
      "totalFilesSize" : 1700926,
      "indexValueChangerEvaluationSpeed" : {
        "totalBytes" : 1700926,
        "totalCpuTime" : 29994514
      }
    } ],
    "statisticsOfChangedDuringIndexingFiles" : {
      "numberOfFiles" : 0,
      "retrievingTime" : 23892
    },
    "fileProviderStatistics" : [ {
      "providerName" : "Library Dart Packages (#83 class roots, #0 source roots)",
      "totalNumberOfIndexedFiles" : 239,
      "totalNumberOfFilesFullyIndexedByExtensions" : 0,
      "totalNumberOfNothingToWriteFiles" : 0,
      "totalIndexingVisibleTime" : 2020289412,
      "contentLoadingVisibleTime" : 42949874,
      "numberOfTooLargeForIndexingFiles" : 0,
      "slowIndexedFiles" : [ {
        "fileName" : "node_lint_visitor.g.dart",
        "processingTime" : 505368585,
        "evaluationOfIndexValueChangerTime" : 435175231,
        "contentLoadingTime" : 1285443
      } ],
      "filesFullyIndexedByExtensions" : [ ],
      "separateApplyingIndexesVisibleTime" : 442849584
    }, {
      "providerName" : "Refreshed files",
      "totalNumberOfIndexedFiles" : 0,
      "totalNumberOfFilesFullyIndexedByExtensions" : 0,
      "totalNumberOfNothingToWriteFiles" : 0,
      "totalIndexingVisibleTime" : 0,
      "contentLoadingVisibleTime" : 0,
      "numberOfTooLargeForIndexingFiles" : 0,
      "slowIndexedFiles" : [ ],
      "filesFullyIndexedByExtensions" : [ ],
      "separateApplyingIndexesVisibleTime" : 0
    } ],
    "visibleTimeToAllThreadTimeRatio" : 0.0
  }
}