{
  "appInfo" : {
    "build" : "233.11799.241",
    "buildDate" : "2023-12-02T05:05:00Z[UTC]",
    "productCode" : "IU",
    "generated" : "2024-01-07T19:17:52.188922Z",
    "os" : "macOS 13.6",
    "runtime" : "JetBrains s.r.o. 17.0.9 17.0.9+7-b1087.7"
  },
  "runtimeInfo" : {
    "maxMemory" : 3170893824,
    "numberOfProcessors" : 4,
    "maxNumberOfIndexingThreads" : 3,
    "maxSizeOfFileForIntelliSense" : 2560000,
    "maxSizeOfFileForContentLoading" : 20971520
  },
  "type" : "DumbIndexing",
  "projectIndexingActivityHistory" : {
    "projectName" : "sportlive_monitor",
    "times" : {
      "scanningIds" : [ 12 ],
      "contentLoadingVisibleTime" : 29549458,
      "retrievingChangedDuringIndexingFilesTime" : 358485,
      "separateApplyingIndexesVisibleTime" : 76050225,
      "updatingStart" : "2024-01-07T19:17:51.620756Z",
      "updatingEnd" : "2024-01-07T19:17:52.179861Z",
      "totalWallTimeWithPauses" : 559101612,
      "wallTimeOnPause" : 0,
      "wasInterrupted" : false,
      "dumbModeStart" : "2024-01-07T19:17:51.620756Z",
      "dumbWallTimeWithoutPauses" : 559101612,
      "dumbWallTimeWithPauses" : 559101612,
      "totalWallTimeWithoutPauses" : 559101612
    },
    "fileCount" : {
      "numberOfChangedDuringIndexingFiles" : 3,
      "numberOfFilesIndexedByInfrastructureExtensionsDuringIndexingStage" : 0,
      "numberOfFilesIndexedWithLoadingContent" : 63,
      "numberOfNothingToWriteFiles" : 0
    },
    "totalStatsPerFileType" : [ {
      "fileType" : "Dart",
      "partOfTotalProcessingTime" : {
        "part" : 1325200163,
        "total" : 1408393972
      },
      "partOfTotalContentLoadingTime" : {
        "part" : 42401884,
        "total" : 58161077
      },
      "totalNumberOfFiles" : 60,
      "totalFilesSize" : 308471,
      "totalProcessingSpeed" : {
        "totalBytes" : 308471,
        "totalCpuTime" : 1325200163
      },
      "biggestContributors" : [ {
        "providerName" : "Library Dart Packages (#87 class roots, #0 source roots)",
        "numberOfFiles" : 60,
        "totalFilesSize" : 308471,
        "partOfTotalProcessingTimeOfThisFileType" : {
          "part" : 1325200163,
          "total" : 1325200163
        }
      } ]
    }, {
      "fileType" : "YAML",
      "partOfTotalProcessingTime" : {
        "part" : 77321941,
        "total" : 1408393972
      },
      "partOfTotalContentLoadingTime" : {
        "part" : 15669037,
        "total" : 58161077
      },
      "totalNumberOfFiles" : 2,
      "totalFilesSize" : 20681,
      "totalProcessingSpeed" : {
        "totalBytes" : 20681,
        "totalCpuTime" : 77321941
      },
      "biggestContributors" : [ {
        "providerName" : "Refreshed files",
        "numberOfFiles" : 2,
        "totalFilesSize" : 20681,
        "partOfTotalProcessingTimeOfThisFileType" : {
          "part" : 77321941,
          "total" : 77321941
        }
      } ]
    }, {
      "fileType" : "JAVA",
      "partOfTotalProcessingTime" : {
        "part" : 5871868,
        "total" : 1408393972
      },
      "partOfTotalContentLoadingTime" : {
        "part" : 90156,
        "total" : 58161077
      },
      "totalNumberOfFiles" : 1,
      "totalFilesSize" : 516,
      "totalProcessingSpeed" : {
        "totalBytes" : 516,
        "totalCpuTime" : 5871868
      },
      "biggestContributors" : [ {
        "providerName" : "Refreshed files",
        "numberOfFiles" : 1,
        "totalFilesSize" : 516,
        "partOfTotalProcessingTimeOfThisFileType" : {
          "part" : 5871868,
          "total" : 5871868
        }
      } ]
    } ],
    "totalStatsPerBaseLanguage" : [ {
      "language" : "Dart",
      "partOfTotalProcessingTime" : {
        "part" : 1325200163,
        "total" : 1408393972
      },
      "partOfTotalContentLoadingTime" : {
        "part" : 100562961,
        "total" : 58161077
      },
      "totalNumberOfFiles" : 60,
      "totalFilesSize" : 308471,
      "totalProcessingSpeed" : {
        "totalBytes" : 308471,
        "totalCpuTime" : 1325200163
      }
    }, {
      "language" : "yaml",
      "partOfTotalProcessingTime" : {
        "part" : 77321941,
        "total" : 1408393972
      },
      "partOfTotalContentLoadingTime" : {
        "part" : 73830114,
        "total" : 58161077
      },
      "totalNumberOfFiles" : 2,
      "totalFilesSize" : 20681,
      "totalProcessingSpeed" : {
        "totalBytes" : 20681,
        "totalCpuTime" : 77321941
      }
    }, {
      "language" : "JAVA",
      "partOfTotalProcessingTime" : {
        "part" : 5871868,
        "total" : 1408393972
      },
      "partOfTotalContentLoadingTime" : {
        "part" : 58251233,
        "total" : 58161077
      },
      "totalNumberOfFiles" : 1,
      "totalFilesSize" : 516,
      "totalProcessingSpeed" : {
        "totalBytes" : 516,
        "totalCpuTime" : 5871868
      }
    } ],
    "totalStatsPerIndexer" : [ {
      "indexId" : "DartPathIndex",
      "partOfTotalIndexingTime" : {
        "part" : 861928547,
        "total" : 1049037501
      },
      "totalNumberOfFiles" : 60,
      "totalNumberOfFilesIndexedByExtensions" : 0,
      "totalFilesSize" : 308471,
      "indexValueChangerEvaluationSpeed" : {
        "totalBytes" : 308471,
        "totalCpuTime" : 861928547
      }
    }, {
      "indexId" : "IdIndex",
      "partOfTotalIndexingTime" : {
        "part" : 49890615,
        "total" : 1049037501
      },
      "totalNumberOfFiles" : 63,
      "totalNumberOfFilesIndexedByExtensions" : 0,
      "totalFilesSize" : 329668,
      "indexValueChangerEvaluationSpeed" : {
        "totalBytes" : 329668,
        "totalCpuTime" : 49890615
      }
    }, {
      "indexId" : "yaml.keys.name",
      "partOfTotalIndexingTime" : {
        "part" : 28819219,
        "total" : 1049037501
      },
      "totalNumberOfFiles" : 2,
      "totalNumberOfFilesIndexedByExtensions" : 0,
      "totalFilesSize" : 20681,
      "indexValueChangerEvaluationSpeed" : {
        "totalBytes" : 20681,
        "totalCpuTime" : 28819219
      }
    }, {
      "indexId" : "DartSymbolIndex",
      "partOfTotalIndexingTime" : {
        "part" : 19129664,
        "total" : 1049037501
      },
      "totalNumberOfFiles" : 60,
      "totalNumberOfFilesIndexedByExtensions" : 0,
      "totalFilesSize" : 308471,
      "indexValueChangerEvaluationSpeed" : {
        "totalBytes" : 308471,
        "totalCpuTime" : 19129664
      }
    }, {
      "indexId" : "DartClassIndex",
      "partOfTotalIndexingTime" : {
        "part" : 19125521,
        "total" : 1049037501
      },
      "totalNumberOfFiles" : 60,
      "totalNumberOfFilesIndexedByExtensions" : 0,
      "totalFilesSize" : 308471,
      "indexValueChangerEvaluationSpeed" : {
        "totalBytes" : 308471,
        "totalCpuTime" : 19125521
      }
    }, {
      "indexId" : "Trigram.Index",
      "partOfTotalIndexingTime" : {
        "part" : 18241255,
        "total" : 1049037501
      },
      "totalNumberOfFiles" : 63,
      "totalNumberOfFilesIndexedByExtensions" : 0,
      "totalFilesSize" : 329668,
      "indexValueChangerEvaluationSpeed" : {
        "totalBytes" : 329668,
        "totalCpuTime" : 18241255
      }
    }, {
      "indexId" : "DartComponentIndex",
      "partOfTotalIndexingTime" : {
        "part" : 17329711,
        "total" : 1049037501
      },
      "totalNumberOfFiles" : 60,
      "totalNumberOfFilesIndexedByExtensions" : 0,
      "totalFilesSize" : 308471,
      "indexValueChangerEvaluationSpeed" : {
        "totalBytes" : 308471,
        "totalCpuTime" : 17329711
      }
    }, {
      "indexId" : "DartImportIndex",
      "partOfTotalIndexingTime" : {
        "part" : 15583349,
        "total" : 1049037501
      },
      "totalNumberOfFiles" : 60,
      "totalNumberOfFilesIndexedByExtensions" : 0,
      "totalFilesSize" : 308471,
      "indexValueChangerEvaluationSpeed" : {
        "totalBytes" : 308471,
        "totalCpuTime" : 15583349
      }
    }, {
      "indexId" : "DartLibraryIndex",
      "partOfTotalIndexingTime" : {
        "part" : 13258432,
        "total" : 1049037501
      },
      "totalNumberOfFiles" : 60,
      "totalNumberOfFilesIndexedByExtensions" : 0,
      "totalFilesSize" : 308471,
      "indexValueChangerEvaluationSpeed" : {
        "totalBytes" : 308471,
        "totalCpuTime" : 13258432
      }
    }, {
      "indexId" : "Stubs",
      "partOfTotalIndexingTime" : {
        "part" : 3141794,
        "total" : 1049037501
      },
      "totalNumberOfFiles" : 1,
      "totalNumberOfFilesIndexedByExtensions" : 0,
      "totalFilesSize" : 516,
      "indexValueChangerEvaluationSpeed" : {
        "totalBytes" : 516,
        "totalCpuTime" : 3141794
      }
    }, {
      "indexId" : "SwReferencesIndex",
      "partOfTotalIndexingTime" : {
        "part" : 937915,
        "total" : 1049037501
      },
      "totalNumberOfFiles" : 2,
      "totalNumberOfFilesIndexedByExtensions" : 0,
      "totalFilesSize" : 20681,
      "indexValueChangerEvaluationSpeed" : {
        "totalBytes" : 20681,
        "totalCpuTime" : 937915
      }
    }, {
      "indexId" : "HashFragmentIndex",
      "partOfTotalIndexingTime" : {
        "part" : 743236,
        "total" : 1049037501
      },
      "totalNumberOfFiles" : 1,
      "totalNumberOfFilesIndexedByExtensions" : 0,
      "totalFilesSize" : 516,
      "indexValueChangerEvaluationSpeed" : {
        "totalBytes" : 516,
        "totalCpuTime" : 743236
      }
    }, {
      "indexId" : "OpenapiSpecificationContentIndexer",
      "partOfTotalIndexingTime" : {
        "part" : 247491,
        "total" : 1049037501
      },
      "totalNumberOfFiles" : 2,
      "totalNumberOfFilesIndexedByExtensions" : 0,
      "totalFilesSize" : 20681,
      "indexValueChangerEvaluationSpeed" : {
        "totalBytes" : 20681,
        "totalCpuTime" : 247491
      }
    }, {
      "indexId" : "java.null.method.argument",
      "partOfTotalIndexingTime" : {
        "part" : 213321,
        "total" : 1049037501
      },
      "totalNumberOfFiles" : 1,
      "totalNumberOfFilesIndexedByExtensions" : 0,
      "totalFilesSize" : 516,
      "indexValueChangerEvaluationSpeed" : {
        "totalBytes" : 516,
        "totalCpuTime" : 213321
      }
    }, {
      "indexId" : "FrameworkDetectionIndex",
      "partOfTotalIndexingTime" : {
        "part" : 150133,
        "total" : 1049037501
      },
      "totalNumberOfFiles" : 2,
      "totalNumberOfFilesIndexedByExtensions" : 0,
      "totalFilesSize" : 20681,
      "indexValueChangerEvaluationSpeed" : {
        "totalBytes" : 20681,
        "totalCpuTime" : 150133
      }
    }, {
      "indexId" : "docker.compose.services",
      "partOfTotalIndexingTime" : {
        "part" : 126787,
        "total" : 1049037501
      },
      "totalNumberOfFiles" : 2,
      "totalNumberOfFilesIndexedByExtensions" : 0,
      "totalFilesSize" : 20681,
      "indexValueChangerEvaluationSpeed" : {
        "totalBytes" : 20681,
        "totalCpuTime" : 126787
      }
    }, {
      "indexId" : "com.android.tools.idea.dagger.index.DaggerIndex",
      "partOfTotalIndexingTime" : {
        "part" : 66173,
        "total" : 1049037501
      },
      "totalNumberOfFiles" : 1,
      "totalNumberOfFilesIndexedByExtensions" : 0,
      "totalFilesSize" : 516,
      "indexValueChangerEvaluationSpeed" : {
        "totalBytes" : 516,
        "totalCpuTime" : 66173
      }
    }, {
      "indexId" : "java.cucumber.java8.step",
      "partOfTotalIndexingTime" : {
        "part" : 48093,
        "total" : 1049037501
      },
      "totalNumberOfFiles" : 1,
      "totalNumberOfFilesIndexedByExtensions" : 0,
      "totalFilesSize" : 516,
      "indexValueChangerEvaluationSpeed" : {
        "totalBytes" : 516,
        "totalCpuTime" : 48093
      }
    }, {
      "indexId" : "java.binary.plus.expression",
      "partOfTotalIndexingTime" : {
        "part" : 34824,
        "total" : 1049037501
      },
      "totalNumberOfFiles" : 1,
      "totalNumberOfFilesIndexedByExtensions" : 0,
      "totalFilesSize" : 516,
      "indexValueChangerEvaluationSpeed" : {
        "totalBytes" : 516,
        "totalCpuTime" : 34824
      }
    }, {
      "indexId" : "java.fun.expression",
      "partOfTotalIndexingTime" : {
        "part" : 21421,
        "total" : 1049037501
      },
      "totalNumberOfFiles" : 1,
      "totalNumberOfFilesIndexedByExtensions" : 0,
      "totalFilesSize" : 516,
      "indexValueChangerEvaluationSpeed" : {
        "totalBytes" : 516,
        "totalCpuTime" : 21421
      }
    } ],
    "statisticsOfChangedDuringIndexingFiles" : {
      "numberOfFiles" : 3,
      "retrievingTime" : 358485
    },
    "fileProviderStatistics" : [ {
      "providerName" : "Library Dart Packages (#87 class roots, #0 source roots)",
      "totalNumberOfIndexedFiles" : 60,
      "totalNumberOfFilesFullyIndexedByExtensions" : 0,
      "totalNumberOfNothingToWriteFiles" : 0,
      "totalIndexingVisibleTime" : 481765192,
      "contentLoadingVisibleTime" : 15414842,
      "numberOfTooLargeForIndexingFiles" : 0,
      "slowIndexedFiles" : [ ],
      "filesFullyIndexedByExtensions" : [ ],
      "separateApplyingIndexesVisibleTime" : 61044553
    }, {
      "providerName" : "Refreshed files",
      "totalNumberOfIndexedFiles" : 3,
      "totalNumberOfFilesFullyIndexedByExtensions" : 0,
      "totalNumberOfNothingToWriteFiles" : 0,
      "totalIndexingVisibleTime" : 74617563,
      "contentLoadingVisibleTime" : 14134616,
      "numberOfTooLargeForIndexingFiles" : 0,
      "slowIndexedFiles" : [ ],
      "filesFullyIndexedByExtensions" : [ ],
      "separateApplyingIndexesVisibleTime" : 15005672
    } ],
    "visibleTimeToAllThreadTimeRatio" : 0.896912449338628
  }
}