{
  "appInfo" : {
    "build" : "233.11799.241",
    "buildDate" : "2023-12-02T05:05:00Z[UTC]",
    "productCode" : "IU",
    "generated" : "2024-01-06T11:49:20.910164Z",
    "os" : "macOS 13.6",
    "runtime" : "JetBrains s.r.o. 17.0.9 17.0.9+7-b1087.7"
  },
  "runtimeInfo" : {
    "maxMemory" : 3170893824,
    "numberOfProcessors" : 4,
    "maxNumberOfIndexingThreads" : 3,
    "maxSizeOfFileForIntelliSense" : 2560000,
    "maxSizeOfFileForContentLoading" : 20971520
  },
  "type" : "DumbIndexing",
  "projectIndexingActivityHistory" : {
    "projectName" : "sportlive_monitor",
    "times" : {
      "scanningIds" : [ 7 ],
      "contentLoadingVisibleTime" : 79562437,
      "retrievingChangedDuringIndexingFilesTime" : 5019901,
      "separateApplyingIndexesVisibleTime" : 366319769,
      "updatingStart" : "2024-01-06T11:49:19.53009Z",
      "updatingEnd" : "2024-01-06T11:49:20.909664Z",
      "totalWallTimeWithPauses" : 1379555997,
      "wallTimeOnPause" : 0,
      "wasInterrupted" : false,
      "dumbWallTimeWithPauses" : 1379555997,
      "dumbWallTimeWithoutPauses" : 1379555997,
      "dumbModeStart" : "2024-01-06T11:49:19.53009Z",
      "totalWallTimeWithoutPauses" : 1379555997
    },
    "fileCount" : {
      "numberOfChangedDuringIndexingFiles" : 2,
      "numberOfFilesIndexedByInfrastructureExtensionsDuringIndexingStage" : 0,
      "numberOfFilesIndexedWithLoadingContent" : 108,
      "numberOfNothingToWriteFiles" : 2
    },
    "totalStatsPerFileType" : [ {
      "fileType" : "Gradle",
      "partOfTotalProcessingTime" : {
        "part" : 832179620,
        "total" : 4058403215
      },
      "partOfTotalContentLoadingTime" : {
        "part" : 761376,
        "total" : 235082865
      },
      "totalNumberOfFiles" : 3,
      "totalFilesSize" : 3242,
      "totalProcessingSpeed" : {
        "totalBytes" : 3242,
        "totalCpuTime" : 832179620
      },
      "biggestContributors" : [ {
        "providerName" : "Module 'sportlive_monitor' (all roots)",
        "numberOfFiles" : 3,
        "totalFilesSize" : 3242,
        "partOfTotalProcessingTimeOfThisFileType" : {
          "part" : 832179620,
          "total" : 832179620
        }
      } ]
    }, {
      "fileType" : "Dart",
      "partOfTotalProcessingTime" : {
        "part" : 760905072,
        "total" : 4058403215
      },
      "partOfTotalContentLoadingTime" : {
        "part" : 680724,
        "total" : 235082865
      },
      "totalNumberOfFiles" : 3,
      "totalFilesSize" : 6169,
      "totalProcessingSpeed" : {
        "totalBytes" : 6169,
        "totalCpuTime" : 760905072
      },
      "biggestContributors" : [ {
        "providerName" : "Module 'sportlive_monitor' (all roots)",
        "numberOfFiles" : 3,
        "totalFilesSize" : 6169,
        "partOfTotalProcessingTimeOfThisFileType" : {
          "part" : 760905072,
          "total" : 760905072
        }
      } ]
    }, {
      "fileType" : "XML",
      "partOfTotalProcessingTime" : {
        "part" : 590289289,
        "total" : 4058403215
      },
      "partOfTotalContentLoadingTime" : {
        "part" : 5365543,
        "total" : 235082865
      },
      "totalNumberOfFiles" : 8,
      "totalFilesSize" : 5537,
      "totalProcessingSpeed" : {
        "totalBytes" : 5537,
        "totalCpuTime" : 590289289
      },
      "biggestContributors" : [ {
        "providerName" : "Module 'sportlive_monitor' (all roots)",
        "numberOfFiles" : 7,
        "totalFilesSize" : 5263,
        "partOfTotalProcessingTimeOfThisFileType" : {
          "part" : 589929278,
          "total" : 590289289
        }
      }, {
        "providerName" : "Refreshed files",
        "numberOfFiles" : 1,
        "totalFilesSize" : 274,
        "partOfTotalProcessingTimeOfThisFileType" : {
          "part" : 360011,
          "total" : 590289289
        }
      } ]
    }, {
      "fileType" : "C++",
      "partOfTotalProcessingTime" : {
        "part" : 395802091,
        "total" : 4058403215
      },
      "partOfTotalContentLoadingTime" : {
        "part" : 52319165,
        "total" : 235082865
      },
      "totalNumberOfFiles" : 17,
      "totalFilesSize" : 24914,
      "totalProcessingSpeed" : {
        "totalBytes" : 24914,
        "totalCpuTime" : 395802091
      },
      "biggestContributors" : [ {
        "providerName" : "Module 'sportlive_monitor' (all roots)",
        "numberOfFiles" : 17,
        "totalFilesSize" : 24914,
        "partOfTotalProcessingTimeOfThisFileType" : {
          "part" : 395802091,
          "total" : 395802091
        }
      } ]
    }, {
      "fileType" : "Properties",
      "partOfTotalProcessingTime" : {
        "part" : 382307612,
        "total" : 4058403215
      },
      "partOfTotalContentLoadingTime" : {
        "part" : 9073000,
        "total" : 235082865
      },
      "totalNumberOfFiles" : 3,
      "totalFilesSize" : 367,
      "totalProcessingSpeed" : {
        "totalBytes" : 367,
        "totalCpuTime" : 382307612
      },
      "biggestContributors" : [ {
        "providerName" : "Module 'sportlive_monitor' (all roots)",
        "numberOfFiles" : 3,
        "totalFilesSize" : 367,
        "partOfTotalProcessingTimeOfThisFileType" : {
          "part" : 382307612,
          "total" : 382307612
        }
      } ]
    }, {
      "fileType" : "HTML",
      "partOfTotalProcessingTime" : {
        "part" : 305751798,
        "total" : 4058403215
      },
      "partOfTotalContentLoadingTime" : {
        "part" : 130637909,
        "total" : 235082865
      },
      "totalNumberOfFiles" : 1,
      "totalFilesSize" : 1882,
      "totalProcessingSpeed" : {
        "totalBytes" : 1882,
        "totalCpuTime" : 305751798
      },
      "biggestContributors" : [ {
        "providerName" : "Module 'sportlive_monitor' (all roots)",
        "numberOfFiles" : 1,
        "totalFilesSize" : 1882,
        "partOfTotalProcessingTimeOfThisFileType" : {
          "part" : 305751798,
          "total" : 305751798
        }
      } ]
    }, {
      "fileType" : "PLAIN_TEXT",
      "partOfTotalProcessingTime" : {
        "part" : 175551829,
        "total" : 4058403215
      },
      "partOfTotalContentLoadingTime" : {
        "part" : 14061259,
        "total" : 235082865
      },
      "totalNumberOfFiles" : 33,
      "totalFilesSize" : 74869,
      "totalProcessingSpeed" : {
        "totalBytes" : 74869,
        "totalCpuTime" : 175551829
      },
      "biggestContributors" : [ {
        "providerName" : "Module 'sportlive_monitor' (all roots)",
        "numberOfFiles" : 33,
        "totalFilesSize" : 74869,
        "partOfTotalProcessingTimeOfThisFileType" : {
          "part" : 175551829,
          "total" : 175551829
        }
      } ]
    }, {
      "fileType" : "YAML",
      "partOfTotalProcessingTime" : {
        "part" : 156524186,
        "total" : 4058403215
      },
      "partOfTotalContentLoadingTime" : {
        "part" : 539656,
        "total" : 235082865
      },
      "totalNumberOfFiles" : 3,
      "totalFilesSize" : 10599,
      "totalProcessingSpeed" : {
        "totalBytes" : 10599,
        "totalCpuTime" : 156524186
      },
      "biggestContributors" : [ {
        "providerName" : "Module 'sportlive_monitor' (all roots)",
        "numberOfFiles" : 3,
        "totalFilesSize" : 10599,
        "partOfTotalProcessingTimeOfThisFileType" : {
          "part" : 156524186,
          "total" : 156524186
        }
      } ]
    }, {
      "fileType" : "JSON",
      "partOfTotalProcessingTime" : {
        "part" : 136094592,
        "total" : 4058403215
      },
      "partOfTotalContentLoadingTime" : {
        "part" : 2807531,
        "total" : 235082865
      },
      "totalNumberOfFiles" : 5,
      "totalFilesSize" : 9843,
      "totalProcessingSpeed" : {
        "totalBytes" : 9843,
        "totalCpuTime" : 136094592
      },
      "biggestContributors" : [ {
        "providerName" : "Module 'sportlive_monitor' (all roots)",
        "numberOfFiles" : 5,
        "totalFilesSize" : 9843,
        "partOfTotalProcessingTimeOfThisFileType" : {
          "part" : 136094592,
          "total" : 136094592
        }
      } ]
    }, {
      "fileType" : "textmate",
      "partOfTotalProcessingTime" : {
        "part" : 114567337,
        "total" : 4058403215
      },
      "partOfTotalContentLoadingTime" : {
        "part" : 10620866,
        "total" : 235082865
      },
      "totalNumberOfFiles" : 18,
      "totalFilesSize" : 50859,
      "totalProcessingSpeed" : {
        "totalBytes" : 50859,
        "totalCpuTime" : 114567337
      },
      "biggestContributors" : [ {
        "providerName" : "Module 'sportlive_monitor' (all roots)",
        "numberOfFiles" : 18,
        "totalFilesSize" : 50859,
        "partOfTotalProcessingTimeOfThisFileType" : {
          "part" : 114567337,
          "total" : 114567337
        }
      } ]
    }, {
      "fileType" : "Shell Script",
      "partOfTotalProcessingTime" : {
        "part" : 68742154,
        "total" : 4058403215
      },
      "partOfTotalContentLoadingTime" : {
        "part" : 2140897,
        "total" : 235082865
      },
      "totalNumberOfFiles" : 3,
      "totalFilesSize" : 6031,
      "totalProcessingSpeed" : {
        "totalBytes" : 6031,
        "totalCpuTime" : 68742154
      },
      "biggestContributors" : [ {
        "providerName" : "Module 'sportlive_monitor' (all roots)",
        "numberOfFiles" : 3,
        "totalFilesSize" : 6031,
        "partOfTotalProcessingTimeOfThisFileType" : {
          "part" : 68742154,
          "total" : 68742154
        }
      } ]
    }, {
      "fileType" : "Markdown",
      "partOfTotalProcessingTime" : {
        "part" : 62530846,
        "total" : 4058403215
      },
      "partOfTotalContentLoadingTime" : {
        "part" : 377852,
        "total" : 235082865
      },
      "totalNumberOfFiles" : 2,
      "totalFilesSize" : 917,
      "totalProcessingSpeed" : {
        "totalBytes" : 917,
        "totalCpuTime" : 62530846
      },
      "biggestContributors" : [ {
        "providerName" : "Module 'sportlive_monitor' (all roots)",
        "numberOfFiles" : 2,
        "totalFilesSize" : 917,
        "partOfTotalProcessingTimeOfThisFileType" : {
          "part" : 62530846,
          "total" : 62530846
        }
      } ]
    }, {
      "fileType" : "JAVA",
      "partOfTotalProcessingTime" : {
        "part" : 53578734,
        "total" : 4058403215
      },
      "partOfTotalContentLoadingTime" : {
        "part" : 581897,
        "total" : 235082865
      },
      "totalNumberOfFiles" : 1,
      "totalFilesSize" : 516,
      "totalProcessingSpeed" : {
        "totalBytes" : 516,
        "totalCpuTime" : 53578734
      },
      "biggestContributors" : [ {
        "providerName" : "Module 'sportlive_monitor' (all roots)",
        "numberOfFiles" : 1,
        "totalFilesSize" : 516,
        "partOfTotalProcessingTimeOfThisFileType" : {
          "part" : 53578734,
          "total" : 53578734
        }
      } ]
    }, {
      "fileType" : "GitIgnore file",
      "partOfTotalProcessingTime" : {
        "part" : 14185687,
        "total" : 4058403215
      },
      "partOfTotalContentLoadingTime" : {
        "part" : 4597881,
        "total" : 235082865
      },
      "totalNumberOfFiles" : 6,
      "totalFilesSize" : 1953,
      "totalProcessingSpeed" : {
        "totalBytes" : 1953,
        "totalCpuTime" : 14185687
      },
      "biggestContributors" : [ {
        "providerName" : "Module 'sportlive_monitor' (all roots)",
        "numberOfFiles" : 6,
        "totalFilesSize" : 1953,
        "partOfTotalProcessingTimeOfThisFileType" : {
          "part" : 14185687,
          "total" : 14185687
        }
      } ]
    }, {
      "fileType" : "Kotlin",
      "partOfTotalProcessingTime" : {
        "part" : 9075873,
        "total" : 4058403215
      },
      "partOfTotalContentLoadingTime" : {
        "part" : 418645,
        "total" : 235082865
      },
      "totalNumberOfFiles" : 1,
      "totalFilesSize" : 143,
      "totalProcessingSpeed" : {
        "totalBytes" : 143,
        "totalCpuTime" : 9075873
      },
      "biggestContributors" : [ {
        "providerName" : "Module 'sportlive_monitor' (all roots)",
        "numberOfFiles" : 1,
        "totalFilesSize" : 143,
        "partOfTotalProcessingTimeOfThisFileType" : {
          "part" : 9075873,
          "total" : 9075873
        }
      } ]
    }, {
      "fileType" : "IDEA_MODULE",
      "partOfTotalProcessingTime" : {
        "part" : 316495,
        "total" : 4058403215
      },
      "partOfTotalContentLoadingTime" : {
        "part" : 98664,
        "total" : 235082865
      },
      "totalNumberOfFiles" : 1,
      "totalFilesSize" : 363,
      "totalProcessingSpeed" : {
        "totalBytes" : 363,
        "totalCpuTime" : 316495
      },
      "biggestContributors" : [ {
        "providerName" : "Refreshed files",
        "numberOfFiles" : 1,
        "totalFilesSize" : 363,
        "partOfTotalProcessingTimeOfThisFileType" : {
          "part" : 316495,
          "total" : 316495
        }
      } ]
    } ],
    "totalStatsPerBaseLanguage" : [ {
      "language" : "XML",
      "partOfTotalProcessingTime" : {
        "part" : 896041087,
        "total" : 4058403215
      },
      "partOfTotalContentLoadingTime" : {
        "part" : 240448408,
        "total" : 235082865
      },
      "totalNumberOfFiles" : 9,
      "totalFilesSize" : 7419,
      "totalProcessingSpeed" : {
        "totalBytes" : 7419,
        "totalCpuTime" : 896041087
      }
    }, {
      "language" : "Groovy",
      "partOfTotalProcessingTime" : {
        "part" : 832179620,
        "total" : 4058403215
      },
      "partOfTotalContentLoadingTime" : {
        "part" : 235844241,
        "total" : 235082865
      },
      "totalNumberOfFiles" : 3,
      "totalFilesSize" : 3242,
      "totalProcessingSpeed" : {
        "totalBytes" : 3242,
        "totalCpuTime" : 832179620
      }
    }, {
      "language" : "Dart",
      "partOfTotalProcessingTime" : {
        "part" : 760905072,
        "total" : 4058403215
      },
      "partOfTotalContentLoadingTime" : {
        "part" : 235763589,
        "total" : 235082865
      },
      "totalNumberOfFiles" : 3,
      "totalFilesSize" : 6169,
      "totalProcessingSpeed" : {
        "totalBytes" : 6169,
        "totalCpuTime" : 760905072
      }
    }, {
      "language" : "Properties",
      "partOfTotalProcessingTime" : {
        "part" : 382307612,
        "total" : 4058403215
      },
      "partOfTotalContentLoadingTime" : {
        "part" : 244155865,
        "total" : 235082865
      },
      "totalNumberOfFiles" : 3,
      "totalFilesSize" : 367,
      "totalProcessingSpeed" : {
        "totalBytes" : 367,
        "totalCpuTime" : 382307612
      }
    }, {
      "language" : "HTML",
      "partOfTotalProcessingTime" : {
        "part" : 305751798,
        "total" : 4058403215
      },
      "partOfTotalContentLoadingTime" : {
        "part" : 365720774,
        "total" : 235082865
      },
      "totalNumberOfFiles" : 1,
      "totalFilesSize" : 1882,
      "totalProcessingSpeed" : {
        "totalBytes" : 1882,
        "totalCpuTime" : 305751798
      }
    }, {
      "language" : "TEXT",
      "partOfTotalProcessingTime" : {
        "part" : 175551829,
        "total" : 4058403215
      },
      "partOfTotalContentLoadingTime" : {
        "part" : 249144124,
        "total" : 235082865
      },
      "totalNumberOfFiles" : 33,
      "totalFilesSize" : 74869,
      "totalProcessingSpeed" : {
        "totalBytes" : 74869,
        "totalCpuTime" : 175551829
      }
    }, {
      "language" : "yaml",
      "partOfTotalProcessingTime" : {
        "part" : 156524186,
        "total" : 4058403215
      },
      "partOfTotalContentLoadingTime" : {
        "part" : 235622521,
        "total" : 235082865
      },
      "totalNumberOfFiles" : 3,
      "totalFilesSize" : 10599,
      "totalProcessingSpeed" : {
        "totalBytes" : 10599,
        "totalCpuTime" : 156524186
      }
    }, {
      "language" : "JSON",
      "partOfTotalProcessingTime" : {
        "part" : 136094592,
        "total" : 4058403215
      },
      "partOfTotalContentLoadingTime" : {
        "part" : 237890396,
        "total" : 235082865
      },
      "totalNumberOfFiles" : 5,
      "totalFilesSize" : 9843,
      "totalProcessingSpeed" : {
        "totalBytes" : 9843,
        "totalCpuTime" : 136094592
      }
    }, {
      "language" : "textmate",
      "partOfTotalProcessingTime" : {
        "part" : 114567337,
        "total" : 4058403215
      },
      "partOfTotalContentLoadingTime" : {
        "part" : 245703731,
        "total" : 235082865
      },
      "totalNumberOfFiles" : 18,
      "totalFilesSize" : 50859,
      "totalProcessingSpeed" : {
        "totalBytes" : 50859,
        "totalCpuTime" : 114567337
      }
    }, {
      "language" : "Shell Script",
      "partOfTotalProcessingTime" : {
        "part" : 68742154,
        "total" : 4058403215
      },
      "partOfTotalContentLoadingTime" : {
        "part" : 237223762,
        "total" : 235082865
      },
      "totalNumberOfFiles" : 3,
      "totalFilesSize" : 6031,
      "totalProcessingSpeed" : {
        "totalBytes" : 6031,
        "totalCpuTime" : 68742154
      }
    }, {
      "language" : "Markdown",
      "partOfTotalProcessingTime" : {
        "part" : 62530846,
        "total" : 4058403215
      },
      "partOfTotalContentLoadingTime" : {
        "part" : 235460717,
        "total" : 235082865
      },
      "totalNumberOfFiles" : 2,
      "totalFilesSize" : 917,
      "totalProcessingSpeed" : {
        "totalBytes" : 917,
        "totalCpuTime" : 62530846
      }
    }, {
      "language" : "JAVA",
      "partOfTotalProcessingTime" : {
        "part" : 53578734,
        "total" : 4058403215
      },
      "partOfTotalContentLoadingTime" : {
        "part" : 235664762,
        "total" : 235082865
      },
      "totalNumberOfFiles" : 1,
      "totalFilesSize" : 516,
      "totalProcessingSpeed" : {
        "totalBytes" : 516,
        "totalCpuTime" : 53578734
      }
    }, {
      "language" : "GitIgnore",
      "partOfTotalProcessingTime" : {
        "part" : 14185687,
        "total" : 4058403215
      },
      "partOfTotalContentLoadingTime" : {
        "part" : 239680746,
        "total" : 235082865
      },
      "totalNumberOfFiles" : 6,
      "totalFilesSize" : 1953,
      "totalProcessingSpeed" : {
        "totalBytes" : 1953,
        "totalCpuTime" : 14185687
      }
    }, {
      "language" : "IgnoreLang",
      "partOfTotalProcessingTime" : {
        "part" : 14185687,
        "total" : 4058403215
      },
      "partOfTotalContentLoadingTime" : {
        "part" : 239680746,
        "total" : 235082865
      },
      "totalNumberOfFiles" : 6,
      "totalFilesSize" : 1953,
      "totalProcessingSpeed" : {
        "totalBytes" : 1953,
        "totalCpuTime" : 14185687
      }
    }, {
      "language" : "kotlin",
      "partOfTotalProcessingTime" : {
        "part" : 9075873,
        "total" : 4058403215
      },
      "partOfTotalContentLoadingTime" : {
        "part" : 235501510,
        "total" : 235082865
      },
      "totalNumberOfFiles" : 1,
      "totalFilesSize" : 143,
      "totalProcessingSpeed" : {
        "totalBytes" : 143,
        "totalCpuTime" : 9075873
      }
    } ],
    "totalStatsPerIndexer" : [ {
      "indexId" : "Stubs",
      "partOfTotalIndexingTime" : {
        "part" : 743964718,
        "total" : 2081571476
      },
      "totalNumberOfFiles" : 16,
      "totalNumberOfFilesIndexedByExtensions" : 0,
      "totalFilesSize" : 11671,
      "indexValueChangerEvaluationSpeed" : {
        "totalBytes" : 11671,
        "totalCpuTime" : 743964718
      }
    }, {
      "indexId" : "DartImportIndex",
      "partOfTotalIndexingTime" : {
        "part" : 613715989,
        "total" : 2081571476
      },
      "totalNumberOfFiles" : 3,
      "totalNumberOfFilesIndexedByExtensions" : 0,
      "totalFilesSize" : 6169,
      "indexValueChangerEvaluationSpeed" : {
        "totalBytes" : 6169,
        "totalCpuTime" : 613715989
      }
    }, {
      "indexId" : "IdIndex",
      "partOfTotalIndexingTime" : {
        "part" : 323453181,
        "total" : 2081571476
      },
      "totalNumberOfFiles" : 105,
      "totalNumberOfFilesIndexedByExtensions" : 0,
      "totalFilesSize" : 197424,
      "indexValueChangerEvaluationSpeed" : {
        "totalBytes" : 197424,
        "totalCpuTime" : 323453181
      }
    }, {
      "indexId" : "js.implicit.elements.index",
      "partOfTotalIndexingTime" : {
        "part" : 120585051,
        "total" : 2081571476
      },
      "totalNumberOfFiles" : 1,
      "totalNumberOfFilesIndexedByExtensions" : 0,
      "totalFilesSize" : 1882,
      "indexValueChangerEvaluationSpeed" : {
        "totalBytes" : 1882,
        "totalCpuTime" : 120585051
      }
    }, {
      "indexId" : "com.android.tools.idea.model.AndroidManifestIndex",
      "partOfTotalIndexingTime" : {
        "part" : 67426687,
        "total" : 2081571476
      },
      "totalNumberOfFiles" : 3,
      "totalNumberOfFilesIndexedByExtensions" : 0,
      "totalFilesSize" : 2400,
      "indexValueChangerEvaluationSpeed" : {
        "totalBytes" : 2400,
        "totalCpuTime" : 67426687
      }
    }, {
      "indexId" : "OpenapiSpecificationContentIndexer",
      "partOfTotalIndexingTime" : {
        "part" : 57363030,
        "total" : 2081571476
      },
      "totalNumberOfFiles" : 8,
      "totalNumberOfFilesIndexedByExtensions" : 0,
      "totalFilesSize" : 20442,
      "indexValueChangerEvaluationSpeed" : {
        "totalBytes" : 20442,
        "totalCpuTime" : 57363030
      }
    }, {
      "indexId" : "FrameworkDetectionIndex",
      "partOfTotalIndexingTime" : {
        "part" : 31819855,
        "total" : 2081571476
      },
      "totalNumberOfFiles" : 15,
      "totalNumberOfFilesIndexedByExtensions" : 0,
      "totalFilesSize" : 25705,
      "indexValueChangerEvaluationSpeed" : {
        "totalBytes" : 25705,
        "totalCpuTime" : 31819855
      }
    }, {
      "indexId" : "SwReferencesIndex",
      "partOfTotalIndexingTime" : {
        "part" : 30024107,
        "total" : 2081571476
      },
      "totalNumberOfFiles" : 8,
      "totalNumberOfFilesIndexedByExtensions" : 0,
      "totalFilesSize" : 20442,
      "indexValueChangerEvaluationSpeed" : {
        "totalBytes" : 20442,
        "totalCpuTime" : 30024107
      }
    }, {
      "indexId" : "Trigram.Index",
      "partOfTotalIndexingTime" : {
        "part" : 28634587,
        "total" : 2081571476
      },
      "totalNumberOfFiles" : 106,
      "totalNumberOfFilesIndexedByExtensions" : 0,
      "totalFilesSize" : 197567,
      "indexValueChangerEvaluationSpeed" : {
        "totalBytes" : 197567,
        "totalCpuTime" : 28634587
      }
    }, {
      "indexId" : "yaml.keys.name",
      "partOfTotalIndexingTime" : {
        "part" : 14577412,
        "total" : 2081571476
      },
      "totalNumberOfFiles" : 3,
      "totalNumberOfFilesIndexedByExtensions" : 0,
      "totalFilesSize" : 10599,
      "indexValueChangerEvaluationSpeed" : {
        "totalBytes" : 10599,
        "totalCpuTime" : 14577412
      }
    }, {
      "indexId" : "taglibUris",
      "partOfTotalIndexingTime" : {
        "part" : 11694730,
        "total" : 2081571476
      },
      "totalNumberOfFiles" : 7,
      "totalNumberOfFilesIndexedByExtensions" : 0,
      "totalFilesSize" : 5263,
      "indexValueChangerEvaluationSpeed" : {
        "totalBytes" : 5263,
        "totalCpuTime" : 11694730
      }
    }, {
      "indexId" : "fileIncludes",
      "partOfTotalIndexingTime" : {
        "part" : 9133060,
        "total" : 2081571476
      },
      "totalNumberOfFiles" : 8,
      "totalNumberOfFilesIndexedByExtensions" : 0,
      "totalFilesSize" : 7145,
      "indexValueChangerEvaluationSpeed" : {
        "totalBytes" : 7145,
        "totalCpuTime" : 9133060
      }
    }, {
      "indexId" : "DomFileIndex",
      "partOfTotalIndexingTime" : {
        "part" : 6426625,
        "total" : 2081571476
      },
      "totalNumberOfFiles" : 7,
      "totalNumberOfFilesIndexedByExtensions" : 0,
      "totalFilesSize" : 5263,
      "indexValueChangerEvaluationSpeed" : {
        "totalBytes" : 5263,
        "totalCpuTime" : 6426625
      }
    }, {
      "indexId" : "DjangoBlockInheritanceIndex",
      "partOfTotalIndexingTime" : {
        "part" : 5937269,
        "total" : 2081571476
      },
      "totalNumberOfFiles" : 8,
      "totalNumberOfFilesIndexedByExtensions" : 0,
      "totalFilesSize" : 7145,
      "indexValueChangerEvaluationSpeed" : {
        "totalBytes" : 7145,
        "totalCpuTime" : 5937269
      }
    }, {
      "indexId" : "json.file.root.values",
      "partOfTotalIndexingTime" : {
        "part" : 2812473,
        "total" : 2081571476
      },
      "totalNumberOfFiles" : 5,
      "totalNumberOfFilesIndexedByExtensions" : 0,
      "totalFilesSize" : 9843,
      "indexValueChangerEvaluationSpeed" : {
        "totalBytes" : 9843,
        "totalCpuTime" : 2812473
      }
    }, {
      "indexId" : "xmlProperties",
      "partOfTotalIndexingTime" : {
        "part" : 2598447,
        "total" : 2081571476
      },
      "totalNumberOfFiles" : 7,
      "totalNumberOfFilesIndexedByExtensions" : 0,
      "totalFilesSize" : 5263,
      "indexValueChangerEvaluationSpeed" : {
        "totalBytes" : 5263,
        "totalCpuTime" : 2598447
      }
    }, {
      "indexId" : "NavXmlIndex",
      "partOfTotalIndexingTime" : {
        "part" : 2372842,
        "total" : 2081571476
      },
      "totalNumberOfFiles" : 7,
      "totalNumberOfFilesIndexedByExtensions" : 0,
      "totalFilesSize" : 5263,
      "indexValueChangerEvaluationSpeed" : {
        "totalBytes" : 5263,
        "totalCpuTime" : 2372842
      }
    }, {
      "indexId" : "CssIndex",
      "partOfTotalIndexingTime" : {
        "part" : 1711416,
        "total" : 2081571476
      },
      "totalNumberOfFiles" : 1,
      "totalNumberOfFilesIndexedByExtensions" : 0,
      "totalFilesSize" : 1882,
      "indexValueChangerEvaluationSpeed" : {
        "totalBytes" : 1882,
        "totalCpuTime" : 1711416
      }
    }, {
      "indexId" : "WebComponentsIndex",
      "partOfTotalIndexingTime" : {
        "part" : 1572713,
        "total" : 2081571476
      },
      "totalNumberOfFiles" : 1,
      "totalNumberOfFilesIndexedByExtensions" : 0,
      "totalFilesSize" : 1882,
      "indexValueChangerEvaluationSpeed" : {
        "totalBytes" : 1882,
        "totalCpuTime" : 1572713
      }
    }, {
      "indexId" : "html5.custom.attributes.index",
      "partOfTotalIndexingTime" : {
        "part" : 1443379,
        "total" : 2081571476
      },
      "totalNumberOfFiles" : 1,
      "totalNumberOfFilesIndexedByExtensions" : 0,
      "totalFilesSize" : 1882,
      "indexValueChangerEvaluationSpeed" : {
        "totalBytes" : 1882,
        "totalCpuTime" : 1443379
      }
    }, {
      "indexId" : "angularjs.template.cache",
      "partOfTotalIndexingTime" : {
        "part" : 982706,
        "total" : 2081571476
      },
      "totalNumberOfFiles" : 1,
      "totalNumberOfFilesIndexedByExtensions" : 0,
      "totalFilesSize" : 1882,
      "indexValueChangerEvaluationSpeed" : {
        "totalBytes" : 1882,
        "totalCpuTime" : 982706
      }
    }, {
      "indexId" : "HtmlTagIdIndex",
      "partOfTotalIndexingTime" : {
        "part" : 491483,
        "total" : 2081571476
      },
      "totalNumberOfFiles" : 1,
      "totalNumberOfFilesIndexedByExtensions" : 0,
      "totalFilesSize" : 1882,
      "indexValueChangerEvaluationSpeed" : {
        "totalBytes" : 1882,
        "totalCpuTime" : 491483
      }
    }, {
      "indexId" : "SpringXmlBeansIndex",
      "partOfTotalIndexingTime" : {
        "part" : 354330,
        "total" : 2081571476
      },
      "totalNumberOfFiles" : 7,
      "totalNumberOfFilesIndexedByExtensions" : 0,
      "totalFilesSize" : 5263,
      "indexValueChangerEvaluationSpeed" : {
        "totalBytes" : 5263,
        "totalCpuTime" : 354330
      }
    }, {
      "indexId" : "DartPathIndex",
      "partOfTotalIndexingTime" : {
        "part" : 289309,
        "total" : 2081571476
      },
      "totalNumberOfFiles" : 3,
      "totalNumberOfFilesIndexedByExtensions" : 0,
      "totalFilesSize" : 6169,
      "indexValueChangerEvaluationSpeed" : {
        "totalBytes" : 6169,
        "totalCpuTime" : 289309
      }
    }, {
      "indexId" : "angularjs.ui.router.views.index",
      "partOfTotalIndexingTime" : {
        "part" : 281213,
        "total" : 2081571476
      },
      "totalNumberOfFiles" : 1,
      "totalNumberOfFilesIndexedByExtensions" : 0,
      "totalFilesSize" : 1882,
      "indexValueChangerEvaluationSpeed" : {
        "totalBytes" : 1882,
        "totalCpuTime" : 281213
      }
    }, {
      "indexId" : "docker.compose.services",
      "partOfTotalIndexingTime" : {
        "part" : 266558,
        "total" : 2081571476
      },
      "totalNumberOfFiles" : 3,
      "totalNumberOfFilesIndexedByExtensions" : 0,
      "totalFilesSize" : 10599,
      "indexValueChangerEvaluationSpeed" : {
        "totalBytes" : 10599,
        "totalCpuTime" : 266558
      }
    }, {
      "indexId" : "HtmlScriptSrcIndex",
      "partOfTotalIndexingTime" : {
        "part" : 226685,
        "total" : 2081571476
      },
      "totalNumberOfFiles" : 1,
      "totalNumberOfFilesIndexedByExtensions" : 0,
      "totalFilesSize" : 1882,
      "indexValueChangerEvaluationSpeed" : {
        "totalBytes" : 1882,
        "totalCpuTime" : 226685
      }
    }, {
      "indexId" : "DartLibraryIndex",
      "partOfTotalIndexingTime" : {
        "part" : 210428,
        "total" : 2081571476
      },
      "totalNumberOfFiles" : 3,
      "totalNumberOfFilesIndexedByExtensions" : 0,
      "totalFilesSize" : 6169,
      "indexValueChangerEvaluationSpeed" : {
        "totalBytes" : 6169,
        "totalCpuTime" : 210428
      }
    }, {
      "indexId" : "DartComponentIndex",
      "partOfTotalIndexingTime" : {
        "part" : 206458,
        "total" : 2081571476
      },
      "totalNumberOfFiles" : 3,
      "totalNumberOfFilesIndexedByExtensions" : 0,
      "totalFilesSize" : 6169,
      "indexValueChangerEvaluationSpeed" : {
        "totalBytes" : 6169,
        "totalCpuTime" : 206458
      }
    }, {
      "indexId" : "DartClassIndex",
      "partOfTotalIndexingTime" : {
        "part" : 201135,
        "total" : 2081571476
      },
      "totalNumberOfFiles" : 3,
      "totalNumberOfFilesIndexedByExtensions" : 0,
      "totalFilesSize" : 6169,
      "indexValueChangerEvaluationSpeed" : {
        "totalBytes" : 6169,
        "totalCpuTime" : 201135
      }
    }, {
      "indexId" : "DartSymbolIndex",
      "partOfTotalIndexingTime" : {
        "part" : 184380,
        "total" : 2081571476
      },
      "totalNumberOfFiles" : 3,
      "totalNumberOfFilesIndexedByExtensions" : 0,
      "totalFilesSize" : 6169,
      "indexValueChangerEvaluationSpeed" : {
        "totalBytes" : 6169,
        "totalCpuTime" : 184380
      }
    }, {
      "indexId" : "RelaxSymbolIndex",
      "partOfTotalIndexingTime" : {
        "part" : 181392,
        "total" : 2081571476
      },
      "totalNumberOfFiles" : 7,
      "totalNumberOfFilesIndexedByExtensions" : 0,
      "totalFilesSize" : 5263,
      "indexValueChangerEvaluationSpeed" : {
        "totalBytes" : 5263,
        "totalCpuTime" : 181392
      }
    }, {
      "indexId" : "css.template.selectors",
      "partOfTotalIndexingTime" : {
        "part" : 163381,
        "total" : 2081571476
      },
      "totalNumberOfFiles" : 1,
      "totalNumberOfFilesIndexedByExtensions" : 0,
      "totalFilesSize" : 1882,
      "indexValueChangerEvaluationSpeed" : {
        "totalBytes" : 1882,
        "totalCpuTime" : 163381
      }
    }, {
      "indexId" : "XsltSymbolIndex",
      "partOfTotalIndexingTime" : {
        "part" : 144388,
        "total" : 2081571476
      },
      "totalNumberOfFiles" : 7,
      "totalNumberOfFilesIndexedByExtensions" : 0,
      "totalFilesSize" : 5263,
      "indexValueChangerEvaluationSpeed" : {
        "totalBytes" : 5263,
        "totalCpuTime" : 144388
      }
    }, {
      "indexId" : "angularjs.app.index",
      "partOfTotalIndexingTime" : {
        "part" : 92047,
        "total" : 2081571476
      },
      "totalNumberOfFiles" : 1,
      "totalNumberOfFilesIndexedByExtensions" : 0,
      "totalFilesSize" : 1882,
      "indexValueChangerEvaluationSpeed" : {
        "totalBytes" : 1882,
        "totalCpuTime" : 92047
      }
    }, {
      "indexId" : "js.custom.single.entry.index",
      "partOfTotalIndexingTime" : {
        "part" : 28012,
        "total" : 2081571476
      },
      "totalNumberOfFiles" : 1,
      "totalNumberOfFilesIndexedByExtensions" : 0,
      "totalFilesSize" : 1882,
      "indexValueChangerEvaluationSpeed" : {
        "totalBytes" : 1882,
        "totalCpuTime" : 28012
      }
    } ],
    "statisticsOfChangedDuringIndexingFiles" : {
      "numberOfFiles" : 2,
      "retrievingTime" : 5019901
    },
    "fileProviderStatistics" : [ {
      "providerName" : "Module 'sportlive_monitor' (all roots)",
      "totalNumberOfIndexedFiles" : 106,
      "totalNumberOfFilesFullyIndexedByExtensions" : 0,
      "totalNumberOfNothingToWriteFiles" : 0,
      "totalIndexingVisibleTime" : 1371403373,
      "contentLoadingVisibleTime" : 79372041,
      "numberOfTooLargeForIndexingFiles" : 0,
      "slowIndexedFiles" : [ ],
      "filesFullyIndexedByExtensions" : [ ],
      "separateApplyingIndexesVisibleTime" : 366311552
    }, {
      "providerName" : "Refreshed files",
      "totalNumberOfIndexedFiles" : 2,
      "totalNumberOfFilesFullyIndexedByExtensions" : 0,
      "totalNumberOfNothingToWriteFiles" : 2,
      "totalIndexingVisibleTime" : 546236,
      "contentLoadingVisibleTime" : 190396,
      "numberOfTooLargeForIndexingFiles" : 0,
      "slowIndexedFiles" : [ ],
      "filesFullyIndexedByExtensions" : [ ],
      "separateApplyingIndexesVisibleTime" : 8217
    } ],
    "visibleTimeToAllThreadTimeRatio" : 0.8074370367742488
  }
}