{
  "appInfo" : {
    "build" : "233.11799.241",
    "buildDate" : "2023-12-02T05:05:00Z[UTC]",
    "productCode" : "IU",
    "generated" : "2024-01-07T17:22:29.220661Z",
    "os" : "macOS 13.6",
    "runtime" : "JetBrains s.r.o. 17.0.9 17.0.9+7-b1087.7"
  },
  "runtimeInfo" : {
    "maxMemory" : 3170893824,
    "numberOfProcessors" : 4,
    "maxNumberOfIndexingThreads" : 3,
    "maxSizeOfFileForIntelliSense" : 2560000,
    "maxSizeOfFileForContentLoading" : 20971520
  },
  "type" : "DumbIndexing",
  "projectIndexingActivityHistory" : {
    "projectName" : "sportlive_monitor",
    "times" : {
      "scanningIds" : [ 3 ],
      "contentLoadingVisibleTime" : 7566312,
      "retrievingChangedDuringIndexingFilesTime" : 55584,
      "separateApplyingIndexesVisibleTime" : 1132132,
      "updatingStart" : "2024-01-07T17:22:29.176732Z",
      "updatingEnd" : "2024-01-07T17:22:29.194378Z",
      "totalWallTimeWithPauses" : 17648485,
      "wallTimeOnPause" : 0,
      "wasInterrupted" : false,
      "dumbModeStart" : "2024-01-07T17:22:29.176732Z",
      "dumbWallTimeWithoutPauses" : 17648485,
      "dumbWallTimeWithPauses" : 17648485,
      "totalWallTimeWithoutPauses" : 17648485
    },
    "fileCount" : {
      "numberOfChangedDuringIndexingFiles" : 0,
      "numberOfFilesIndexedByInfrastructureExtensionsDuringIndexingStage" : 0,
      "numberOfFilesIndexedWithLoadingContent" : 2,
      "numberOfNothingToWriteFiles" : 0
    },
    "totalStatsPerFileType" : [ {
      "fileType" : "textmate",
      "partOfTotalProcessingTime" : {
        "part" : 18471626,
        "total" : 18471626
      },
      "partOfTotalContentLoadingTime" : {
        "part" : 11213222,
        "total" : 11213222
      },
      "totalNumberOfFiles" : 2,
      "totalFilesSize" : 964,
      "totalProcessingSpeed" : {
        "totalBytes" : 964,
        "totalCpuTime" : 18471626
      },
      "biggestContributors" : [ {
        "providerName" : "Module 'sportlive_monitor' (all roots)",
        "numberOfFiles" : 2,
        "totalFilesSize" : 964,
        "partOfTotalProcessingTimeOfThisFileType" : {
          "part" : 18471626,
          "total" : 18471626
        }
      } ]
    } ],
    "totalStatsPerBaseLanguage" : [ {
      "language" : "textmate",
      "partOfTotalProcessingTime" : {
        "part" : 18471626,
        "total" : 18471626
      },
      "partOfTotalContentLoadingTime" : {
        "part" : 22426444,
        "total" : 11213222
      },
      "totalNumberOfFiles" : 2,
      "totalFilesSize" : 964,
      "totalProcessingSpeed" : {
        "totalBytes" : 964,
        "totalCpuTime" : 18471626
      }
    } ],
    "totalStatsPerIndexer" : [ {
      "indexId" : "Trigram.Index",
      "partOfTotalIndexingTime" : {
        "part" : 584713,
        "total" : 584713
      },
      "totalNumberOfFiles" : 2,
      "totalNumberOfFilesIndexedByExtensions" : 0,
      "totalFilesSize" : 964,
      "indexValueChangerEvaluationSpeed" : {
        "totalBytes" : 964,
        "totalCpuTime" : 584713
      }
    } ],
    "statisticsOfChangedDuringIndexingFiles" : {
      "numberOfFiles" : 0,
      "retrievingTime" : 55584
    },
    "fileProviderStatistics" : [ {
      "providerName" : "Module 'sportlive_monitor' (all roots)",
      "totalNumberOfIndexedFiles" : 2,
      "totalNumberOfFilesFullyIndexedByExtensions" : 0,
      "totalNumberOfNothingToWriteFiles" : 0,
      "totalIndexingVisibleTime" : 12464044,
      "contentLoadingVisibleTime" : 7566312,
      "numberOfTooLargeForIndexingFiles" : 0,
      "slowIndexedFiles" : [ ],
      "filesFullyIndexedByExtensions" : [ ],
      "separateApplyingIndexesVisibleTime" : 1132132
    }, {
      "providerName" : "Refreshed files",
      "totalNumberOfIndexedFiles" : 0,
      "totalNumberOfFilesFullyIndexedByExtensions" : 0,
      "totalNumberOfNothingToWriteFiles" : 0,
      "totalIndexingVisibleTime" : 0,
      "contentLoadingVisibleTime" : 0,
      "numberOfTooLargeForIndexingFiles" : 0,
      "slowIndexedFiles" : [ ],
      "filesFullyIndexedByExtensions" : [ ],
      "separateApplyingIndexesVisibleTime" : 0
    } ],
    "visibleTimeToAllThreadTimeRatio" : 0.0
  }
}