{
  "appInfo" : {
    "build" : "233.11799.241",
    "buildDate" : "2023-12-02T05:05:00Z[UTC]",
    "productCode" : "IU",
    "generated" : "2024-01-07T19:20:07.627967Z",
    "os" : "macOS 13.6",
    "runtime" : "JetBrains s.r.o. 17.0.9 17.0.9+7-b1087.7"
  },
  "runtimeInfo" : {
    "maxMemory" : 3170893824,
    "numberOfProcessors" : 4,
    "maxNumberOfIndexingThreads" : 3,
    "maxSizeOfFileForIntelliSense" : 2560000,
    "maxSizeOfFileForContentLoading" : 20971520
  },
  "type" : "DumbIndexing",
  "projectIndexingActivityHistory" : {
    "projectName" : "sportlive_monitor",
    "times" : {
      "scanningIds" : [ ],
      "contentLoadingVisibleTime" : 1374141,
      "retrievingChangedDuringIndexingFilesTime" : 69556,
      "separateApplyingIndexesVisibleTime" : 358029,
      "updatingStart" : "2024-01-07T19:20:07.607061Z",
      "updatingEnd" : "2024-01-07T19:20:07.624397Z",
      "totalWallTimeWithPauses" : 17310871,
      "wallTimeOnPause" : 0,
      "wasInterrupted" : false,
      "dumbModeStart" : "2024-01-07T19:20:07.607061Z",
      "dumbWallTimeWithoutPauses" : 17310871,
      "dumbWallTimeWithPauses" : 17310871,
      "totalWallTimeWithoutPauses" : 17310871
    },
    "fileCount" : {
      "numberOfChangedDuringIndexingFiles" : 33,
      "numberOfFilesIndexedByInfrastructureExtensionsDuringIndexingStage" : 0,
      "numberOfFilesIndexedWithLoadingContent" : 33,
      "numberOfNothingToWriteFiles" : 0
    },
    "totalStatsPerFileType" : [ {
      "fileType" : "UNKNOWN",
      "partOfTotalProcessingTime" : {
        "part" : 22629797,
        "total" : 22629797
      },
      "partOfTotalContentLoadingTime" : {
        "part" : 2370730,
        "total" : 2370730
      },
      "totalNumberOfFiles" : 33,
      "totalFilesSize" : 0,
      "totalProcessingSpeed" : {
        "totalBytes" : 0,
        "totalCpuTime" : 22629797
      },
      "biggestContributors" : [ {
        "providerName" : "Refreshed files",
        "numberOfFiles" : 33,
        "totalFilesSize" : 0,
        "partOfTotalProcessingTimeOfThisFileType" : {
          "part" : 22629797,
          "total" : 22629797
        }
      } ]
    } ],
    "totalStatsPerBaseLanguage" : [ ],
    "totalStatsPerIndexer" : [ ],
    "statisticsOfChangedDuringIndexingFiles" : {
      "numberOfFiles" : 33,
      "retrievingTime" : 69556
    },
    "fileProviderStatistics" : [ {
      "providerName" : "Refreshed files",
      "totalNumberOfIndexedFiles" : 33,
      "totalNumberOfFilesFullyIndexedByExtensions" : 0,
      "totalNumberOfNothingToWriteFiles" : 0,
      "totalIndexingVisibleTime" : 13116860,
      "contentLoadingVisibleTime" : 1374141,
      "numberOfTooLargeForIndexingFiles" : 0,
      "slowIndexedFiles" : [ ],
      "filesFullyIndexedByExtensions" : [ ],
      "separateApplyingIndexesVisibleTime" : 358029
    } ],
    "visibleTimeToAllThreadTimeRatio" : 0.5796278243238329
  }
}