{
  "appInfo" : {
    "build" : "233.11799.241",
    "buildDate" : "2023-12-02T05:05:00Z[UTC]",
    "productCode" : "IU",
    "generated" : "2024-01-07T01:11:18.514442Z",
    "os" : "macOS 13.6",
    "runtime" : "JetBrains s.r.o. 17.0.9 17.0.9+7-b1087.7"
  },
  "runtimeInfo" : {
    "maxMemory" : 3170893824,
    "numberOfProcessors" : 4,
    "maxNumberOfIndexingThreads" : 3,
    "maxSizeOfFileForIntelliSense" : 2560000,
    "maxSizeOfFileForContentLoading" : 20971520
  },
  "type" : "DumbIndexing",
  "projectIndexingActivityHistory" : {
    "projectName" : "sportlive_monitor",
    "times" : {
      "scanningIds" : [ 51 ],
      "contentLoadingVisibleTime" : 13566191,
      "retrievingChangedDuringIndexingFilesTime" : 277003,
      "separateApplyingIndexesVisibleTime" : 30811864,
      "updatingStart" : "2024-01-07T01:11:18.335534Z",
      "updatingEnd" : "2024-01-07T01:11:18.514007Z",
      "totalWallTimeWithPauses" : 178468533,
      "wallTimeOnPause" : 0,
      "wasInterrupted" : false,
      "dumbWallTimeWithPauses" : 178468533,
      "dumbWallTimeWithoutPauses" : 178468533,
      "dumbModeStart" : "2024-01-07T01:11:18.335534Z",
      "totalWallTimeWithoutPauses" : 178468533
    },
    "fileCount" : {
      "numberOfChangedDuringIndexingFiles" : 15,
      "numberOfFilesIndexedByInfrastructureExtensionsDuringIndexingStage" : 0,
      "numberOfFilesIndexedWithLoadingContent" : 40,
      "numberOfNothingToWriteFiles" : 0
    },
    "totalStatsPerFileType" : [ {
      "fileType" : "Dart",
      "partOfTotalProcessingTime" : {
        "part" : 245647526,
        "total" : 378459644
      },
      "partOfTotalContentLoadingTime" : {
        "part" : 17817489,
        "total" : 29623331
      },
      "totalNumberOfFiles" : 25,
      "totalFilesSize" : 43258,
      "totalProcessingSpeed" : {
        "totalBytes" : 43258,
        "totalCpuTime" : 245647526
      },
      "biggestContributors" : [ {
        "providerName" : "Library Dart Packages (#84 class roots, #0 source roots)",
        "numberOfFiles" : 25,
        "totalFilesSize" : 43258,
        "partOfTotalProcessingTimeOfThisFileType" : {
          "part" : 245647526,
          "total" : 245647526
        }
      } ]
    }, {
      "fileType" : "textmate",
      "partOfTotalProcessingTime" : {
        "part" : 73010481,
        "total" : 378459644
      },
      "partOfTotalContentLoadingTime" : {
        "part" : 7033420,
        "total" : 29623331
      },
      "totalNumberOfFiles" : 5,
      "totalFilesSize" : 478916,
      "totalProcessingSpeed" : {
        "totalBytes" : 478916,
        "totalCpuTime" : 73010481
      },
      "biggestContributors" : [ {
        "providerName" : "Refreshed files",
        "numberOfFiles" : 5,
        "totalFilesSize" : 478916,
        "partOfTotalProcessingTimeOfThisFileType" : {
          "part" : 73010481,
          "total" : 73010481
        }
      } ]
    }, {
      "fileType" : "C++",
      "partOfTotalProcessingTime" : {
        "part" : 36436372,
        "total" : 378459644
      },
      "partOfTotalContentLoadingTime" : {
        "part" : 4424365,
        "total" : 29623331
      },
      "totalNumberOfFiles" : 5,
      "totalFilesSize" : 1308,
      "totalProcessingSpeed" : {
        "totalBytes" : 1308,
        "totalCpuTime" : 36436372
      },
      "biggestContributors" : [ {
        "providerName" : "Refreshed files",
        "numberOfFiles" : 5,
        "totalFilesSize" : 1308,
        "partOfTotalProcessingTimeOfThisFileType" : {
          "part" : 36436372,
          "total" : 36436372
        }
      } ]
    }, {
      "fileType" : "JAVA",
      "partOfTotalProcessingTime" : {
        "part" : 22678431,
        "total" : 378459644
      },
      "partOfTotalContentLoadingTime" : {
        "part" : 73101,
        "total" : 29623331
      },
      "totalNumberOfFiles" : 1,
      "totalFilesSize" : 516,
      "totalProcessingSpeed" : {
        "totalBytes" : 516,
        "totalCpuTime" : 22678431
      },
      "biggestContributors" : [ {
        "providerName" : "Refreshed files",
        "numberOfFiles" : 1,
        "totalFilesSize" : 516,
        "partOfTotalProcessingTimeOfThisFileType" : {
          "part" : 22678431,
          "total" : 22678431
        }
      } ]
    }, {
      "fileType" : "UNKNOWN",
      "partOfTotalProcessingTime" : {
        "part" : 686834,
        "total" : 378459644
      },
      "partOfTotalContentLoadingTime" : {
        "part" : 274956,
        "total" : 29623331
      },
      "totalNumberOfFiles" : 4,
      "totalFilesSize" : 0,
      "totalProcessingSpeed" : {
        "totalBytes" : 0,
        "totalCpuTime" : 686834
      },
      "biggestContributors" : [ {
        "providerName" : "Refreshed files",
        "numberOfFiles" : 4,
        "totalFilesSize" : 0,
        "partOfTotalProcessingTimeOfThisFileType" : {
          "part" : 686834,
          "total" : 686834
        }
      } ]
    } ],
    "totalStatsPerBaseLanguage" : [ {
      "language" : "Dart",
      "partOfTotalProcessingTime" : {
        "part" : 245647526,
        "total" : 378459644
      },
      "partOfTotalContentLoadingTime" : {
        "part" : 47440820,
        "total" : 29623331
      },
      "totalNumberOfFiles" : 25,
      "totalFilesSize" : 43258,
      "totalProcessingSpeed" : {
        "totalBytes" : 43258,
        "totalCpuTime" : 245647526
      }
    }, {
      "language" : "textmate",
      "partOfTotalProcessingTime" : {
        "part" : 73010481,
        "total" : 378459644
      },
      "partOfTotalContentLoadingTime" : {
        "part" : 36656751,
        "total" : 29623331
      },
      "totalNumberOfFiles" : 5,
      "totalFilesSize" : 478916,
      "totalProcessingSpeed" : {
        "totalBytes" : 478916,
        "totalCpuTime" : 73010481
      }
    }, {
      "language" : "JAVA",
      "partOfTotalProcessingTime" : {
        "part" : 22678431,
        "total" : 378459644
      },
      "partOfTotalContentLoadingTime" : {
        "part" : 29696432,
        "total" : 29623331
      },
      "totalNumberOfFiles" : 1,
      "totalFilesSize" : 516,
      "totalProcessingSpeed" : {
        "totalBytes" : 516,
        "totalCpuTime" : 22678431
      }
    } ],
    "totalStatsPerIndexer" : [ {
      "indexId" : "DartImportIndex",
      "partOfTotalIndexingTime" : {
        "part" : 128776931,
        "total" : 242054741
      },
      "totalNumberOfFiles" : 25,
      "totalNumberOfFilesIndexedByExtensions" : 0,
      "totalFilesSize" : 43258,
      "indexValueChangerEvaluationSpeed" : {
        "totalBytes" : 43258,
        "totalCpuTime" : 128776931
      }
    }, {
      "indexId" : "IdIndex",
      "partOfTotalIndexingTime" : {
        "part" : 63997415,
        "total" : 242054741
      },
      "totalNumberOfFiles" : 36,
      "totalNumberOfFilesIndexedByExtensions" : 0,
      "totalFilesSize" : 523998,
      "indexValueChangerEvaluationSpeed" : {
        "totalBytes" : 523998,
        "totalCpuTime" : 63997415
      }
    }, {
      "indexId" : "Trigram.Index",
      "partOfTotalIndexingTime" : {
        "part" : 21450368,
        "total" : 242054741
      },
      "totalNumberOfFiles" : 36,
      "totalNumberOfFilesIndexedByExtensions" : 0,
      "totalFilesSize" : 523998,
      "indexValueChangerEvaluationSpeed" : {
        "totalBytes" : 523998,
        "totalCpuTime" : 21450368
      }
    }, {
      "indexId" : "Stubs",
      "partOfTotalIndexingTime" : {
        "part" : 8222442,
        "total" : 242054741
      },
      "totalNumberOfFiles" : 1,
      "totalNumberOfFilesIndexedByExtensions" : 0,
      "totalFilesSize" : 516,
      "indexValueChangerEvaluationSpeed" : {
        "totalBytes" : 516,
        "totalCpuTime" : 8222442
      }
    }, {
      "indexId" : "HashFragmentIndex",
      "partOfTotalIndexingTime" : {
        "part" : 6025453,
        "total" : 242054741
      },
      "totalNumberOfFiles" : 1,
      "totalNumberOfFilesIndexedByExtensions" : 0,
      "totalFilesSize" : 516,
      "indexValueChangerEvaluationSpeed" : {
        "totalBytes" : 516,
        "totalCpuTime" : 6025453
      }
    }, {
      "indexId" : "DartPathIndex",
      "partOfTotalIndexingTime" : {
        "part" : 2944814,
        "total" : 242054741
      },
      "totalNumberOfFiles" : 25,
      "totalNumberOfFilesIndexedByExtensions" : 0,
      "totalFilesSize" : 43258,
      "indexValueChangerEvaluationSpeed" : {
        "totalBytes" : 43258,
        "totalCpuTime" : 2944814
      }
    }, {
      "indexId" : "DartClassIndex",
      "partOfTotalIndexingTime" : {
        "part" : 2314056,
        "total" : 242054741
      },
      "totalNumberOfFiles" : 25,
      "totalNumberOfFilesIndexedByExtensions" : 0,
      "totalFilesSize" : 43258,
      "indexValueChangerEvaluationSpeed" : {
        "totalBytes" : 43258,
        "totalCpuTime" : 2314056
      }
    }, {
      "indexId" : "java.null.method.argument",
      "partOfTotalIndexingTime" : {
        "part" : 1836758,
        "total" : 242054741
      },
      "totalNumberOfFiles" : 1,
      "totalNumberOfFilesIndexedByExtensions" : 0,
      "totalFilesSize" : 516,
      "indexValueChangerEvaluationSpeed" : {
        "totalBytes" : 516,
        "totalCpuTime" : 1836758
      }
    }, {
      "indexId" : "java.fun.expression",
      "partOfTotalIndexingTime" : {
        "part" : 1759046,
        "total" : 242054741
      },
      "totalNumberOfFiles" : 1,
      "totalNumberOfFilesIndexedByExtensions" : 0,
      "totalFilesSize" : 516,
      "indexValueChangerEvaluationSpeed" : {
        "totalBytes" : 516,
        "totalCpuTime" : 1759046
      }
    }, {
      "indexId" : "DartComponentIndex",
      "partOfTotalIndexingTime" : {
        "part" : 1613445,
        "total" : 242054741
      },
      "totalNumberOfFiles" : 25,
      "totalNumberOfFilesIndexedByExtensions" : 0,
      "totalFilesSize" : 43258,
      "indexValueChangerEvaluationSpeed" : {
        "totalBytes" : 43258,
        "totalCpuTime" : 1613445
      }
    }, {
      "indexId" : "DartSymbolIndex",
      "partOfTotalIndexingTime" : {
        "part" : 1541673,
        "total" : 242054741
      },
      "totalNumberOfFiles" : 25,
      "totalNumberOfFilesIndexedByExtensions" : 0,
      "totalFilesSize" : 43258,
      "indexValueChangerEvaluationSpeed" : {
        "totalBytes" : 43258,
        "totalCpuTime" : 1541673
      }
    }, {
      "indexId" : "DartLibraryIndex",
      "partOfTotalIndexingTime" : {
        "part" : 960117,
        "total" : 242054741
      },
      "totalNumberOfFiles" : 25,
      "totalNumberOfFilesIndexedByExtensions" : 0,
      "totalFilesSize" : 43258,
      "indexValueChangerEvaluationSpeed" : {
        "totalBytes" : 43258,
        "totalCpuTime" : 960117
      }
    }, {
      "indexId" : "java.cucumber.java8.step",
      "partOfTotalIndexingTime" : {
        "part" : 290379,
        "total" : 242054741
      },
      "totalNumberOfFiles" : 1,
      "totalNumberOfFilesIndexedByExtensions" : 0,
      "totalFilesSize" : 516,
      "indexValueChangerEvaluationSpeed" : {
        "totalBytes" : 516,
        "totalCpuTime" : 290379
      }
    }, {
      "indexId" : "com.android.tools.idea.dagger.index.DaggerIndex",
      "partOfTotalIndexingTime" : {
        "part" : 241801,
        "total" : 242054741
      },
      "totalNumberOfFiles" : 1,
      "totalNumberOfFilesIndexedByExtensions" : 0,
      "totalFilesSize" : 516,
      "indexValueChangerEvaluationSpeed" : {
        "totalBytes" : 516,
        "totalCpuTime" : 241801
      }
    }, {
      "indexId" : "java.binary.plus.expression",
      "partOfTotalIndexingTime" : {
        "part" : 80043,
        "total" : 242054741
      },
      "totalNumberOfFiles" : 1,
      "totalNumberOfFilesIndexedByExtensions" : 0,
      "totalFilesSize" : 516,
      "indexValueChangerEvaluationSpeed" : {
        "totalBytes" : 516,
        "totalCpuTime" : 80043
      }
    } ],
    "statisticsOfChangedDuringIndexingFiles" : {
      "numberOfFiles" : 15,
      "retrievingTime" : 277003
    },
    "fileProviderStatistics" : [ {
      "providerName" : "Library Dart Packages (#84 class roots, #0 source roots)",
      "totalNumberOfIndexedFiles" : 25,
      "totalNumberOfFilesFullyIndexedByExtensions" : 0,
      "totalNumberOfNothingToWriteFiles" : 0,
      "totalIndexingVisibleTime" : 88922244,
      "contentLoadingVisibleTime" : 6449774,
      "numberOfTooLargeForIndexingFiles" : 0,
      "slowIndexedFiles" : [ ],
      "filesFullyIndexedByExtensions" : [ ],
      "separateApplyingIndexesVisibleTime" : 18724956
    }, {
      "providerName" : "Refreshed files",
      "totalNumberOfIndexedFiles" : 15,
      "totalNumberOfFilesFullyIndexedByExtensions" : 0,
      "totalNumberOfNothingToWriteFiles" : 0,
      "totalIndexingVisibleTime" : 80057522,
      "contentLoadingVisibleTime" : 7116417,
      "numberOfTooLargeForIndexingFiles" : 0,
      "slowIndexedFiles" : [ ],
      "filesFullyIndexedByExtensions" : [ ],
      "separateApplyingIndexesVisibleTime" : 12086908
    } ],
    "visibleTimeToAllThreadTimeRatio" : 0.6027877817594928
  }
}