{
  "appInfo" : {
    "build" : "233.11799.241",
    "buildDate" : "2023-12-02T05:05:00Z[UTC]",
    "productCode" : "IU",
    "generated" : "2024-01-06T12:30:36.196972Z",
    "os" : "macOS 13.6",
    "runtime" : "JetBrains s.r.o. 17.0.9 17.0.9+7-b1087.7"
  },
  "runtimeInfo" : {
    "maxMemory" : 3170893824,
    "numberOfProcessors" : 4,
    "maxNumberOfIndexingThreads" : 3,
    "maxSizeOfFileForIntelliSense" : 2560000,
    "maxSizeOfFileForContentLoading" : 20971520
  },
  "type" : "Scanning",
  "projectIndexingActivityHistory" : {
    "projectName" : "sportlive_monitor",
    "times" : {
      "scanningReason" : "changes in: \"Library KotlinJavaRuntime (#3 class roots, #3 source roots)\"",
      "scanningType" : "PARTIAL",
      "scanningId" : 20,
      "creatingIteratorsTime" : 2000,
      "concurrentHandlingWallTimeWithoutPauses" : 2359898000,
      "concurrentHandlingWallTimeWithPauses" : 2359898000,
      "concurrentHandlingSumOfThreadTimesWithPauses" : 2351838427,
      "concurrentIterationAndScannersApplicationSumOfThreadTimesWithPauses" : 84793626,
      "concurrentFileCheckSumOfThreadTimesWithPauses" : 2266395446,
      "delayedPushPropertiesStageTime" : 6000,
      "indexExtensionsTime" : 1028895425,
      "dumbModeStart" : "2024-01-06T12:30:33.835151Z",
      "dumbWallTimeWithPauses" : 2360758000,
      "dumbWallTimeWithoutPauses" : 2360758000,
      "updatingStart" : "2024-01-06T12:30:33.834789Z",
      "updatingEnd" : "2024-01-06T12:30:36.195909Z",
      "totalWallTimeWithPauses" : 2361688974,
      "wallTimeOnPause" : 0,
      "wasInterrupted" : false,
      "totalWallTimeWithoutPauses" : 2361688974
    },
    "fileCount" : {
      "numberOfFileProviders" : 1,
      "numberOfScannedFiles" : 3866,
      "numberOfFilesIndexedByInfrastructureExtensionsDuringScan" : 0,
      "numberOfFilesScheduledForIndexingAfterScan" : 3866
    },
    "scanningStatistics" : [ {
      "providerName" : "Library KotlinJavaRuntime (#3 class roots, #3 source roots)",
      "numberOfScannedFiles" : 3866,
      "numberOfSkippedFiles" : 0,
      "numberOfFilesForIndexing" : 3866,
      "numberOfFilesFullyIndexedByInfrastructureExtensions" : 0,
      "filesFullyIndexedByInfrastructureExtensions" : [ ],
      "statusTime" : 2072726053,
      "totalOneThreadTimeWithPauses" : 2351838427,
      "iterationAndScannersApplicationTime" : 84793626,
      "filesCheckTime" : 2266395446,
      "timeProcessingUpToDateFiles" : 0,
      "timeUpdatingContentLessIndexes" : 389916165,
      "timeIndexingWithoutContentViaInfrastructureExtension" : 1028895425,
      "roots" : [ ]
    } ]
  }
}