{
  "appInfo" : {
    "build" : "233.11799.241",
    "buildDate" : "2023-12-02T05:05:00Z[UTC]",
    "productCode" : "IU",
    "generated" : "2024-01-07T22:32:43.262484Z",
    "os" : "macOS 13.6",
    "runtime" : "JetBrains s.r.o. 17.0.9 17.0.9+7-b1087.7"
  },
  "runtimeInfo" : {
    "maxMemory" : 3170893824,
    "numberOfProcessors" : 4,
    "maxNumberOfIndexingThreads" : 3,
    "maxSizeOfFileForIntelliSense" : 2560000,
    "maxSizeOfFileForContentLoading" : 20971520
  },
  "type" : "DumbIndexing",
  "projectIndexingActivityHistory" : {
    "projectName" : "sportlive_monitor",
    "times" : {
      "scanningIds" : [ ],
      "contentLoadingVisibleTime" : 619745781,
      "retrievingChangedDuringIndexingFilesTime" : 1855702,
      "separateApplyingIndexesVisibleTime" : 947420827,
      "updatingStart" : "2024-01-07T22:32:33.984352Z",
      "updatingEnd" : "2024-01-07T22:32:43.260355Z",
      "totalWallTimeWithPauses" : 9275135515,
      "wallTimeOnPause" : 0,
      "wasInterrupted" : false,
      "dumbModeStart" : "2024-01-07T22:32:33.984352Z",
      "dumbWallTimeWithoutPauses" : 9275135515,
      "dumbWallTimeWithPauses" : 9275135515,
      "totalWallTimeWithoutPauses" : 9275135515
    },
    "fileCount" : {
      "numberOfChangedDuringIndexingFiles" : 2417,
      "numberOfFilesIndexedByInfrastructureExtensionsDuringIndexingStage" : 0,
      "numberOfFilesIndexedWithLoadingContent" : 2417,
      "numberOfNothingToWriteFiles" : 338
    },
    "totalStatsPerFileType" : [ {
      "fileType" : "Dart",
      "partOfTotalProcessingTime" : {
        "part" : 7366189009,
        "total" : 8497060955
      },
      "partOfTotalContentLoadingTime" : {
        "part" : 415901680,
        "total" : 568573708
      },
      "totalNumberOfFiles" : 574,
      "totalFilesSize" : 3633718,
      "totalProcessingSpeed" : {
        "totalBytes" : 3633718,
        "totalCpuTime" : 7366189009
      },
      "biggestContributors" : [ {
        "providerName" : "Refreshed files",
        "numberOfFiles" : 574,
        "totalFilesSize" : 3633718,
        "partOfTotalProcessingTimeOfThisFileType" : {
          "part" : 7366189009,
          "total" : 7366189009
        }
      } ]
    }, {
      "fileType" : "UNKNOWN",
      "partOfTotalProcessingTime" : {
        "part" : 957973964,
        "total" : 8497060955
      },
      "partOfTotalContentLoadingTime" : {
        "part" : 147956252,
        "total" : 568573708
      },
      "totalNumberOfFiles" : 1832,
      "totalFilesSize" : 0,
      "totalProcessingSpeed" : {
        "totalBytes" : 0,
        "totalCpuTime" : 957973964
      },
      "biggestContributors" : [ {
        "providerName" : "Refreshed files",
        "numberOfFiles" : 1832,
        "totalFilesSize" : 0,
        "partOfTotalProcessingTimeOfThisFileType" : {
          "part" : 957973964,
          "total" : 957973964
        }
      } ]
    }, {
      "fileType" : "C++",
      "partOfTotalProcessingTime" : {
        "part" : 108944286,
        "total" : 8497060955
      },
      "partOfTotalContentLoadingTime" : {
        "part" : 2326439,
        "total" : 568573708
      },
      "totalNumberOfFiles" : 5,
      "totalFilesSize" : 1308,
      "totalProcessingSpeed" : {
        "totalBytes" : 1308,
        "totalCpuTime" : 108944286
      },
      "biggestContributors" : [ {
        "providerName" : "Refreshed files",
        "numberOfFiles" : 5,
        "totalFilesSize" : 1308,
        "partOfTotalProcessingTimeOfThisFileType" : {
          "part" : 108944286,
          "total" : 108944286
        }
      } ]
    }, {
      "fileType" : "YAML",
      "partOfTotalProcessingTime" : {
        "part" : 37037346,
        "total" : 8497060955
      },
      "partOfTotalContentLoadingTime" : {
        "part" : 134582,
        "total" : 568573708
      },
      "totalNumberOfFiles" : 1,
      "totalFilesSize" : 16524,
      "totalProcessingSpeed" : {
        "totalBytes" : 16524,
        "totalCpuTime" : 37037346
      },
      "biggestContributors" : [ {
        "providerName" : "Refreshed files",
        "numberOfFiles" : 1,
        "totalFilesSize" : 16524,
        "partOfTotalProcessingTimeOfThisFileType" : {
          "part" : 37037346,
          "total" : 37037346
        }
      } ]
    }, {
      "fileType" : "textmate",
      "partOfTotalProcessingTime" : {
        "part" : 14677824,
        "total" : 8497060955
      },
      "partOfTotalContentLoadingTime" : {
        "part" : 1572840,
        "total" : 568573708
      },
      "totalNumberOfFiles" : 4,
      "totalFilesSize" : 1854,
      "totalProcessingSpeed" : {
        "totalBytes" : 1854,
        "totalCpuTime" : 14677824
      },
      "biggestContributors" : [ {
        "providerName" : "Refreshed files",
        "numberOfFiles" : 4,
        "totalFilesSize" : 1854,
        "partOfTotalProcessingTimeOfThisFileType" : {
          "part" : 14677824,
          "total" : 14677824
        }
      } ]
    }, {
      "fileType" : "JAVA",
      "partOfTotalProcessingTime" : {
        "part" : 12238526,
        "total" : 8497060955
      },
      "partOfTotalContentLoadingTime" : {
        "part" : 681915,
        "total" : 568573708
      },
      "totalNumberOfFiles" : 1,
      "totalFilesSize" : 516,
      "totalProcessingSpeed" : {
        "totalBytes" : 516,
        "totalCpuTime" : 12238526
      },
      "biggestContributors" : [ {
        "providerName" : "Refreshed files",
        "numberOfFiles" : 1,
        "totalFilesSize" : 516,
        "partOfTotalProcessingTimeOfThisFileType" : {
          "part" : 12238526,
          "total" : 12238526
        }
      } ]
    } ],
    "totalStatsPerBaseLanguage" : [ {
      "language" : "Dart",
      "partOfTotalProcessingTime" : {
        "part" : 7366189009,
        "total" : 8497060955
      },
      "partOfTotalContentLoadingTime" : {
        "part" : 984475388,
        "total" : 568573708
      },
      "totalNumberOfFiles" : 574,
      "totalFilesSize" : 3633718,
      "totalProcessingSpeed" : {
        "totalBytes" : 3633718,
        "totalCpuTime" : 7366189009
      }
    }, {
      "language" : "yaml",
      "partOfTotalProcessingTime" : {
        "part" : 37037346,
        "total" : 8497060955
      },
      "partOfTotalContentLoadingTime" : {
        "part" : 568708290,
        "total" : 568573708
      },
      "totalNumberOfFiles" : 1,
      "totalFilesSize" : 16524,
      "totalProcessingSpeed" : {
        "totalBytes" : 16524,
        "totalCpuTime" : 37037346
      }
    }, {
      "language" : "textmate",
      "partOfTotalProcessingTime" : {
        "part" : 14677824,
        "total" : 8497060955
      },
      "partOfTotalContentLoadingTime" : {
        "part" : 570146548,
        "total" : 568573708
      },
      "totalNumberOfFiles" : 4,
      "totalFilesSize" : 1854,
      "totalProcessingSpeed" : {
        "totalBytes" : 1854,
        "totalCpuTime" : 14677824
      }
    }, {
      "language" : "JAVA",
      "partOfTotalProcessingTime" : {
        "part" : 12238526,
        "total" : 8497060955
      },
      "partOfTotalContentLoadingTime" : {
        "part" : 569255623,
        "total" : 568573708
      },
      "totalNumberOfFiles" : 1,
      "totalFilesSize" : 516,
      "totalProcessingSpeed" : {
        "totalBytes" : 516,
        "totalCpuTime" : 12238526
      }
    } ],
    "totalStatsPerIndexer" : [ {
      "indexId" : "DartPathIndex",
      "partOfTotalIndexingTime" : {
        "part" : 4040506482,
        "total" : 5098867944
      },
      "totalNumberOfFiles" : 236,
      "totalNumberOfFilesIndexedByExtensions" : 0,
      "totalFilesSize" : 2334821,
      "indexValueChangerEvaluationSpeed" : {
        "totalBytes" : 2334821,
        "totalCpuTime" : 4040506482
      }
    }, {
      "indexId" : "IdIndex",
      "partOfTotalIndexingTime" : {
        "part" : 318136554,
        "total" : 5098867944
      },
      "totalNumberOfFiles" : 247,
      "totalNumberOfFilesIndexedByExtensions" : 0,
      "totalFilesSize" : 2355023,
      "indexValueChangerEvaluationSpeed" : {
        "totalBytes" : 2355023,
        "totalCpuTime" : 318136554
      }
    }, {
      "indexId" : "DartSymbolIndex",
      "partOfTotalIndexingTime" : {
        "part" : 175618509,
        "total" : 5098867944
      },
      "totalNumberOfFiles" : 236,
      "totalNumberOfFilesIndexedByExtensions" : 0,
      "totalFilesSize" : 2334821,
      "indexValueChangerEvaluationSpeed" : {
        "totalBytes" : 2334821,
        "totalCpuTime" : 175618509
      }
    }, {
      "indexId" : "DartComponentIndex",
      "partOfTotalIndexingTime" : {
        "part" : 167698386,
        "total" : 5098867944
      },
      "totalNumberOfFiles" : 236,
      "totalNumberOfFilesIndexedByExtensions" : 0,
      "totalFilesSize" : 2334821,
      "indexValueChangerEvaluationSpeed" : {
        "totalBytes" : 2334821,
        "totalCpuTime" : 167698386
      }
    }, {
      "indexId" : "Trigram.Index",
      "partOfTotalIndexingTime" : {
        "part" : 143166128,
        "total" : 5098867944
      },
      "totalNumberOfFiles" : 247,
      "totalNumberOfFilesIndexedByExtensions" : 0,
      "totalFilesSize" : 2355023,
      "indexValueChangerEvaluationSpeed" : {
        "totalBytes" : 2355023,
        "totalCpuTime" : 143166128
      }
    }, {
      "indexId" : "DartImportIndex",
      "partOfTotalIndexingTime" : {
        "part" : 132804888,
        "total" : 5098867944
      },
      "totalNumberOfFiles" : 236,
      "totalNumberOfFilesIndexedByExtensions" : 0,
      "totalFilesSize" : 2334821,
      "indexValueChangerEvaluationSpeed" : {
        "totalBytes" : 2334821,
        "totalCpuTime" : 132804888
      }
    }, {
      "indexId" : "DartLibraryIndex",
      "partOfTotalIndexingTime" : {
        "part" : 47860655,
        "total" : 5098867944
      },
      "totalNumberOfFiles" : 236,
      "totalNumberOfFilesIndexedByExtensions" : 0,
      "totalFilesSize" : 2334821,
      "indexValueChangerEvaluationSpeed" : {
        "totalBytes" : 2334821,
        "totalCpuTime" : 47860655
      }
    }, {
      "indexId" : "DartClassIndex",
      "partOfTotalIndexingTime" : {
        "part" : 33803686,
        "total" : 5098867944
      },
      "totalNumberOfFiles" : 236,
      "totalNumberOfFilesIndexedByExtensions" : 0,
      "totalFilesSize" : 2334821,
      "indexValueChangerEvaluationSpeed" : {
        "totalBytes" : 2334821,
        "totalCpuTime" : 33803686
      }
    }, {
      "indexId" : "yaml.keys.name",
      "partOfTotalIndexingTime" : {
        "part" : 29910701,
        "total" : 5098867944
      },
      "totalNumberOfFiles" : 1,
      "totalNumberOfFilesIndexedByExtensions" : 0,
      "totalFilesSize" : 16524,
      "indexValueChangerEvaluationSpeed" : {
        "totalBytes" : 16524,
        "totalCpuTime" : 29910701
      }
    }, {
      "indexId" : "HashFragmentIndex",
      "partOfTotalIndexingTime" : {
        "part" : 6436308,
        "total" : 5098867944
      },
      "totalNumberOfFiles" : 1,
      "totalNumberOfFilesIndexedByExtensions" : 0,
      "totalFilesSize" : 516,
      "indexValueChangerEvaluationSpeed" : {
        "totalBytes" : 516,
        "totalCpuTime" : 6436308
      }
    }, {
      "indexId" : "Stubs",
      "partOfTotalIndexingTime" : {
        "part" : 1281417,
        "total" : 5098867944
      },
      "totalNumberOfFiles" : 1,
      "totalNumberOfFilesIndexedByExtensions" : 0,
      "totalFilesSize" : 516,
      "indexValueChangerEvaluationSpeed" : {
        "totalBytes" : 516,
        "totalCpuTime" : 1281417
      }
    }, {
      "indexId" : "SwReferencesIndex",
      "partOfTotalIndexingTime" : {
        "part" : 691069,
        "total" : 5098867944
      },
      "totalNumberOfFiles" : 1,
      "totalNumberOfFilesIndexedByExtensions" : 0,
      "totalFilesSize" : 16524,
      "indexValueChangerEvaluationSpeed" : {
        "totalBytes" : 16524,
        "totalCpuTime" : 691069
      }
    }, {
      "indexId" : "java.null.method.argument",
      "partOfTotalIndexingTime" : {
        "part" : 269398,
        "total" : 5098867944
      },
      "totalNumberOfFiles" : 1,
      "totalNumberOfFilesIndexedByExtensions" : 0,
      "totalFilesSize" : 516,
      "indexValueChangerEvaluationSpeed" : {
        "totalBytes" : 516,
        "totalCpuTime" : 269398
      }
    }, {
      "indexId" : "com.android.tools.idea.dagger.index.DaggerIndex",
      "partOfTotalIndexingTime" : {
        "part" : 149272,
        "total" : 5098867944
      },
      "totalNumberOfFiles" : 1,
      "totalNumberOfFilesIndexedByExtensions" : 0,
      "totalFilesSize" : 516,
      "indexValueChangerEvaluationSpeed" : {
        "totalBytes" : 516,
        "totalCpuTime" : 149272
      }
    }, {
      "indexId" : "java.fun.expression",
      "partOfTotalIndexingTime" : {
        "part" : 122946,
        "total" : 5098867944
      },
      "totalNumberOfFiles" : 1,
      "totalNumberOfFilesIndexedByExtensions" : 0,
      "totalFilesSize" : 516,
      "indexValueChangerEvaluationSpeed" : {
        "totalBytes" : 516,
        "totalCpuTime" : 122946
      }
    }, {
      "indexId" : "java.cucumber.java8.step",
      "partOfTotalIndexingTime" : {
        "part" : 116598,
        "total" : 5098867944
      },
      "totalNumberOfFiles" : 1,
      "totalNumberOfFilesIndexedByExtensions" : 0,
      "totalFilesSize" : 516,
      "indexValueChangerEvaluationSpeed" : {
        "totalBytes" : 516,
        "totalCpuTime" : 116598
      }
    }, {
      "indexId" : "OpenapiSpecificationContentIndexer",
      "partOfTotalIndexingTime" : {
        "part" : 104408,
        "total" : 5098867944
      },
      "totalNumberOfFiles" : 1,
      "totalNumberOfFilesIndexedByExtensions" : 0,
      "totalFilesSize" : 16524,
      "indexValueChangerEvaluationSpeed" : {
        "totalBytes" : 16524,
        "totalCpuTime" : 104408
      }
    }, {
      "indexId" : "java.binary.plus.expression",
      "partOfTotalIndexingTime" : {
        "part" : 100750,
        "total" : 5098867944
      },
      "totalNumberOfFiles" : 1,
      "totalNumberOfFilesIndexedByExtensions" : 0,
      "totalFilesSize" : 516,
      "indexValueChangerEvaluationSpeed" : {
        "totalBytes" : 516,
        "totalCpuTime" : 100750
      }
    }, {
      "indexId" : "FrameworkDetectionIndex",
      "partOfTotalIndexingTime" : {
        "part" : 49429,
        "total" : 5098867944
      },
      "totalNumberOfFiles" : 1,
      "totalNumberOfFilesIndexedByExtensions" : 0,
      "totalFilesSize" : 16524,
      "indexValueChangerEvaluationSpeed" : {
        "totalBytes" : 16524,
        "totalCpuTime" : 49429
      }
    }, {
      "indexId" : "docker.compose.services",
      "partOfTotalIndexingTime" : {
        "part" : 40360,
        "total" : 5098867944
      },
      "totalNumberOfFiles" : 1,
      "totalNumberOfFilesIndexedByExtensions" : 0,
      "totalFilesSize" : 16524,
      "indexValueChangerEvaluationSpeed" : {
        "totalBytes" : 16524,
        "totalCpuTime" : 40360
      }
    } ],
    "statisticsOfChangedDuringIndexingFiles" : {
      "numberOfFiles" : 2417,
      "retrievingTime" : 1855702
    },
    "fileProviderStatistics" : [ {
      "providerName" : "Refreshed files",
      "totalNumberOfIndexedFiles" : 2417,
      "totalNumberOfFilesFullyIndexedByExtensions" : 0,
      "totalNumberOfNothingToWriteFiles" : 338,
      "totalIndexingVisibleTime" : 9261803016,
      "contentLoadingVisibleTime" : 619745781,
      "numberOfTooLargeForIndexingFiles" : 0,
      "slowIndexedFiles" : [ {
        "fileName" : "element.dart",
        "processingTime" : 832126387,
        "evaluationOfIndexValueChangerTime" : 825425554,
        "contentLoadingTime" : 724689
      } ],
      "filesFullyIndexedByExtensions" : [ ],
      "separateApplyingIndexesVisibleTime" : 947420827
    } ],
    "visibleTimeToAllThreadTimeRatio" : 1.0900007738028519
  }
}