{
  "appInfo" : {
    "build" : "233.11799.241",
    "buildDate" : "2023-12-02T05:05:00Z[UTC]",
    "productCode" : "IU",
    "generated" : "2024-01-08T00:50:51.052055Z",
    "os" : "macOS 13.6",
    "runtime" : "JetBrains s.r.o. 17.0.9 17.0.9+7-b1087.7"
  },
  "runtimeInfo" : {
    "maxMemory" : 3170893824,
    "numberOfProcessors" : 4,
    "maxNumberOfIndexingThreads" : 3,
    "maxSizeOfFileForIntelliSense" : 2560000,
    "maxSizeOfFileForContentLoading" : 20971520
  },
  "type" : "DumbIndexing",
  "projectIndexingActivityHistory" : {
    "projectName" : "sportlive_monitor",
    "times" : {
      "scanningIds" : [ ],
      "contentLoadingVisibleTime" : 1708573372,
      "retrievingChangedDuringIndexingFilesTime" : 11010760,
      "separateApplyingIndexesVisibleTime" : 2570501463,
      "updatingStart" : "2024-01-08T00:50:03.651348Z",
      "updatingEnd" : "2024-01-08T00:50:51.032563Z",
      "totalWallTimeWithPauses" : 47381218057,
      "wallTimeOnPause" : 0,
      "wasInterrupted" : false,
      "dumbModeStart" : "2024-01-08T00:50:03.651348Z",
      "dumbWallTimeWithoutPauses" : 47381218057,
      "dumbWallTimeWithPauses" : 47381218057,
      "totalWallTimeWithoutPauses" : 47381218057
    },
    "fileCount" : {
      "numberOfChangedDuringIndexingFiles" : 1272,
      "numberOfFilesIndexedByInfrastructureExtensionsDuringIndexingStage" : 0,
      "numberOfFilesIndexedWithLoadingContent" : 1272,
      "numberOfNothingToWriteFiles" : 0
    },
    "totalStatsPerFileType" : [ {
      "fileType" : "Dart",
      "partOfTotalProcessingTime" : {
        "part" : 140134852700,
        "total" : 140217907234
      },
      "partOfTotalContentLoadingTime" : {
        "part" : 5057219372,
        "total" : 5058354634
      },
      "totalNumberOfFiles" : 1270,
      "totalFilesSize" : 13243200,
      "totalProcessingSpeed" : {
        "totalBytes" : 13243200,
        "totalCpuTime" : 140134852700
      },
      "biggestContributors" : [ {
        "providerName" : "Refreshed files",
        "numberOfFiles" : 1270,
        "totalFilesSize" : 13243200,
        "partOfTotalProcessingTimeOfThisFileType" : {
          "part" : 140134852700,
          "total" : 140134852700
        }
      } ]
    }, {
      "fileType" : "PLAIN_TEXT",
      "partOfTotalProcessingTime" : {
        "part" : 45284860,
        "total" : 140217907234
      },
      "partOfTotalContentLoadingTime" : {
        "part" : 807615,
        "total" : 5058354634
      },
      "totalNumberOfFiles" : 1,
      "totalFilesSize" : 13071,
      "totalProcessingSpeed" : {
        "totalBytes" : 13071,
        "totalCpuTime" : 45284860
      },
      "biggestContributors" : [ {
        "providerName" : "Refreshed files",
        "numberOfFiles" : 1,
        "totalFilesSize" : 13071,
        "partOfTotalProcessingTimeOfThisFileType" : {
          "part" : 45284860,
          "total" : 45284860
        }
      } ]
    }, {
      "fileType" : "Markdown",
      "partOfTotalProcessingTime" : {
        "part" : 37769674,
        "total" : 140217907234
      },
      "partOfTotalContentLoadingTime" : {
        "part" : 327647,
        "total" : 5058354634
      },
      "totalNumberOfFiles" : 1,
      "totalFilesSize" : 585,
      "totalProcessingSpeed" : {
        "totalBytes" : 585,
        "totalCpuTime" : 37769674
      },
      "biggestContributors" : [ {
        "providerName" : "Refreshed files",
        "numberOfFiles" : 1,
        "totalFilesSize" : 585,
        "partOfTotalProcessingTimeOfThisFileType" : {
          "part" : 37769674,
          "total" : 37769674
        }
      } ]
    } ],
    "totalStatsPerBaseLanguage" : [ {
      "language" : "Dart",
      "partOfTotalProcessingTime" : {
        "part" : 140134852700,
        "total" : 140217907234
      },
      "partOfTotalContentLoadingTime" : {
        "part" : 10115574006,
        "total" : 5058354634
      },
      "totalNumberOfFiles" : 1270,
      "totalFilesSize" : 13243200,
      "totalProcessingSpeed" : {
        "totalBytes" : 13243200,
        "totalCpuTime" : 140134852700
      }
    }, {
      "language" : "TEXT",
      "partOfTotalProcessingTime" : {
        "part" : 45284860,
        "total" : 140217907234
      },
      "partOfTotalContentLoadingTime" : {
        "part" : 5059162249,
        "total" : 5058354634
      },
      "totalNumberOfFiles" : 1,
      "totalFilesSize" : 13071,
      "totalProcessingSpeed" : {
        "totalBytes" : 13071,
        "totalCpuTime" : 45284860
      }
    }, {
      "language" : "Markdown",
      "partOfTotalProcessingTime" : {
        "part" : 37769674,
        "total" : 140217907234
      },
      "partOfTotalContentLoadingTime" : {
        "part" : 5058682281,
        "total" : 5058354634
      },
      "totalNumberOfFiles" : 1,
      "totalFilesSize" : 585,
      "totalProcessingSpeed" : {
        "totalBytes" : 585,
        "totalCpuTime" : 37769674
      }
    } ],
    "totalStatsPerIndexer" : [ {
      "indexId" : "DartPathIndex",
      "partOfTotalIndexingTime" : {
        "part" : 107130303696,
        "total" : 123132573341
      },
      "totalNumberOfFiles" : 1270,
      "totalNumberOfFilesIndexedByExtensions" : 0,
      "totalFilesSize" : 13243200,
      "indexValueChangerEvaluationSpeed" : {
        "totalBytes" : 13243200,
        "totalCpuTime" : 107130303696
      }
    }, {
      "indexId" : "IdIndex",
      "partOfTotalIndexingTime" : {
        "part" : 6537792732,
        "total" : 123132573341
      },
      "totalNumberOfFiles" : 1272,
      "totalNumberOfFilesIndexedByExtensions" : 0,
      "totalFilesSize" : 13256856,
      "indexValueChangerEvaluationSpeed" : {
        "totalBytes" : 13256856,
        "totalCpuTime" : 6537792732
      }
    }, {
      "indexId" : "Trigram.Index",
      "partOfTotalIndexingTime" : {
        "part" : 2764455405,
        "total" : 123132573341
      },
      "totalNumberOfFiles" : 1272,
      "totalNumberOfFilesIndexedByExtensions" : 0,
      "totalFilesSize" : 13256856,
      "indexValueChangerEvaluationSpeed" : {
        "totalBytes" : 13256856,
        "totalCpuTime" : 2764455405
      }
    }, {
      "indexId" : "DartImportIndex",
      "partOfTotalIndexingTime" : {
        "part" : 1611799323,
        "total" : 123132573341
      },
      "totalNumberOfFiles" : 1270,
      "totalNumberOfFilesIndexedByExtensions" : 0,
      "totalFilesSize" : 13243200,
      "indexValueChangerEvaluationSpeed" : {
        "totalBytes" : 13243200,
        "totalCpuTime" : 1611799323
      }
    }, {
      "indexId" : "DartSymbolIndex",
      "partOfTotalIndexingTime" : {
        "part" : 1340190864,
        "total" : 123132573341
      },
      "totalNumberOfFiles" : 1270,
      "totalNumberOfFilesIndexedByExtensions" : 0,
      "totalFilesSize" : 13243200,
      "indexValueChangerEvaluationSpeed" : {
        "totalBytes" : 13243200,
        "totalCpuTime" : 1340190864
      }
    }, {
      "indexId" : "DartComponentIndex",
      "partOfTotalIndexingTime" : {
        "part" : 1337208448,
        "total" : 123132573341
      },
      "totalNumberOfFiles" : 1270,
      "totalNumberOfFilesIndexedByExtensions" : 0,
      "totalFilesSize" : 13243200,
      "indexValueChangerEvaluationSpeed" : {
        "totalBytes" : 13243200,
        "totalCpuTime" : 1337208448
      }
    }, {
      "indexId" : "DartLibraryIndex",
      "partOfTotalIndexingTime" : {
        "part" : 1228005820,
        "total" : 123132573341
      },
      "totalNumberOfFiles" : 1270,
      "totalNumberOfFilesIndexedByExtensions" : 0,
      "totalFilesSize" : 13243200,
      "indexValueChangerEvaluationSpeed" : {
        "totalBytes" : 13243200,
        "totalCpuTime" : 1228005820
      }
    }, {
      "indexId" : "DartClassIndex",
      "partOfTotalIndexingTime" : {
        "part" : 1149499194,
        "total" : 123132573341
      },
      "totalNumberOfFiles" : 1270,
      "totalNumberOfFilesIndexedByExtensions" : 0,
      "totalFilesSize" : 13243200,
      "indexValueChangerEvaluationSpeed" : {
        "totalBytes" : 13243200,
        "totalCpuTime" : 1149499194
      }
    }, {
      "indexId" : "Stubs",
      "partOfTotalIndexingTime" : {
        "part" : 33317859,
        "total" : 123132573341
      },
      "totalNumberOfFiles" : 1,
      "totalNumberOfFilesIndexedByExtensions" : 0,
      "totalFilesSize" : 585,
      "indexValueChangerEvaluationSpeed" : {
        "totalBytes" : 585,
        "totalCpuTime" : 33317859
      }
    } ],
    "statisticsOfChangedDuringIndexingFiles" : {
      "numberOfFiles" : 1272,
      "retrievingTime" : 11010760
    },
    "fileProviderStatistics" : [ {
      "providerName" : "Refreshed files",
      "totalNumberOfIndexedFiles" : 1272,
      "totalNumberOfFilesFullyIndexedByExtensions" : 0,
      "totalNumberOfNothingToWriteFiles" : 0,
      "totalIndexingVisibleTime" : 47361760872,
      "contentLoadingVisibleTime" : 1708573372,
      "numberOfTooLargeForIndexingFiles" : 0,
      "slowIndexedFiles" : [ {
        "fileName" : "vector4.dart",
        "processingTime" : 1404256126,
        "evaluationOfIndexValueChangerTime" : 1394073646,
        "contentLoadingTime" : 3350806
      }, {
        "fileName" : "resolver.dart",
        "processingTime" : 1419970838,
        "evaluationOfIndexValueChangerTime" : 1342372458,
        "contentLoadingTime" : 5187636
      }, {
        "fileName" : "vector4.dart",
        "processingTime" : 1436540937,
        "evaluationOfIndexValueChangerTime" : 1424947839,
        "contentLoadingTime" : 4604721
      }, {
        "fileName" : "element.dart",
        "processingTime" : 1786995965,
        "evaluationOfIndexValueChangerTime" : 1773352592,
        "contentLoadingTime" : 8066280
      }, {
        "fileName" : "format.dart",
        "processingTime" : 1588390354,
        "evaluationOfIndexValueChangerTime" : 1575871160,
        "contentLoadingTime" : 5925264
      }, {
        "fileName" : "ast_builder.dart",
        "processingTime" : 2003730511,
        "evaluationOfIndexValueChangerTime" : 1853654062,
        "contentLoadingTime" : 117099568
      }, {
        "fileName" : "visitor.dart",
        "processingTime" : 6329294402,
        "evaluationOfIndexValueChangerTime" : 6317038277,
        "contentLoadingTime" : 2952577
      }, {
        "fileName" : "ast.dart",
        "processingTime" : 6120711800,
        "evaluationOfIndexValueChangerTime" : 6101282669,
        "contentLoadingTime" : 9918835
      }, {
        "fileName" : "codes_generated.dart",
        "processingTime" : 4468375109,
        "evaluationOfIndexValueChangerTime" : 4365287296,
        "contentLoadingTime" : 52968104
      }, {
        "fileName" : "flow_analysis.dart",
        "processingTime" : 1928366353,
        "evaluationOfIndexValueChangerTime" : 1916077434,
        "contentLoadingTime" : 5910343
      } ],
      "filesFullyIndexedByExtensions" : [ ],
      "separateApplyingIndexesVisibleTime" : 2570501463
    } ],
    "visibleTimeToAllThreadTimeRatio" : 0.33777255563343433
  }
}