{
  "appInfo" : {
    "build" : "233.11799.241",
    "buildDate" : "2023-12-02T05:05:00Z[UTC]",
    "productCode" : "IU",
    "generated" : "2024-01-07T01:11:18.223313Z",
    "os" : "macOS 13.6",
    "runtime" : "JetBrains s.r.o. 17.0.9 17.0.9+7-b1087.7"
  },
  "runtimeInfo" : {
    "maxMemory" : 3170893824,
    "numberOfProcessors" : 4,
    "maxNumberOfIndexingThreads" : 3,
    "maxSizeOfFileForIntelliSense" : 2560000,
    "maxSizeOfFileForContentLoading" : 20971520
  },
  "type" : "Scanning",
  "projectIndexingActivityHistory" : {
    "projectName" : "sportlive_monitor",
    "times" : {
      "scanningReason" : "changes in: \"Library Dart Packages (#84 class roots, #0 source roots)\"",
      "scanningType" : "PARTIAL",
      "scanningId" : 51,
      "creatingIteratorsTime" : 4000,
      "concurrentHandlingWallTimeWithoutPauses" : 768546000,
      "concurrentHandlingWallTimeWithPauses" : 768546000,
      "concurrentHandlingSumOfThreadTimesWithPauses" : 751029890,
      "concurrentIterationAndScannersApplicationSumOfThreadTimesWithPauses" : 160024633,
      "concurrentFileCheckSumOfThreadTimesWithPauses" : 587305906,
      "delayedPushPropertiesStageTime" : 5906000,
      "indexExtensionsTime" : 907683,
      "dumbModeStart" : "2024-01-07T01:11:17.425869Z",
      "dumbWallTimeWithPauses" : 787242000,
      "dumbWallTimeWithoutPauses" : 787242000,
      "updatingStart" : "2024-01-07T01:11:17.414712Z",
      "updatingEnd" : "2024-01-07T01:11:18.213111Z",
      "totalWallTimeWithPauses" : 798317332,
      "wallTimeOnPause" : 0,
      "wasInterrupted" : false,
      "totalWallTimeWithoutPauses" : 798317332
    },
    "fileCount" : {
      "numberOfFileProviders" : 1,
      "numberOfScannedFiles" : 3104,
      "numberOfFilesIndexedByInfrastructureExtensionsDuringScan" : 0,
      "numberOfFilesScheduledForIndexingAfterScan" : 25
    },
    "scanningStatistics" : [ {
      "providerName" : "Library Dart Packages (#84 class roots, #0 source roots)",
      "numberOfScannedFiles" : 3104,
      "numberOfSkippedFiles" : 0,
      "numberOfFilesForIndexing" : 25,
      "numberOfFilesFullyIndexedByInfrastructureExtensions" : 0,
      "filesFullyIndexedByInfrastructureExtensions" : [ ],
      "statusTime" : 410826880,
      "totalOneThreadTimeWithPauses" : 751029890,
      "iterationAndScannersApplicationTime" : 160024633,
      "filesCheckTime" : 587305906,
      "timeProcessingUpToDateFiles" : 124917945,
      "timeUpdatingContentLessIndexes" : 2589015,
      "timeIndexingWithoutContentViaInfrastructureExtension" : 907683,
      "roots" : [ ]
    } ]
  }
}