{
  "appInfo" : {
    "build" : "233.11799.241",
    "buildDate" : "2023-12-02T05:05:00Z[UTC]",
    "productCode" : "IU",
    "generated" : "2024-01-07T23:07:57.059527Z",
    "os" : "macOS 13.6",
    "runtime" : "JetBrains s.r.o. 17.0.9 17.0.9+7-b1087.7"
  },
  "runtimeInfo" : {
    "maxMemory" : 3170893824,
    "numberOfProcessors" : 4,
    "maxNumberOfIndexingThreads" : 3,
    "maxSizeOfFileForIntelliSense" : 2560000,
    "maxSizeOfFileForContentLoading" : 20971520
  },
  "type" : "DumbIndexing",
  "projectIndexingActivityHistory" : {
    "projectName" : "sportlive_monitor",
    "times" : {
      "scanningIds" : [ ],
      "contentLoadingVisibleTime" : 24312223,
      "retrievingChangedDuringIndexingFilesTime" : 983671,
      "separateApplyingIndexesVisibleTime" : 11889434,
      "updatingStart" : "2024-01-07T23:07:56.95234Z",
      "updatingEnd" : "2024-01-07T23:07:57.056292Z",
      "totalWallTimeWithPauses" : 103937800,
      "wallTimeOnPause" : 0,
      "wasInterrupted" : false,
      "dumbModeStart" : "2024-01-07T23:07:56.95234Z",
      "dumbWallTimeWithoutPauses" : 103937800,
      "dumbWallTimeWithPauses" : 103937800,
      "totalWallTimeWithoutPauses" : 103937800
    },
    "fileCount" : {
      "numberOfChangedDuringIndexingFiles" : 20,
      "numberOfFilesIndexedByInfrastructureExtensionsDuringIndexingStage" : 0,
      "numberOfFilesIndexedWithLoadingContent" : 20,
      "numberOfNothingToWriteFiles" : 0
    },
    "totalStatsPerFileType" : [ {
      "fileType" : "YAML",
      "partOfTotalProcessingTime" : {
        "part" : 72759187,
        "total" : 168005139
      },
      "partOfTotalContentLoadingTime" : {
        "part" : 14149169,
        "total" : 53699846
      },
      "totalNumberOfFiles" : 1,
      "totalFilesSize" : 16290,
      "totalProcessingSpeed" : {
        "totalBytes" : 16290,
        "totalCpuTime" : 72759187
      },
      "biggestContributors" : [ {
        "providerName" : "Refreshed files",
        "numberOfFiles" : 1,
        "totalFilesSize" : 16290,
        "partOfTotalProcessingTimeOfThisFileType" : {
          "part" : 72759187,
          "total" : 72759187
        }
      } ]
    }, {
      "fileType" : "Dart",
      "partOfTotalProcessingTime" : {
        "part" : 55344805,
        "total" : 168005139
      },
      "partOfTotalContentLoadingTime" : {
        "part" : 14209564,
        "total" : 53699846
      },
      "totalNumberOfFiles" : 1,
      "totalFilesSize" : 5284,
      "totalProcessingSpeed" : {
        "totalBytes" : 5284,
        "totalCpuTime" : 55344805
      },
      "biggestContributors" : [ {
        "providerName" : "Refreshed files",
        "numberOfFiles" : 1,
        "totalFilesSize" : 5284,
        "partOfTotalProcessingTimeOfThisFileType" : {
          "part" : 55344805,
          "total" : 55344805
        }
      } ]
    }, {
      "fileType" : "UNKNOWN",
      "partOfTotalProcessingTime" : {
        "part" : 39901147,
        "total" : 168005139
      },
      "partOfTotalContentLoadingTime" : {
        "part" : 25341113,
        "total" : 53699846
      },
      "totalNumberOfFiles" : 18,
      "totalFilesSize" : 0,
      "totalProcessingSpeed" : {
        "totalBytes" : 0,
        "totalCpuTime" : 39901147
      },
      "biggestContributors" : [ {
        "providerName" : "Refreshed files",
        "numberOfFiles" : 18,
        "totalFilesSize" : 0,
        "partOfTotalProcessingTimeOfThisFileType" : {
          "part" : 39901147,
          "total" : 39901147
        }
      } ]
    } ],
    "totalStatsPerBaseLanguage" : [ {
      "language" : "yaml",
      "partOfTotalProcessingTime" : {
        "part" : 72759187,
        "total" : 168005139
      },
      "partOfTotalContentLoadingTime" : {
        "part" : 67849015,
        "total" : 53699846
      },
      "totalNumberOfFiles" : 1,
      "totalFilesSize" : 16290,
      "totalProcessingSpeed" : {
        "totalBytes" : 16290,
        "totalCpuTime" : 72759187
      }
    }, {
      "language" : "Dart",
      "partOfTotalProcessingTime" : {
        "part" : 55344805,
        "total" : 168005139
      },
      "partOfTotalContentLoadingTime" : {
        "part" : 67909410,
        "total" : 53699846
      },
      "totalNumberOfFiles" : 1,
      "totalFilesSize" : 5284,
      "totalProcessingSpeed" : {
        "totalBytes" : 5284,
        "totalCpuTime" : 55344805
      }
    } ],
    "totalStatsPerIndexer" : [ {
      "indexId" : "yaml.keys.name",
      "partOfTotalIndexingTime" : {
        "part" : 38287496,
        "total" : 71647481
      },
      "totalNumberOfFiles" : 1,
      "totalNumberOfFilesIndexedByExtensions" : 0,
      "totalFilesSize" : 16290,
      "indexValueChangerEvaluationSpeed" : {
        "totalBytes" : 16290,
        "totalCpuTime" : 38287496
      }
    }, {
      "indexId" : "DartPathIndex",
      "partOfTotalIndexingTime" : {
        "part" : 21153686,
        "total" : 71647481
      },
      "totalNumberOfFiles" : 1,
      "totalNumberOfFilesIndexedByExtensions" : 0,
      "totalFilesSize" : 5284,
      "indexValueChangerEvaluationSpeed" : {
        "totalBytes" : 5284,
        "totalCpuTime" : 21153686
      }
    }, {
      "indexId" : "IdIndex",
      "partOfTotalIndexingTime" : {
        "part" : 7817426,
        "total" : 71647481
      },
      "totalNumberOfFiles" : 2,
      "totalNumberOfFilesIndexedByExtensions" : 0,
      "totalFilesSize" : 21574,
      "indexValueChangerEvaluationSpeed" : {
        "totalBytes" : 21574,
        "totalCpuTime" : 7817426
      }
    }, {
      "indexId" : "SwReferencesIndex",
      "partOfTotalIndexingTime" : {
        "part" : 816318,
        "total" : 71647481
      },
      "totalNumberOfFiles" : 1,
      "totalNumberOfFilesIndexedByExtensions" : 0,
      "totalFilesSize" : 16290,
      "indexValueChangerEvaluationSpeed" : {
        "totalBytes" : 16290,
        "totalCpuTime" : 816318
      }
    }, {
      "indexId" : "OpenapiSpecificationContentIndexer",
      "partOfTotalIndexingTime" : {
        "part" : 775675,
        "total" : 71647481
      },
      "totalNumberOfFiles" : 1,
      "totalNumberOfFilesIndexedByExtensions" : 0,
      "totalFilesSize" : 16290,
      "indexValueChangerEvaluationSpeed" : {
        "totalBytes" : 16290,
        "totalCpuTime" : 775675
      }
    }, {
      "indexId" : "DartSymbolIndex",
      "partOfTotalIndexingTime" : {
        "part" : 722369,
        "total" : 71647481
      },
      "totalNumberOfFiles" : 1,
      "totalNumberOfFilesIndexedByExtensions" : 0,
      "totalFilesSize" : 5284,
      "indexValueChangerEvaluationSpeed" : {
        "totalBytes" : 5284,
        "totalCpuTime" : 722369
      }
    }, {
      "indexId" : "Trigram.Index",
      "partOfTotalIndexingTime" : {
        "part" : 671376,
        "total" : 71647481
      },
      "totalNumberOfFiles" : 2,
      "totalNumberOfFilesIndexedByExtensions" : 0,
      "totalFilesSize" : 21574,
      "indexValueChangerEvaluationSpeed" : {
        "totalBytes" : 21574,
        "totalCpuTime" : 671376
      }
    }, {
      "indexId" : "DartImportIndex",
      "partOfTotalIndexingTime" : {
        "part" : 550441,
        "total" : 71647481
      },
      "totalNumberOfFiles" : 1,
      "totalNumberOfFilesIndexedByExtensions" : 0,
      "totalFilesSize" : 5284,
      "indexValueChangerEvaluationSpeed" : {
        "totalBytes" : 5284,
        "totalCpuTime" : 550441
      }
    }, {
      "indexId" : "FrameworkDetectionIndex",
      "partOfTotalIndexingTime" : {
        "part" : 274748,
        "total" : 71647481
      },
      "totalNumberOfFiles" : 1,
      "totalNumberOfFilesIndexedByExtensions" : 0,
      "totalFilesSize" : 16290,
      "indexValueChangerEvaluationSpeed" : {
        "totalBytes" : 16290,
        "totalCpuTime" : 274748
      }
    }, {
      "indexId" : "docker.compose.services",
      "partOfTotalIndexingTime" : {
        "part" : 240508,
        "total" : 71647481
      },
      "totalNumberOfFiles" : 1,
      "totalNumberOfFilesIndexedByExtensions" : 0,
      "totalFilesSize" : 16290,
      "indexValueChangerEvaluationSpeed" : {
        "totalBytes" : 16290,
        "totalCpuTime" : 240508
      }
    }, {
      "indexId" : "DartComponentIndex",
      "partOfTotalIndexingTime" : {
        "part" : 137052,
        "total" : 71647481
      },
      "totalNumberOfFiles" : 1,
      "totalNumberOfFilesIndexedByExtensions" : 0,
      "totalFilesSize" : 5284,
      "indexValueChangerEvaluationSpeed" : {
        "totalBytes" : 5284,
        "totalCpuTime" : 137052
      }
    }, {
      "indexId" : "DartClassIndex",
      "partOfTotalIndexingTime" : {
        "part" : 107039,
        "total" : 71647481
      },
      "totalNumberOfFiles" : 1,
      "totalNumberOfFilesIndexedByExtensions" : 0,
      "totalFilesSize" : 5284,
      "indexValueChangerEvaluationSpeed" : {
        "totalBytes" : 5284,
        "totalCpuTime" : 107039
      }
    }, {
      "indexId" : "DartLibraryIndex",
      "partOfTotalIndexingTime" : {
        "part" : 93347,
        "total" : 71647481
      },
      "totalNumberOfFiles" : 1,
      "totalNumberOfFilesIndexedByExtensions" : 0,
      "totalFilesSize" : 5284,
      "indexValueChangerEvaluationSpeed" : {
        "totalBytes" : 5284,
        "totalCpuTime" : 93347
      }
    } ],
    "statisticsOfChangedDuringIndexingFiles" : {
      "numberOfFiles" : 20,
      "retrievingTime" : 983671
    },
    "fileProviderStatistics" : [ {
      "providerName" : "Refreshed files",
      "totalNumberOfIndexedFiles" : 20,
      "totalNumberOfFilesFullyIndexedByExtensions" : 0,
      "totalNumberOfNothingToWriteFiles" : 0,
      "totalIndexingVisibleTime" : 76063132,
      "contentLoadingVisibleTime" : 24312223,
      "numberOfTooLargeForIndexingFiles" : 0,
      "slowIndexedFiles" : [ ],
      "filesFullyIndexedByExtensions" : [ ],
      "separateApplyingIndexesVisibleTime" : 11889434
    } ],
    "visibleTimeToAllThreadTimeRatio" : 0.45274288901365095
  }
}