{
  "appInfo" : {
    "build" : "233.11799.241",
    "buildDate" : "2023-12-02T05:05:00Z[UTC]",
    "productCode" : "IU",
    "generated" : "2024-01-06T12:23:26.0481Z",
    "os" : "macOS 13.6",
    "runtime" : "JetBrains s.r.o. 17.0.9 17.0.9+7-b1087.7"
  },
  "runtimeInfo" : {
    "maxMemory" : 3170893824,
    "numberOfProcessors" : 4,
    "maxNumberOfIndexingThreads" : 3,
    "maxSizeOfFileForIntelliSense" : 2560000,
    "maxSizeOfFileForContentLoading" : 20971520
  },
  "type" : "Scanning",
  "projectIndexingActivityHistory" : {
    "projectName" : "sportlive_monitor",
    "times" : {
      "scanningReason" : "changes in: \"Library Dart Packages (#83 class roots, #0 source roots)\"",
      "scanningType" : "PARTIAL",
      "scanningId" : 18,
      "creatingIteratorsTime" : 1344000,
      "concurrentHandlingWallTimeWithoutPauses" : 444718000,
      "concurrentHandlingWallTimeWithPauses" : 444718000,
      "concurrentHandlingSumOfThreadTimesWithPauses" : 437833701,
      "concurrentIterationAndScannersApplicationSumOfThreadTimesWithPauses" : 91427770,
      "concurrentFileCheckSumOfThreadTimesWithPauses" : 345722084,
      "delayedPushPropertiesStageTime" : 7507000,
      "indexExtensionsTime" : 1887656,
      "dumbModeStart" : "2024-01-06T12:23:25.583664Z",
      "dumbWallTimeWithPauses" : 463062000,
      "dumbWallTimeWithoutPauses" : 463062000,
      "updatingStart" : "2024-01-06T12:23:25.576431Z",
      "updatingEnd" : "2024-01-06T12:23:26.046726Z",
      "totalWallTimeWithPauses" : 470329819,
      "wallTimeOnPause" : 0,
      "wasInterrupted" : false,
      "totalWallTimeWithoutPauses" : 470329819
    },
    "fileCount" : {
      "numberOfFileProviders" : 1,
      "numberOfScannedFiles" : 3079,
      "numberOfFilesIndexedByInfrastructureExtensionsDuringScan" : 0,
      "numberOfFilesScheduledForIndexingAfterScan" : 56
    },
    "scanningStatistics" : [ {
      "providerName" : "Library Dart Packages (#83 class roots, #0 source roots)",
      "numberOfScannedFiles" : 3079,
      "numberOfSkippedFiles" : 0,
      "numberOfFilesForIndexing" : 56,
      "numberOfFilesFullyIndexedByInfrastructureExtensions" : 0,
      "filesFullyIndexedByInfrastructureExtensions" : [ ],
      "statusTime" : 275156372,
      "totalOneThreadTimeWithPauses" : 437833701,
      "iterationAndScannersApplicationTime" : 91427770,
      "filesCheckTime" : 345722084,
      "timeProcessingUpToDateFiles" : 65685588,
      "timeUpdatingContentLessIndexes" : 4319132,
      "timeIndexingWithoutContentViaInfrastructureExtension" : 1887656,
      "roots" : [ ]
    } ]
  }
}