{
  "appInfo" : {
    "build" : "233.11799.241",
    "buildDate" : "2023-12-02T05:05:00Z[UTC]",
    "productCode" : "IU",
    "generated" : "2024-01-06T17:34:39.966972Z",
    "os" : "macOS 13.6",
    "runtime" : "JetBrains s.r.o. 17.0.9 17.0.9+7-b1087.7"
  },
  "runtimeInfo" : {
    "maxMemory" : 3170893824,
    "numberOfProcessors" : 4,
    "maxNumberOfIndexingThreads" : 3,
    "maxSizeOfFileForIntelliSense" : 2560000,
    "maxSizeOfFileForContentLoading" : 20971520
  },
  "type" : "Scanning",
  "projectIndexingActivityHistory" : {
    "projectName" : "sportlive_monitor",
    "times" : {
      "scanningReason" : "changes in: \"Module 'sportlive_monitor' (script)\"",
      "scanningType" : "PARTIAL",
      "scanningId" : 43,
      "creatingIteratorsTime" : 8000,
      "concurrentHandlingWallTimeWithoutPauses" : 135901000,
      "concurrentHandlingWallTimeWithPauses" : 135901000,
      "concurrentHandlingSumOfThreadTimesWithPauses" : 9034328,
      "concurrentIterationAndScannersApplicationSumOfThreadTimesWithPauses" : 1462654,
      "concurrentFileCheckSumOfThreadTimesWithPauses" : 7165811,
      "delayedPushPropertiesStageTime" : 1824000,
      "indexExtensionsTime" : 0,
      "dumbWallTimeWithPauses" : 0,
      "dumbWallTimeWithoutPauses" : 0,
      "updatingStart" : "2024-01-06T17:34:39.817144Z",
      "updatingEnd" : "2024-01-06T17:34:39.964065Z",
      "totalWallTimeWithPauses" : 146909304,
      "wallTimeOnPause" : 0,
      "wasInterrupted" : false,
      "totalWallTimeWithoutPauses" : 146909304
    },
    "fileCount" : {
      "numberOfFileProviders" : 1,
      "numberOfScannedFiles" : 0,
      "numberOfFilesIndexedByInfrastructureExtensionsDuringScan" : 0,
      "numberOfFilesScheduledForIndexingAfterScan" : 0
    },
    "scanningStatistics" : [ {
      "providerName" : "Module 'sportlive_monitor' (script)",
      "numberOfScannedFiles" : 0,
      "numberOfSkippedFiles" : 0,
      "numberOfFilesForIndexing" : 0,
      "numberOfFilesFullyIndexedByInfrastructureExtensions" : 0,
      "filesFullyIndexedByInfrastructureExtensions" : [ ],
      "statusTime" : 0,
      "totalOneThreadTimeWithPauses" : 9034328,
      "iterationAndScannersApplicationTime" : 1462654,
      "filesCheckTime" : 7165811,
      "timeProcessingUpToDateFiles" : 0,
      "timeUpdatingContentLessIndexes" : 0,
      "timeIndexingWithoutContentViaInfrastructureExtension" : 0,
      "roots" : [ ]
    } ]
  }
}