{
  "appInfo" : {
    "build" : "233.11799.241",
    "buildDate" : "2023-12-02T05:05:00Z[UTC]",
    "productCode" : "IU",
    "generated" : "2024-01-06T12:23:26.559041Z",
    "os" : "macOS 13.6",
    "runtime" : "JetBrains s.r.o. 17.0.9 17.0.9+7-b1087.7"
  },
  "runtimeInfo" : {
    "maxMemory" : 3170893824,
    "numberOfProcessors" : 4,
    "maxNumberOfIndexingThreads" : 3,
    "maxSizeOfFileForIntelliSense" : 2560000,
    "maxSizeOfFileForContentLoading" : 20971520
  },
  "type" : "DumbIndexing",
  "projectIndexingActivityHistory" : {
    "projectName" : "sportlive_monitor",
    "times" : {
      "scanningIds" : [ 18 ],
      "contentLoadingVisibleTime" : 24277404,
      "retrievingChangedDuringIndexingFilesTime" : 17558,
      "separateApplyingIndexesVisibleTime" : 69974166,
      "updatingStart" : "2024-01-06T12:23:26.051097Z",
      "updatingEnd" : "2024-01-06T12:23:26.558585Z",
      "totalWallTimeWithPauses" : 507483469,
      "wallTimeOnPause" : 0,
      "wasInterrupted" : false,
      "dumbWallTimeWithPauses" : 507483469,
      "dumbWallTimeWithoutPauses" : 507483469,
      "dumbModeStart" : "2024-01-06T12:23:26.051097Z",
      "totalWallTimeWithoutPauses" : 507483469
    },
    "fileCount" : {
      "numberOfChangedDuringIndexingFiles" : 0,
      "numberOfFilesIndexedByInfrastructureExtensionsDuringIndexingStage" : 0,
      "numberOfFilesIndexedWithLoadingContent" : 56,
      "numberOfNothingToWriteFiles" : 0
    },
    "totalStatsPerFileType" : [ {
      "fileType" : "Dart",
      "partOfTotalProcessingTime" : {
        "part" : 968107701,
        "total" : 980295986
      },
      "partOfTotalContentLoadingTime" : {
        "part" : 46619230,
        "total" : 46991624
      },
      "totalNumberOfFiles" : 55,
      "totalFilesSize" : 465365,
      "totalProcessingSpeed" : {
        "totalBytes" : 465365,
        "totalCpuTime" : 968107701
      },
      "biggestContributors" : [ {
        "providerName" : "Library Dart Packages (#83 class roots, #0 source roots)",
        "numberOfFiles" : 55,
        "totalFilesSize" : 465365,
        "partOfTotalProcessingTimeOfThisFileType" : {
          "part" : 968107701,
          "total" : 968107701
        }
      } ]
    }, {
      "fileType" : "PLAIN_TEXT",
      "partOfTotalProcessingTime" : {
        "part" : 12188285,
        "total" : 980295986
      },
      "partOfTotalContentLoadingTime" : {
        "part" : 372394,
        "total" : 46991624
      },
      "totalNumberOfFiles" : 1,
      "totalFilesSize" : 46227,
      "totalProcessingSpeed" : {
        "totalBytes" : 46227,
        "totalCpuTime" : 12188285
      },
      "biggestContributors" : [ {
        "providerName" : "Library Dart Packages (#83 class roots, #0 source roots)",
        "numberOfFiles" : 1,
        "totalFilesSize" : 46227,
        "partOfTotalProcessingTimeOfThisFileType" : {
          "part" : 12188285,
          "total" : 12188285
        }
      } ]
    } ],
    "totalStatsPerBaseLanguage" : [ {
      "language" : "Dart",
      "partOfTotalProcessingTime" : {
        "part" : 968107701,
        "total" : 980295986
      },
      "partOfTotalContentLoadingTime" : {
        "part" : 93610854,
        "total" : 46991624
      },
      "totalNumberOfFiles" : 55,
      "totalFilesSize" : 465365,
      "totalProcessingSpeed" : {
        "totalBytes" : 465365,
        "totalCpuTime" : 968107701
      }
    }, {
      "language" : "TEXT",
      "partOfTotalProcessingTime" : {
        "part" : 12188285,
        "total" : 980295986
      },
      "partOfTotalContentLoadingTime" : {
        "part" : 47364018,
        "total" : 46991624
      },
      "totalNumberOfFiles" : 1,
      "totalFilesSize" : 46227,
      "totalProcessingSpeed" : {
        "totalBytes" : 46227,
        "totalCpuTime" : 12188285
      }
    } ],
    "totalStatsPerIndexer" : [ {
      "indexId" : "DartImportIndex",
      "partOfTotalIndexingTime" : {
        "part" : 630829128,
        "total" : 720369991
      },
      "totalNumberOfFiles" : 55,
      "totalNumberOfFilesIndexedByExtensions" : 0,
      "totalFilesSize" : 465365,
      "indexValueChangerEvaluationSpeed" : {
        "totalBytes" : 465365,
        "totalCpuTime" : 630829128
      }
    }, {
      "indexId" : "IdIndex",
      "partOfTotalIndexingTime" : {
        "part" : 32343403,
        "total" : 720369991
      },
      "totalNumberOfFiles" : 56,
      "totalNumberOfFilesIndexedByExtensions" : 0,
      "totalFilesSize" : 511592,
      "indexValueChangerEvaluationSpeed" : {
        "totalBytes" : 511592,
        "totalCpuTime" : 32343403
      }
    }, {
      "indexId" : "Trigram.Index",
      "partOfTotalIndexingTime" : {
        "part" : 17190026,
        "total" : 720369991
      },
      "totalNumberOfFiles" : 56,
      "totalNumberOfFilesIndexedByExtensions" : 0,
      "totalFilesSize" : 511592,
      "indexValueChangerEvaluationSpeed" : {
        "totalBytes" : 511592,
        "totalCpuTime" : 17190026
      }
    }, {
      "indexId" : "DartLibraryIndex",
      "partOfTotalIndexingTime" : {
        "part" : 15057988,
        "total" : 720369991
      },
      "totalNumberOfFiles" : 55,
      "totalNumberOfFilesIndexedByExtensions" : 0,
      "totalFilesSize" : 465365,
      "indexValueChangerEvaluationSpeed" : {
        "totalBytes" : 465365,
        "totalCpuTime" : 15057988
      }
    }, {
      "indexId" : "DartComponentIndex",
      "partOfTotalIndexingTime" : {
        "part" : 7281565,
        "total" : 720369991
      },
      "totalNumberOfFiles" : 55,
      "totalNumberOfFilesIndexedByExtensions" : 0,
      "totalFilesSize" : 465365,
      "indexValueChangerEvaluationSpeed" : {
        "totalBytes" : 465365,
        "totalCpuTime" : 7281565
      }
    }, {
      "indexId" : "DartPathIndex",
      "partOfTotalIndexingTime" : {
        "part" : 6205989,
        "total" : 720369991
      },
      "totalNumberOfFiles" : 55,
      "totalNumberOfFilesIndexedByExtensions" : 0,
      "totalFilesSize" : 465365,
      "indexValueChangerEvaluationSpeed" : {
        "totalBytes" : 465365,
        "totalCpuTime" : 6205989
      }
    }, {
      "indexId" : "DartClassIndex",
      "partOfTotalIndexingTime" : {
        "part" : 5790947,
        "total" : 720369991
      },
      "totalNumberOfFiles" : 55,
      "totalNumberOfFilesIndexedByExtensions" : 0,
      "totalFilesSize" : 465365,
      "indexValueChangerEvaluationSpeed" : {
        "totalBytes" : 465365,
        "totalCpuTime" : 5790947
      }
    }, {
      "indexId" : "DartSymbolIndex",
      "partOfTotalIndexingTime" : {
        "part" : 5670945,
        "total" : 720369991
      },
      "totalNumberOfFiles" : 55,
      "totalNumberOfFilesIndexedByExtensions" : 0,
      "totalFilesSize" : 465365,
      "indexValueChangerEvaluationSpeed" : {
        "totalBytes" : 465365,
        "totalCpuTime" : 5670945
      }
    } ],
    "statisticsOfChangedDuringIndexingFiles" : {
      "numberOfFiles" : 0,
      "retrievingTime" : 17558
    },
    "fileProviderStatistics" : [ {
      "providerName" : "Library Dart Packages (#83 class roots, #0 source roots)",
      "totalNumberOfIndexedFiles" : 56,
      "totalNumberOfFilesFullyIndexedByExtensions" : 0,
      "totalNumberOfNothingToWriteFiles" : 0,
      "totalIndexingVisibleTime" : 506452861,
      "contentLoadingVisibleTime" : 24277404,
      "numberOfTooLargeForIndexingFiles" : 0,
      "slowIndexedFiles" : [ ],
      "filesFullyIndexedByExtensions" : [ ],
      "separateApplyingIndexesVisibleTime" : 69974166
    }, {
      "providerName" : "Refreshed files",
      "totalNumberOfIndexedFiles" : 0,
      "totalNumberOfFilesFullyIndexedByExtensions" : 0,
      "totalNumberOfNothingToWriteFiles" : 0,
      "totalIndexingVisibleTime" : 0,
      "contentLoadingVisibleTime" : 0,
      "numberOfTooLargeForIndexingFiles" : 0,
      "slowIndexedFiles" : [ ],
      "filesFullyIndexedByExtensions" : [ ],
      "separateApplyingIndexesVisibleTime" : 0
    } ],
    "visibleTimeToAllThreadTimeRatio" : 0.0
  }
}