{
  "appInfo" : {
    "build" : "233.11799.241",
    "buildDate" : "2023-12-02T05:05:00Z[UTC]",
    "productCode" : "IU",
    "generated" : "2024-01-07T17:42:35.557422Z",
    "os" : "macOS 13.6",
    "runtime" : "JetBrains s.r.o. 17.0.9 17.0.9+7-b1087.7"
  },
  "runtimeInfo" : {
    "maxMemory" : 3170893824,
    "numberOfProcessors" : 4,
    "maxNumberOfIndexingThreads" : 3,
    "maxSizeOfFileForIntelliSense" : 2560000,
    "maxSizeOfFileForContentLoading" : 20971520
  },
  "type" : "Scanning",
  "projectIndexingActivityHistory" : {
    "projectName" : "sportlive_monitor",
    "times" : {
      "scanningReason" : "changes in: \"Library Dart Packages (#89 class roots, #0 source roots)\"",
      "scanningType" : "PARTIAL",
      "scanningId" : 8,
      "creatingIteratorsTime" : 2000,
      "concurrentHandlingWallTimeWithoutPauses" : 939374000,
      "concurrentHandlingWallTimeWithPauses" : 939374000,
      "concurrentHandlingSumOfThreadTimesWithPauses" : 933728863,
      "concurrentIterationAndScannersApplicationSumOfThreadTimesWithPauses" : 138941314,
      "concurrentFileCheckSumOfThreadTimesWithPauses" : 794584701,
      "delayedPushPropertiesStageTime" : 9000,
      "indexExtensionsTime" : 749377,
      "dumbModeStart" : "2024-01-07T17:42:34.60913Z",
      "dumbWallTimeWithPauses" : 942301000,
      "dumbWallTimeWithoutPauses" : 942301000,
      "updatingStart" : "2024-01-07T17:42:34.607589Z",
      "updatingEnd" : "2024-01-07T17:42:35.551431Z",
      "totalWallTimeWithPauses" : 943824392,
      "wallTimeOnPause" : 0,
      "wasInterrupted" : false,
      "totalWallTimeWithoutPauses" : 943824392
    },
    "fileCount" : {
      "numberOfFileProviders" : 1,
      "numberOfScannedFiles" : 3196,
      "numberOfFilesIndexedByInfrastructureExtensionsDuringScan" : 0,
      "numberOfFilesScheduledForIndexingAfterScan" : 26
    },
    "scanningStatistics" : [ {
      "providerName" : "Library Dart Packages (#89 class roots, #0 source roots)",
      "numberOfScannedFiles" : 3196,
      "numberOfSkippedFiles" : 0,
      "numberOfFilesForIndexing" : 26,
      "numberOfFilesFullyIndexedByInfrastructureExtensions" : 0,
      "filesFullyIndexedByInfrastructureExtensions" : [ ],
      "statusTime" : 607831183,
      "totalOneThreadTimeWithPauses" : 933728863,
      "iterationAndScannersApplicationTime" : 138941314,
      "filesCheckTime" : 794584701,
      "timeProcessingUpToDateFiles" : 160803736,
      "timeUpdatingContentLessIndexes" : 4864724,
      "timeIndexingWithoutContentViaInfrastructureExtension" : 749377,
      "roots" : [ ]
    } ]
  }
}