{
  "appInfo" : {
    "build" : "233.11799.241",
    "buildDate" : "2023-12-02T05:05:00Z[UTC]",
    "productCode" : "IU",
    "generated" : "2024-01-07T23:38:18.449699Z",
    "os" : "macOS 13.6",
    "runtime" : "JetBrains s.r.o. 17.0.9 17.0.9+7-b1087.7"
  },
  "runtimeInfo" : {
    "maxMemory" : 3170893824,
    "numberOfProcessors" : 4,
    "maxNumberOfIndexingThreads" : 3,
    "maxSizeOfFileForIntelliSense" : 2560000,
    "maxSizeOfFileForContentLoading" : 20971520
  },
  "type" : "Scanning",
  "projectIndexingActivityHistory" : {
    "projectName" : "sportlive_monitor",
    "times" : {
      "scanningReason" : "changes in: \"Library Dart Packages (#73 class roots, #0 source roots)\"",
      "scanningType" : "PARTIAL",
      "scanningId" : 19,
      "creatingIteratorsTime" : 2000,
      "concurrentHandlingWallTimeWithoutPauses" : 684140000,
      "concurrentHandlingWallTimeWithPauses" : 685312000,
      "concurrentHandlingSumOfThreadTimesWithPauses" : 671179082,
      "concurrentIterationAndScannersApplicationSumOfThreadTimesWithPauses" : 48655147,
      "concurrentFileCheckSumOfThreadTimesWithPauses" : 622457355,
      "delayedPushPropertiesStageTime" : 8000,
      "indexExtensionsTime" : 0,
      "dumbWallTimeWithPauses" : 0,
      "dumbWallTimeWithoutPauses" : 0,
      "updatingStart" : "2024-01-07T23:38:17.759602Z",
      "updatingEnd" : "2024-01-07T23:38:18.446431Z",
      "totalWallTimeWithPauses" : 686811281,
      "wallTimeOnPause" : 1172000,
      "wasInterrupted" : false,
      "totalWallTimeWithoutPauses" : 685639281
    },
    "fileCount" : {
      "numberOfFileProviders" : 1,
      "numberOfScannedFiles" : 2886,
      "numberOfFilesIndexedByInfrastructureExtensionsDuringScan" : 0,
      "numberOfFilesScheduledForIndexingAfterScan" : 0
    },
    "scanningStatistics" : [ {
      "providerName" : "Library Dart Packages (#73 class roots, #0 source roots)",
      "numberOfScannedFiles" : 2886,
      "numberOfSkippedFiles" : 0,
      "numberOfFilesForIndexing" : 0,
      "numberOfFilesFullyIndexedByInfrastructureExtensions" : 0,
      "filesFullyIndexedByInfrastructureExtensions" : [ ],
      "statusTime" : 477387485,
      "totalOneThreadTimeWithPauses" : 671179082,
      "iterationAndScannersApplicationTime" : 48655147,
      "filesCheckTime" : 622457355,
      "timeProcessingUpToDateFiles" : 77963780,
      "timeUpdatingContentLessIndexes" : 1159397,
      "timeIndexingWithoutContentViaInfrastructureExtension" : 0,
      "roots" : [ ]
    } ]
  }
}