{
  "appInfo" : {
    "build" : "233.11799.241",
    "buildDate" : "2023-12-02T05:05:00Z[UTC]",
    "productCode" : "IU",
    "generated" : "2024-01-07T01:57:16.562177Z",
    "os" : "macOS 13.6",
    "runtime" : "JetBrains s.r.o. 17.0.9 17.0.9+7-b1087.7"
  },
  "runtimeInfo" : {
    "maxMemory" : 3170893824,
    "numberOfProcessors" : 4,
    "maxNumberOfIndexingThreads" : 3,
    "maxSizeOfFileForIntelliSense" : 2560000,
    "maxSizeOfFileForContentLoading" : 20971520
  },
  "type" : "DumbIndexing",
  "projectIndexingActivityHistory" : {
    "projectName" : "sportlive_monitor",
    "times" : {
      "scanningIds" : [ ],
      "contentLoadingVisibleTime" : 6832113,
      "retrievingChangedDuringIndexingFilesTime" : 100991,
      "separateApplyingIndexesVisibleTime" : 17138551,
      "updatingStart" : "2024-01-07T01:57:16.415836Z",
      "updatingEnd" : "2024-01-07T01:57:16.535249Z",
      "totalWallTimeWithPauses" : 117530831,
      "wallTimeOnPause" : 0,
      "wasInterrupted" : false,
      "dumbWallTimeWithPauses" : 117530831,
      "dumbWallTimeWithoutPauses" : 117530831,
      "dumbModeStart" : "2024-01-07T01:57:16.415836Z",
      "totalWallTimeWithoutPauses" : 117530831
    },
    "fileCount" : {
      "numberOfChangedDuringIndexingFiles" : 18,
      "numberOfFilesIndexedByInfrastructureExtensionsDuringIndexingStage" : 0,
      "numberOfFilesIndexedWithLoadingContent" : 18,
      "numberOfNothingToWriteFiles" : 0
    },
    "totalStatsPerFileType" : [ {
      "fileType" : "JAVA",
      "partOfTotalProcessingTime" : {
        "part" : 53897929,
        "total" : 111013895
      },
      "partOfTotalContentLoadingTime" : {
        "part" : 1811925,
        "total" : 9408106
      },
      "totalNumberOfFiles" : 1,
      "totalFilesSize" : 516,
      "totalProcessingSpeed" : {
        "totalBytes" : 516,
        "totalCpuTime" : 53897929
      },
      "biggestContributors" : [ {
        "providerName" : "Refreshed files",
        "numberOfFiles" : 1,
        "totalFilesSize" : 516,
        "partOfTotalProcessingTimeOfThisFileType" : {
          "part" : 53897929,
          "total" : 53897929
        }
      } ]
    }, {
      "fileType" : "C++",
      "partOfTotalProcessingTime" : {
        "part" : 50934305,
        "total" : 111013895
      },
      "partOfTotalContentLoadingTime" : {
        "part" : 6913063,
        "total" : 9408106
      },
      "totalNumberOfFiles" : 5,
      "totalFilesSize" : 1308,
      "totalProcessingSpeed" : {
        "totalBytes" : 1308,
        "totalCpuTime" : 50934305
      },
      "biggestContributors" : [ {
        "providerName" : "Refreshed files",
        "numberOfFiles" : 5,
        "totalFilesSize" : 1308,
        "partOfTotalProcessingTimeOfThisFileType" : {
          "part" : 50934305,
          "total" : 50934305
        }
      } ]
    }, {
      "fileType" : "textmate",
      "partOfTotalProcessingTime" : {
        "part" : 4373306,
        "total" : 111013895
      },
      "partOfTotalContentLoadingTime" : {
        "part" : 328710,
        "total" : 9408106
      },
      "totalNumberOfFiles" : 2,
      "totalFilesSize" : 890,
      "totalProcessingSpeed" : {
        "totalBytes" : 890,
        "totalCpuTime" : 4373306
      },
      "biggestContributors" : [ {
        "providerName" : "Refreshed files",
        "numberOfFiles" : 2,
        "totalFilesSize" : 890,
        "partOfTotalProcessingTimeOfThisFileType" : {
          "part" : 4373306,
          "total" : 4373306
        }
      } ]
    }, {
      "fileType" : "UNKNOWN",
      "partOfTotalProcessingTime" : {
        "part" : 1808355,
        "total" : 111013895
      },
      "partOfTotalContentLoadingTime" : {
        "part" : 354408,
        "total" : 9408106
      },
      "totalNumberOfFiles" : 10,
      "totalFilesSize" : 0,
      "totalProcessingSpeed" : {
        "totalBytes" : 0,
        "totalCpuTime" : 1808355
      },
      "biggestContributors" : [ {
        "providerName" : "Refreshed files",
        "numberOfFiles" : 10,
        "totalFilesSize" : 0,
        "partOfTotalProcessingTimeOfThisFileType" : {
          "part" : 1808355,
          "total" : 1808355
        }
      } ]
    } ],
    "totalStatsPerBaseLanguage" : [ {
      "language" : "JAVA",
      "partOfTotalProcessingTime" : {
        "part" : 53897929,
        "total" : 111013895
      },
      "partOfTotalContentLoadingTime" : {
        "part" : 11220031,
        "total" : 9408106
      },
      "totalNumberOfFiles" : 1,
      "totalFilesSize" : 516,
      "totalProcessingSpeed" : {
        "totalBytes" : 516,
        "totalCpuTime" : 53897929
      }
    }, {
      "language" : "textmate",
      "partOfTotalProcessingTime" : {
        "part" : 4373306,
        "total" : 111013895
      },
      "partOfTotalContentLoadingTime" : {
        "part" : 9736816,
        "total" : 9408106
      },
      "totalNumberOfFiles" : 2,
      "totalFilesSize" : 890,
      "totalProcessingSpeed" : {
        "totalBytes" : 890,
        "totalCpuTime" : 4373306
      }
    } ],
    "totalStatsPerIndexer" : [ {
      "indexId" : "HashFragmentIndex",
      "partOfTotalIndexingTime" : {
        "part" : 24362203,
        "total" : 56494485
      },
      "totalNumberOfFiles" : 1,
      "totalNumberOfFilesIndexedByExtensions" : 0,
      "totalFilesSize" : 516,
      "indexValueChangerEvaluationSpeed" : {
        "totalBytes" : 516,
        "totalCpuTime" : 24362203
      }
    }, {
      "indexId" : "IdIndex",
      "partOfTotalIndexingTime" : {
        "part" : 13691675,
        "total" : 56494485
      },
      "totalNumberOfFiles" : 8,
      "totalNumberOfFilesIndexedByExtensions" : 0,
      "totalFilesSize" : 2714,
      "indexValueChangerEvaluationSpeed" : {
        "totalBytes" : 2714,
        "totalCpuTime" : 13691675
      }
    }, {
      "indexId" : "java.cucumber.java8.step",
      "partOfTotalIndexingTime" : {
        "part" : 4239200,
        "total" : 56494485
      },
      "totalNumberOfFiles" : 1,
      "totalNumberOfFilesIndexedByExtensions" : 0,
      "totalFilesSize" : 516,
      "indexValueChangerEvaluationSpeed" : {
        "totalBytes" : 516,
        "totalCpuTime" : 4239200
      }
    }, {
      "indexId" : "Stubs",
      "partOfTotalIndexingTime" : {
        "part" : 3884958,
        "total" : 56494485
      },
      "totalNumberOfFiles" : 1,
      "totalNumberOfFilesIndexedByExtensions" : 0,
      "totalFilesSize" : 516,
      "indexValueChangerEvaluationSpeed" : {
        "totalBytes" : 516,
        "totalCpuTime" : 3884958
      }
    }, {
      "indexId" : "com.android.tools.idea.dagger.index.DaggerIndex",
      "partOfTotalIndexingTime" : {
        "part" : 3579626,
        "total" : 56494485
      },
      "totalNumberOfFiles" : 1,
      "totalNumberOfFilesIndexedByExtensions" : 0,
      "totalFilesSize" : 516,
      "indexValueChangerEvaluationSpeed" : {
        "totalBytes" : 516,
        "totalCpuTime" : 3579626
      }
    }, {
      "indexId" : "java.null.method.argument",
      "partOfTotalIndexingTime" : {
        "part" : 3245091,
        "total" : 56494485
      },
      "totalNumberOfFiles" : 1,
      "totalNumberOfFilesIndexedByExtensions" : 0,
      "totalFilesSize" : 516,
      "indexValueChangerEvaluationSpeed" : {
        "totalBytes" : 516,
        "totalCpuTime" : 3245091
      }
    }, {
      "indexId" : "java.fun.expression",
      "partOfTotalIndexingTime" : {
        "part" : 2334574,
        "total" : 56494485
      },
      "totalNumberOfFiles" : 1,
      "totalNumberOfFilesIndexedByExtensions" : 0,
      "totalFilesSize" : 516,
      "indexValueChangerEvaluationSpeed" : {
        "totalBytes" : 516,
        "totalCpuTime" : 2334574
      }
    }, {
      "indexId" : "java.binary.plus.expression",
      "partOfTotalIndexingTime" : {
        "part" : 787421,
        "total" : 56494485
      },
      "totalNumberOfFiles" : 1,
      "totalNumberOfFilesIndexedByExtensions" : 0,
      "totalFilesSize" : 516,
      "indexValueChangerEvaluationSpeed" : {
        "totalBytes" : 516,
        "totalCpuTime" : 787421
      }
    }, {
      "indexId" : "Trigram.Index",
      "partOfTotalIndexingTime" : {
        "part" : 369737,
        "total" : 56494485
      },
      "totalNumberOfFiles" : 8,
      "totalNumberOfFilesIndexedByExtensions" : 0,
      "totalFilesSize" : 2714,
      "indexValueChangerEvaluationSpeed" : {
        "totalBytes" : 2714,
        "totalCpuTime" : 369737
      }
    } ],
    "statisticsOfChangedDuringIndexingFiles" : {
      "numberOfFiles" : 18,
      "retrievingTime" : 100991
    },
    "fileProviderStatistics" : [ {
      "providerName" : "Refreshed files",
      "totalNumberOfIndexedFiles" : 18,
      "totalNumberOfFilesFullyIndexedByExtensions" : 0,
      "totalNumberOfNothingToWriteFiles" : 0,
      "totalIndexingVisibleTime" : 80617662,
      "contentLoadingVisibleTime" : 6832113,
      "numberOfTooLargeForIndexingFiles" : 0,
      "slowIndexedFiles" : [ ],
      "filesFullyIndexedByExtensions" : [ ],
      "separateApplyingIndexesVisibleTime" : 17138551
    } ],
    "visibleTimeToAllThreadTimeRatio" : 0.7261943381051534
  }
}