{
  "appInfo" : {
    "build" : "233.11799.241",
    "buildDate" : "2023-12-02T05:05:00Z[UTC]",
    "productCode" : "IU",
    "generated" : "2024-01-07T23:54:39.640577Z",
    "os" : "macOS 13.6",
    "runtime" : "JetBrains s.r.o. 17.0.9 17.0.9+7-b1087.7"
  },
  "runtimeInfo" : {
    "maxMemory" : 3170893824,
    "numberOfProcessors" : 4,
    "maxNumberOfIndexingThreads" : 3,
    "maxSizeOfFileForIntelliSense" : 2560000,
    "maxSizeOfFileForContentLoading" : 20971520
  },
  "type" : "DumbIndexing",
  "projectIndexingActivityHistory" : {
    "projectName" : "sportlive_monitor",
    "times" : {
      "scanningIds" : [ ],
      "contentLoadingVisibleTime" : 5218926,
      "retrievingChangedDuringIndexingFilesTime" : 419558,
      "separateApplyingIndexesVisibleTime" : 2781564,
      "updatingStart" : "2024-01-07T23:54:39.586285Z",
      "updatingEnd" : "2024-01-07T23:54:39.6341Z",
      "totalWallTimeWithPauses" : 47802753,
      "wallTimeOnPause" : 0,
      "wasInterrupted" : false,
      "dumbModeStart" : "2024-01-07T23:54:39.586285Z",
      "dumbWallTimeWithoutPauses" : 47802753,
      "dumbWallTimeWithPauses" : 47802753,
      "totalWallTimeWithoutPauses" : 47802753
    },
    "fileCount" : {
      "numberOfChangedDuringIndexingFiles" : 495,
      "numberOfFilesIndexedByInfrastructureExtensionsDuringIndexingStage" : 0,
      "numberOfFilesIndexedWithLoadingContent" : 495,
      "numberOfNothingToWriteFiles" : 0
    },
    "totalStatsPerFileType" : [ {
      "fileType" : "UNKNOWN",
      "partOfTotalProcessingTime" : {
        "part" : 60999419,
        "total" : 83857958
      },
      "partOfTotalContentLoadingTime" : {
        "part" : 9391776,
        "total" : 10579964
      },
      "totalNumberOfFiles" : 494,
      "totalFilesSize" : 0,
      "totalProcessingSpeed" : {
        "totalBytes" : 0,
        "totalCpuTime" : 60999419
      },
      "biggestContributors" : [ {
        "providerName" : "Refreshed files",
        "numberOfFiles" : 494,
        "totalFilesSize" : 0,
        "partOfTotalProcessingTimeOfThisFileType" : {
          "part" : 60999419,
          "total" : 60999419
        }
      } ]
    }, {
      "fileType" : "Dart",
      "partOfTotalProcessingTime" : {
        "part" : 22858539,
        "total" : 83857958
      },
      "partOfTotalContentLoadingTime" : {
        "part" : 1188188,
        "total" : 10579964
      },
      "totalNumberOfFiles" : 1,
      "totalFilesSize" : 5284,
      "totalProcessingSpeed" : {
        "totalBytes" : 5284,
        "totalCpuTime" : 22858539
      },
      "biggestContributors" : [ {
        "providerName" : "Refreshed files",
        "numberOfFiles" : 1,
        "totalFilesSize" : 5284,
        "partOfTotalProcessingTimeOfThisFileType" : {
          "part" : 22858539,
          "total" : 22858539
        }
      } ]
    } ],
    "totalStatsPerBaseLanguage" : [ {
      "language" : "Dart",
      "partOfTotalProcessingTime" : {
        "part" : 22858539,
        "total" : 83857958
      },
      "partOfTotalContentLoadingTime" : {
        "part" : 11768152,
        "total" : 10579964
      },
      "totalNumberOfFiles" : 1,
      "totalFilesSize" : 5284,
      "totalProcessingSpeed" : {
        "totalBytes" : 5284,
        "totalCpuTime" : 22858539
      }
    } ],
    "totalStatsPerIndexer" : [ {
      "indexId" : "DartPathIndex",
      "partOfTotalIndexingTime" : {
        "part" : 15758721,
        "total" : 17149586
      },
      "totalNumberOfFiles" : 1,
      "totalNumberOfFilesIndexedByExtensions" : 0,
      "totalFilesSize" : 5284,
      "indexValueChangerEvaluationSpeed" : {
        "totalBytes" : 5284,
        "totalCpuTime" : 15758721
      }
    }, {
      "indexId" : "IdIndex",
      "partOfTotalIndexingTime" : {
        "part" : 592675,
        "total" : 17149586
      },
      "totalNumberOfFiles" : 1,
      "totalNumberOfFilesIndexedByExtensions" : 0,
      "totalFilesSize" : 5284,
      "indexValueChangerEvaluationSpeed" : {
        "totalBytes" : 5284,
        "totalCpuTime" : 592675
      }
    }, {
      "indexId" : "Trigram.Index",
      "partOfTotalIndexingTime" : {
        "part" : 200738,
        "total" : 17149586
      },
      "totalNumberOfFiles" : 1,
      "totalNumberOfFilesIndexedByExtensions" : 0,
      "totalFilesSize" : 5284,
      "indexValueChangerEvaluationSpeed" : {
        "totalBytes" : 5284,
        "totalCpuTime" : 200738
      }
    }, {
      "indexId" : "DartSymbolIndex",
      "partOfTotalIndexingTime" : {
        "part" : 141108,
        "total" : 17149586
      },
      "totalNumberOfFiles" : 1,
      "totalNumberOfFilesIndexedByExtensions" : 0,
      "totalFilesSize" : 5284,
      "indexValueChangerEvaluationSpeed" : {
        "totalBytes" : 5284,
        "totalCpuTime" : 141108
      }
    }, {
      "indexId" : "DartLibraryIndex",
      "partOfTotalIndexingTime" : {
        "part" : 121137,
        "total" : 17149586
      },
      "totalNumberOfFiles" : 1,
      "totalNumberOfFilesIndexedByExtensions" : 0,
      "totalFilesSize" : 5284,
      "indexValueChangerEvaluationSpeed" : {
        "totalBytes" : 5284,
        "totalCpuTime" : 121137
      }
    }, {
      "indexId" : "DartImportIndex",
      "partOfTotalIndexingTime" : {
        "part" : 114801,
        "total" : 17149586
      },
      "totalNumberOfFiles" : 1,
      "totalNumberOfFilesIndexedByExtensions" : 0,
      "totalFilesSize" : 5284,
      "indexValueChangerEvaluationSpeed" : {
        "totalBytes" : 5284,
        "totalCpuTime" : 114801
      }
    }, {
      "indexId" : "DartClassIndex",
      "partOfTotalIndexingTime" : {
        "part" : 113042,
        "total" : 17149586
      },
      "totalNumberOfFiles" : 1,
      "totalNumberOfFilesIndexedByExtensions" : 0,
      "totalFilesSize" : 5284,
      "indexValueChangerEvaluationSpeed" : {
        "totalBytes" : 5284,
        "totalCpuTime" : 113042
      }
    }, {
      "indexId" : "DartComponentIndex",
      "partOfTotalIndexingTime" : {
        "part" : 107364,
        "total" : 17149586
      },
      "totalNumberOfFiles" : 1,
      "totalNumberOfFilesIndexedByExtensions" : 0,
      "totalFilesSize" : 5284,
      "indexValueChangerEvaluationSpeed" : {
        "totalBytes" : 5284,
        "totalCpuTime" : 107364
      }
    } ],
    "statisticsOfChangedDuringIndexingFiles" : {
      "numberOfFiles" : 495,
      "retrievingTime" : 419558
    },
    "fileProviderStatistics" : [ {
      "providerName" : "Refreshed files",
      "totalNumberOfIndexedFiles" : 495,
      "totalNumberOfFilesFullyIndexedByExtensions" : 0,
      "totalNumberOfNothingToWriteFiles" : 0,
      "totalIndexingVisibleTime" : 41365787,
      "contentLoadingVisibleTime" : 5218926,
      "numberOfTooLargeForIndexingFiles" : 0,
      "slowIndexedFiles" : [ ],
      "filesFullyIndexedByExtensions" : [ ],
      "separateApplyingIndexesVisibleTime" : 2781564
    } ],
    "visibleTimeToAllThreadTimeRatio" : 0.4932839766978347
  }
}