{
  "appInfo" : {
    "build" : "233.11799.241",
    "buildDate" : "2023-12-02T05:05:00Z[UTC]",
    "productCode" : "IU",
    "generated" : "2024-01-07T19:17:51.620951Z",
    "os" : "macOS 13.6",
    "runtime" : "JetBrains s.r.o. 17.0.9 17.0.9+7-b1087.7"
  },
  "runtimeInfo" : {
    "maxMemory" : 3170893824,
    "numberOfProcessors" : 4,
    "maxNumberOfIndexingThreads" : 3,
    "maxSizeOfFileForIntelliSense" : 2560000,
    "maxSizeOfFileForContentLoading" : 20971520
  },
  "type" : "Scanning",
  "projectIndexingActivityHistory" : {
    "projectName" : "sportlive_monitor",
    "times" : {
      "scanningReason" : "changes in: \"Library Dart Packages (#87 class roots, #0 source roots)\"",
      "scanningType" : "PARTIAL",
      "scanningId" : 12,
      "creatingIteratorsTime" : 4000,
      "concurrentHandlingWallTimeWithoutPauses" : 906251000,
      "concurrentHandlingWallTimeWithPauses" : 906251000,
      "concurrentHandlingSumOfThreadTimesWithPauses" : 893338347,
      "concurrentIterationAndScannersApplicationSumOfThreadTimesWithPauses" : 114235032,
      "concurrentFileCheckSumOfThreadTimesWithPauses" : 778567685,
      "delayedPushPropertiesStageTime" : 8000,
      "indexExtensionsTime" : 1940615,
      "dumbModeStart" : "2024-01-07T19:17:50.704456Z",
      "dumbWallTimeWithPauses" : 912253000,
      "dumbWallTimeWithoutPauses" : 912253000,
      "updatingStart" : "2024-01-07T19:17:50.703549Z",
      "updatingEnd" : "2024-01-07T19:17:51.616709Z",
      "totalWallTimeWithPauses" : 913113239,
      "wallTimeOnPause" : 1080000,
      "wasInterrupted" : false,
      "totalWallTimeWithoutPauses" : 912033239
    },
    "fileCount" : {
      "numberOfFileProviders" : 1,
      "numberOfScannedFiles" : 3164,
      "numberOfFilesIndexedByInfrastructureExtensionsDuringScan" : 0,
      "numberOfFilesScheduledForIndexingAfterScan" : 60
    },
    "scanningStatistics" : [ {
      "providerName" : "Library Dart Packages (#87 class roots, #0 source roots)",
      "numberOfScannedFiles" : 3164,
      "numberOfSkippedFiles" : 0,
      "numberOfFilesForIndexing" : 60,
      "numberOfFilesFullyIndexedByInfrastructureExtensions" : 0,
      "filesFullyIndexedByInfrastructureExtensions" : [ ],
      "statusTime" : 535878264,
      "totalOneThreadTimeWithPauses" : 893338347,
      "iterationAndScannersApplicationTime" : 114235032,
      "filesCheckTime" : 778567685,
      "timeProcessingUpToDateFiles" : 94529329,
      "timeUpdatingContentLessIndexes" : 10629445,
      "timeIndexingWithoutContentViaInfrastructureExtension" : 1940615,
      "roots" : [ ]
    } ]
  }
}