{
  "appInfo" : {
    "build" : "233.11799.241",
    "buildDate" : "2023-12-02T05:05:00Z[UTC]",
    "productCode" : "IU",
    "generated" : "2024-01-07T22:37:12.650624Z",
    "os" : "macOS 13.6",
    "runtime" : "JetBrains s.r.o. 17.0.9 17.0.9+7-b1087.7"
  },
  "runtimeInfo" : {
    "maxMemory" : 3170893824,
    "numberOfProcessors" : 4,
    "maxNumberOfIndexingThreads" : 3,
    "maxSizeOfFileForIntelliSense" : 2560000,
    "maxSizeOfFileForContentLoading" : 20971520
  },
  "type" : "Scanning",
  "projectIndexingActivityHistory" : {
    "projectName" : "sportlive_monitor",
    "times" : {
      "scanningReason" : "changes in: \"Library Dart Packages (#72 class roots, #0 source roots)\"",
      "scanningType" : "PARTIAL",
      "scanningId" : 16,
      "creatingIteratorsTime" : 2000,
      "concurrentHandlingWallTimeWithoutPauses" : 673059000,
      "concurrentHandlingWallTimeWithPauses" : 680630000,
      "concurrentHandlingSumOfThreadTimesWithPauses" : 654644897,
      "concurrentIterationAndScannersApplicationSumOfThreadTimesWithPauses" : 183237965,
      "concurrentFileCheckSumOfThreadTimesWithPauses" : 468145531,
      "delayedPushPropertiesStageTime" : 11000,
      "indexExtensionsTime" : 8040102,
      "dumbModeStart" : "2024-01-07T22:37:11.95681Z",
      "dumbWallTimeWithPauses" : 685923000,
      "dumbWallTimeWithoutPauses" : 685923000,
      "updatingStart" : "2024-01-07T22:37:11.942754Z",
      "updatingEnd" : "2024-01-07T22:37:12.642733Z",
      "totalWallTimeWithPauses" : 700805376,
      "wallTimeOnPause" : 7571000,
      "wasInterrupted" : false,
      "totalWallTimeWithoutPauses" : 693234376
    },
    "fileCount" : {
      "numberOfFileProviders" : 1,
      "numberOfScannedFiles" : 2884,
      "numberOfFilesIndexedByInfrastructureExtensionsDuringScan" : 0,
      "numberOfFilesScheduledForIndexingAfterScan" : 236
    },
    "scanningStatistics" : [ {
      "providerName" : "Library Dart Packages (#72 class roots, #0 source roots)",
      "numberOfScannedFiles" : 2884,
      "numberOfSkippedFiles" : 0,
      "numberOfFilesForIndexing" : 236,
      "numberOfFilesFullyIndexedByInfrastructureExtensions" : 0,
      "filesFullyIndexedByInfrastructureExtensions" : [ ],
      "statusTime" : 384375930,
      "totalOneThreadTimeWithPauses" : 654644897,
      "iterationAndScannersApplicationTime" : 183237965,
      "filesCheckTime" : 468145531,
      "timeProcessingUpToDateFiles" : 63494925,
      "timeUpdatingContentLessIndexes" : 18969866,
      "timeIndexingWithoutContentViaInfrastructureExtension" : 8040102,
      "roots" : [ ]
    } ]
  }
}