{
  "appInfo" : {
    "build" : "233.11799.241",
    "buildDate" : "2023-12-02T05:05:00Z[UTC]",
    "productCode" : "IU",
    "generated" : "2024-01-07T20:49:03.085954Z",
    "os" : "macOS 13.6",
    "runtime" : "JetBrains s.r.o. 17.0.9 17.0.9+7-b1087.7"
  },
  "runtimeInfo" : {
    "maxMemory" : 3170893824,
    "numberOfProcessors" : 4,
    "maxNumberOfIndexingThreads" : 3,
    "maxSizeOfFileForIntelliSense" : 2560000,
    "maxSizeOfFileForContentLoading" : 20971520
  },
  "type" : "Scanning",
  "projectIndexingActivityHistory" : {
    "projectName" : "sportlive_monitor",
    "times" : {
      "scanningReason" : "changes in: \"Library Dart Packages (#73 class roots, #0 source roots)\"",
      "scanningType" : "PARTIAL",
      "scanningId" : 13,
      "creatingIteratorsTime" : 3000,
      "concurrentHandlingWallTimeWithoutPauses" : 1326968000,
      "concurrentHandlingWallTimeWithPauses" : 1326968000,
      "concurrentHandlingSumOfThreadTimesWithPauses" : 1190961160,
      "concurrentIterationAndScannersApplicationSumOfThreadTimesWithPauses" : 670152242,
      "concurrentFileCheckSumOfThreadTimesWithPauses" : 518885299,
      "delayedPushPropertiesStageTime" : 3651000,
      "indexExtensionsTime" : 14993639,
      "dumbModeStart" : "2024-01-07T20:49:01.726093Z",
      "dumbWallTimeWithPauses" : 1334955000,
      "dumbWallTimeWithoutPauses" : 1334955000,
      "updatingStart" : "2024-01-07T20:49:01.704907Z",
      "updatingEnd" : "2024-01-07T20:49:03.061048Z",
      "totalWallTimeWithPauses" : 1342926219,
      "wallTimeOnPause" : 0,
      "wasInterrupted" : false,
      "totalWallTimeWithoutPauses" : 1342926219
    },
    "fileCount" : {
      "numberOfFileProviders" : 1,
      "numberOfScannedFiles" : 2768,
      "numberOfFilesIndexedByInfrastructureExtensionsDuringScan" : 0,
      "numberOfFilesScheduledForIndexingAfterScan" : 691
    },
    "scanningStatistics" : [ {
      "providerName" : "Library Dart Packages (#73 class roots, #0 source roots)",
      "numberOfScannedFiles" : 2768,
      "numberOfSkippedFiles" : 0,
      "numberOfFilesForIndexing" : 691,
      "numberOfFilesFullyIndexedByInfrastructureExtensions" : 0,
      "filesFullyIndexedByInfrastructureExtensions" : [ ],
      "statusTime" : 435752990,
      "totalOneThreadTimeWithPauses" : 1190961160,
      "iterationAndScannersApplicationTime" : 670152242,
      "filesCheckTime" : 518885299,
      "timeProcessingUpToDateFiles" : 105077045,
      "timeUpdatingContentLessIndexes" : 107690374,
      "timeIndexingWithoutContentViaInfrastructureExtension" : 14993639,
      "roots" : [ ]
    } ]
  }
}