{
  "appInfo" : {
    "build" : "233.11799.241",
    "buildDate" : "2023-12-02T05:05:00Z[UTC]",
    "productCode" : "IU",
    "generated" : "2024-01-06T12:23:20.339325Z",
    "os" : "macOS 13.6",
    "runtime" : "JetBrains s.r.o. 17.0.9 17.0.9+7-b1087.7"
  },
  "runtimeInfo" : {
    "maxMemory" : 3170893824,
    "numberOfProcessors" : 4,
    "maxNumberOfIndexingThreads" : 3,
    "maxSizeOfFileForIntelliSense" : 2560000,
    "maxSizeOfFileForContentLoading" : 20971520
  },
  "type" : "DumbIndexing",
  "projectIndexingActivityHistory" : {
    "projectName" : "sportlive_monitor",
    "times" : {
      "scanningIds" : [ 17 ],
      "contentLoadingVisibleTime" : 1106664171,
      "retrievingChangedDuringIndexingFilesTime" : 89665,
      "separateApplyingIndexesVisibleTime" : 3462654540,
      "updatingStart" : "2024-01-06T12:23:02.944885Z",
      "updatingEnd" : "2024-01-06T12:23:20.333184Z",
      "totalWallTimeWithPauses" : 17388464077,
      "wallTimeOnPause" : 0,
      "wasInterrupted" : false,
      "dumbWallTimeWithPauses" : 17388464077,
      "dumbWallTimeWithoutPauses" : 17388464077,
      "dumbModeStart" : "2024-01-06T12:23:02.944885Z",
      "totalWallTimeWithoutPauses" : 17388464077
    },
    "fileCount" : {
      "numberOfChangedDuringIndexingFiles" : 0,
      "numberOfFilesIndexedByInfrastructureExtensionsDuringIndexingStage" : 0,
      "numberOfFilesIndexedWithLoadingContent" : 1398,
      "numberOfNothingToWriteFiles" : 0
    },
    "totalStatsPerFileType" : [ {
      "fileType" : "Dart",
      "partOfTotalProcessingTime" : {
        "part" : 48546039664,
        "total" : 51618591591
      },
      "partOfTotalContentLoadingTime" : {
        "part" : 3269060737,
        "total" : 3285664845
      },
      "totalNumberOfFiles" : 1390,
      "totalFilesSize" : 14059721,
      "totalProcessingSpeed" : {
        "totalBytes" : 14059721,
        "totalCpuTime" : 48546039664
      },
      "biggestContributors" : [ {
        "providerName" : "Library Dart Packages (#79 class roots, #0 source roots)",
        "numberOfFiles" : 1390,
        "totalFilesSize" : 14059721,
        "partOfTotalProcessingTimeOfThisFileType" : {
          "part" : 48546039664,
          "total" : 48546039664
        }
      } ]
    }, {
      "fileType" : "JavaScript",
      "partOfTotalProcessingTime" : {
        "part" : 2611763463,
        "total" : 51618591591
      },
      "partOfTotalContentLoadingTime" : {
        "part" : 5038580,
        "total" : 3285664845
      },
      "totalNumberOfFiles" : 3,
      "totalFilesSize" : 121640,
      "totalProcessingSpeed" : {
        "totalBytes" : 121640,
        "totalCpuTime" : 2611763463
      },
      "biggestContributors" : [ {
        "providerName" : "Library Dart Packages (#79 class roots, #0 source roots)",
        "numberOfFiles" : 3,
        "totalFilesSize" : 121640,
        "partOfTotalProcessingTimeOfThisFileType" : {
          "part" : 2611763463,
          "total" : 2611763463
        }
      } ]
    }, {
      "fileType" : "HTML",
      "partOfTotalProcessingTime" : {
        "part" : 385403117,
        "total" : 51618591591
      },
      "partOfTotalContentLoadingTime" : {
        "part" : 7403384,
        "total" : 3285664845
      },
      "totalNumberOfFiles" : 1,
      "totalFilesSize" : 1936,
      "totalProcessingSpeed" : {
        "totalBytes" : 1936,
        "totalCpuTime" : 385403117
      },
      "biggestContributors" : [ {
        "providerName" : "Library Dart Packages (#79 class roots, #0 source roots)",
        "numberOfFiles" : 1,
        "totalFilesSize" : 1936,
        "partOfTotalProcessingTimeOfThisFileType" : {
          "part" : 385403117,
          "total" : 385403117
        }
      } ]
    }, {
      "fileType" : "Markdown",
      "partOfTotalProcessingTime" : {
        "part" : 35054611,
        "total" : 51618591591
      },
      "partOfTotalContentLoadingTime" : {
        "part" : 978583,
        "total" : 3285664845
      },
      "totalNumberOfFiles" : 2,
      "totalFilesSize" : 781,
      "totalProcessingSpeed" : {
        "totalBytes" : 781,
        "totalCpuTime" : 35054611
      },
      "biggestContributors" : [ {
        "providerName" : "Library Dart Packages (#79 class roots, #0 source roots)",
        "numberOfFiles" : 2,
        "totalFilesSize" : 781,
        "partOfTotalProcessingTimeOfThisFileType" : {
          "part" : 35054611,
          "total" : 35054611
        }
      } ]
    }, {
      "fileType" : "YAML",
      "partOfTotalProcessingTime" : {
        "part" : 35040920,
        "total" : 51618591591
      },
      "partOfTotalContentLoadingTime" : {
        "part" : 2679002,
        "total" : 3285664845
      },
      "totalNumberOfFiles" : 1,
      "totalFilesSize" : 4885,
      "totalProcessingSpeed" : {
        "totalBytes" : 4885,
        "totalCpuTime" : 35040920
      },
      "biggestContributors" : [ {
        "providerName" : "Library Dart Packages (#79 class roots, #0 source roots)",
        "numberOfFiles" : 1,
        "totalFilesSize" : 4885,
        "partOfTotalProcessingTimeOfThisFileType" : {
          "part" : 35040920,
          "total" : 35040920
        }
      } ]
    }, {
      "fileType" : "PLAIN_TEXT",
      "partOfTotalProcessingTime" : {
        "part" : 5289816,
        "total" : 51618591591
      },
      "partOfTotalContentLoadingTime" : {
        "part" : 504559,
        "total" : 3285664845
      },
      "totalNumberOfFiles" : 1,
      "totalFilesSize" : 13071,
      "totalProcessingSpeed" : {
        "totalBytes" : 13071,
        "totalCpuTime" : 5289816
      },
      "biggestContributors" : [ {
        "providerName" : "Library Dart Packages (#79 class roots, #0 source roots)",
        "numberOfFiles" : 1,
        "totalFilesSize" : 13071,
        "partOfTotalProcessingTimeOfThisFileType" : {
          "part" : 5289816,
          "total" : 5289816
        }
      } ]
    } ],
    "totalStatsPerBaseLanguage" : [ {
      "language" : "Dart",
      "partOfTotalProcessingTime" : {
        "part" : 48546039664,
        "total" : 51618591591
      },
      "partOfTotalContentLoadingTime" : {
        "part" : 6554725582,
        "total" : 3285664845
      },
      "totalNumberOfFiles" : 1390,
      "totalFilesSize" : 14059721,
      "totalProcessingSpeed" : {
        "totalBytes" : 14059721,
        "totalCpuTime" : 48546039664
      }
    }, {
      "language" : "JavaScript",
      "partOfTotalProcessingTime" : {
        "part" : 2611763463,
        "total" : 51618591591
      },
      "partOfTotalContentLoadingTime" : {
        "part" : 3290703425,
        "total" : 3285664845
      },
      "totalNumberOfFiles" : 3,
      "totalFilesSize" : 121640,
      "totalProcessingSpeed" : {
        "totalBytes" : 121640,
        "totalCpuTime" : 2611763463
      }
    }, {
      "language" : "HTML",
      "partOfTotalProcessingTime" : {
        "part" : 385403117,
        "total" : 51618591591
      },
      "partOfTotalContentLoadingTime" : {
        "part" : 3293068229,
        "total" : 3285664845
      },
      "totalNumberOfFiles" : 1,
      "totalFilesSize" : 1936,
      "totalProcessingSpeed" : {
        "totalBytes" : 1936,
        "totalCpuTime" : 385403117
      }
    }, {
      "language" : "XML",
      "partOfTotalProcessingTime" : {
        "part" : 385403117,
        "total" : 51618591591
      },
      "partOfTotalContentLoadingTime" : {
        "part" : 3293068229,
        "total" : 3285664845
      },
      "totalNumberOfFiles" : 1,
      "totalFilesSize" : 1936,
      "totalProcessingSpeed" : {
        "totalBytes" : 1936,
        "totalCpuTime" : 385403117
      }
    }, {
      "language" : "Markdown",
      "partOfTotalProcessingTime" : {
        "part" : 35054611,
        "total" : 51618591591
      },
      "partOfTotalContentLoadingTime" : {
        "part" : 3286643428,
        "total" : 3285664845
      },
      "totalNumberOfFiles" : 2,
      "totalFilesSize" : 781,
      "totalProcessingSpeed" : {
        "totalBytes" : 781,
        "totalCpuTime" : 35054611
      }
    }, {
      "language" : "yaml",
      "partOfTotalProcessingTime" : {
        "part" : 35040920,
        "total" : 51618591591
      },
      "partOfTotalContentLoadingTime" : {
        "part" : 3288343847,
        "total" : 3285664845
      },
      "totalNumberOfFiles" : 1,
      "totalFilesSize" : 4885,
      "totalProcessingSpeed" : {
        "totalBytes" : 4885,
        "totalCpuTime" : 35040920
      }
    }, {
      "language" : "TEXT",
      "partOfTotalProcessingTime" : {
        "part" : 5289816,
        "total" : 51618591591
      },
      "partOfTotalContentLoadingTime" : {
        "part" : 3286169404,
        "total" : 3285664845
      },
      "totalNumberOfFiles" : 1,
      "totalFilesSize" : 13071,
      "totalProcessingSpeed" : {
        "totalBytes" : 13071,
        "totalCpuTime" : 5289816
      }
    } ],
    "totalStatsPerIndexer" : [ {
      "indexId" : "DartImportIndex",
      "partOfTotalIndexingTime" : {
        "part" : 27630772348,
        "total" : 36370261717
      },
      "totalNumberOfFiles" : 1390,
      "totalNumberOfFilesIndexedByExtensions" : 0,
      "totalFilesSize" : 14059721,
      "indexValueChangerEvaluationSpeed" : {
        "totalBytes" : 14059721,
        "totalCpuTime" : 27630772348
      }
    }, {
      "indexId" : "IdIndex",
      "partOfTotalIndexingTime" : {
        "part" : 2752581304,
        "total" : 36370261717
      },
      "totalNumberOfFiles" : 1398,
      "totalNumberOfFilesIndexedByExtensions" : 0,
      "totalFilesSize" : 14202034,
      "indexValueChangerEvaluationSpeed" : {
        "totalBytes" : 14202034,
        "totalCpuTime" : 2752581304
      }
    }, {
      "indexId" : "Stubs",
      "partOfTotalIndexingTime" : {
        "part" : 1338544319,
        "total" : 36370261717
      },
      "totalNumberOfFiles" : 6,
      "totalNumberOfFilesIndexedByExtensions" : 0,
      "totalFilesSize" : 124357,
      "indexValueChangerEvaluationSpeed" : {
        "totalBytes" : 124357,
        "totalCpuTime" : 1338544319
      }
    }, {
      "indexId" : "Trigram.Index",
      "partOfTotalIndexingTime" : {
        "part" : 1191106657,
        "total" : 36370261717
      },
      "totalNumberOfFiles" : 1398,
      "totalNumberOfFilesIndexedByExtensions" : 0,
      "totalFilesSize" : 14202034,
      "indexValueChangerEvaluationSpeed" : {
        "totalBytes" : 14202034,
        "totalCpuTime" : 1191106657
      }
    }, {
      "indexId" : "DartSymbolIndex",
      "partOfTotalIndexingTime" : {
        "part" : 795432719,
        "total" : 36370261717
      },
      "totalNumberOfFiles" : 1390,
      "totalNumberOfFilesIndexedByExtensions" : 0,
      "totalFilesSize" : 14059721,
      "indexValueChangerEvaluationSpeed" : {
        "totalBytes" : 14059721,
        "totalCpuTime" : 795432719
      }
    }, {
      "indexId" : "js.test.names",
      "partOfTotalIndexingTime" : {
        "part" : 585878580,
        "total" : 36370261717
      },
      "totalNumberOfFiles" : 3,
      "totalNumberOfFilesIndexedByExtensions" : 0,
      "totalFilesSize" : 121640,
      "indexValueChangerEvaluationSpeed" : {
        "totalBytes" : 121640,
        "totalCpuTime" : 585878580
      }
    }, {
      "indexId" : "fileIncludes",
      "partOfTotalIndexingTime" : {
        "part" : 547389150,
        "total" : 36370261717
      },
      "totalNumberOfFiles" : 4,
      "totalNumberOfFilesIndexedByExtensions" : 0,
      "totalFilesSize" : 123576,
      "indexValueChangerEvaluationSpeed" : {
        "totalBytes" : 123576,
        "totalCpuTime" : 547389150
      }
    }, {
      "indexId" : "DartComponentIndex",
      "partOfTotalIndexingTime" : {
        "part" : 411687683,
        "total" : 36370261717
      },
      "totalNumberOfFiles" : 1390,
      "totalNumberOfFilesIndexedByExtensions" : 0,
      "totalFilesSize" : 14059721,
      "indexValueChangerEvaluationSpeed" : {
        "totalBytes" : 14059721,
        "totalCpuTime" : 411687683
      }
    }, {
      "indexId" : "DartClassIndex",
      "partOfTotalIndexingTime" : {
        "part" : 370416247,
        "total" : 36370261717
      },
      "totalNumberOfFiles" : 1390,
      "totalNumberOfFilesIndexedByExtensions" : 0,
      "totalFilesSize" : 14059721,
      "indexValueChangerEvaluationSpeed" : {
        "totalBytes" : 14059721,
        "totalCpuTime" : 370416247
      }
    }, {
      "indexId" : "DartLibraryIndex",
      "partOfTotalIndexingTime" : {
        "part" : 369676507,
        "total" : 36370261717
      },
      "totalNumberOfFiles" : 1390,
      "totalNumberOfFilesIndexedByExtensions" : 0,
      "totalFilesSize" : 14059721,
      "indexValueChangerEvaluationSpeed" : {
        "totalBytes" : 14059721,
        "totalCpuTime" : 369676507
      }
    }, {
      "indexId" : "DartPathIndex",
      "partOfTotalIndexingTime" : {
        "part" : 333766521,
        "total" : 36370261717
      },
      "totalNumberOfFiles" : 1390,
      "totalNumberOfFilesIndexedByExtensions" : 0,
      "totalFilesSize" : 14059721,
      "indexValueChangerEvaluationSpeed" : {
        "totalBytes" : 14059721,
        "totalCpuTime" : 333766521
      }
    }, {
      "indexId" : "FrameworkDetectionIndex",
      "partOfTotalIndexingTime" : {
        "part" : 13782306,
        "total" : 36370261717
      },
      "totalNumberOfFiles" : 1,
      "totalNumberOfFilesIndexedByExtensions" : 0,
      "totalFilesSize" : 4885,
      "indexValueChangerEvaluationSpeed" : {
        "totalBytes" : 4885,
        "totalCpuTime" : 13782306
      }
    }, {
      "indexId" : "yaml.keys.name",
      "partOfTotalIndexingTime" : {
        "part" : 10237862,
        "total" : 36370261717
      },
      "totalNumberOfFiles" : 1,
      "totalNumberOfFilesIndexedByExtensions" : 0,
      "totalFilesSize" : 4885,
      "indexValueChangerEvaluationSpeed" : {
        "totalBytes" : 4885,
        "totalCpuTime" : 10237862
      }
    }, {
      "indexId" : "js.implicit.elements.index",
      "partOfTotalIndexingTime" : {
        "part" : 6147850,
        "total" : 36370261717
      },
      "totalNumberOfFiles" : 1,
      "totalNumberOfFilesIndexedByExtensions" : 0,
      "totalFilesSize" : 1936,
      "indexValueChangerEvaluationSpeed" : {
        "totalBytes" : 1936,
        "totalCpuTime" : 6147850
      }
    }, {
      "indexId" : "docker.compose.services",
      "partOfTotalIndexingTime" : {
        "part" : 4481807,
        "total" : 36370261717
      },
      "totalNumberOfFiles" : 1,
      "totalNumberOfFilesIndexedByExtensions" : 0,
      "totalFilesSize" : 4885,
      "indexValueChangerEvaluationSpeed" : {
        "totalBytes" : 4885,
        "totalCpuTime" : 4481807
      }
    }, {
      "indexId" : "org.jetbrains.kotlin.idea.versions.KotlinJsMetadataVersionIndex",
      "partOfTotalIndexingTime" : {
        "part" : 3186712,
        "total" : 36370261717
      },
      "totalNumberOfFiles" : 3,
      "totalNumberOfFilesIndexedByExtensions" : 0,
      "totalFilesSize" : 121640,
      "indexValueChangerEvaluationSpeed" : {
        "totalBytes" : 121640,
        "totalCpuTime" : 3186712
      }
    }, {
      "indexId" : "CssIndex",
      "partOfTotalIndexingTime" : {
        "part" : 1333375,
        "total" : 36370261717
      },
      "totalNumberOfFiles" : 1,
      "totalNumberOfFilesIndexedByExtensions" : 0,
      "totalFilesSize" : 1936,
      "indexValueChangerEvaluationSpeed" : {
        "totalBytes" : 1936,
        "totalCpuTime" : 1333375
      }
    }, {
      "indexId" : "SwReferencesIndex",
      "partOfTotalIndexingTime" : {
        "part" : 1058484,
        "total" : 36370261717
      },
      "totalNumberOfFiles" : 1,
      "totalNumberOfFilesIndexedByExtensions" : 0,
      "totalFilesSize" : 4885,
      "indexValueChangerEvaluationSpeed" : {
        "totalBytes" : 4885,
        "totalCpuTime" : 1058484
      }
    }, {
      "indexId" : "html5.custom.attributes.index",
      "partOfTotalIndexingTime" : {
        "part" : 915915,
        "total" : 36370261717
      },
      "totalNumberOfFiles" : 1,
      "totalNumberOfFilesIndexedByExtensions" : 0,
      "totalFilesSize" : 1936,
      "indexValueChangerEvaluationSpeed" : {
        "totalBytes" : 1936,
        "totalCpuTime" : 915915
      }
    }, {
      "indexId" : "css.template.selectors",
      "partOfTotalIndexingTime" : {
        "part" : 376845,
        "total" : 36370261717
      },
      "totalNumberOfFiles" : 1,
      "totalNumberOfFilesIndexedByExtensions" : 0,
      "totalFilesSize" : 1936,
      "indexValueChangerEvaluationSpeed" : {
        "totalBytes" : 1936,
        "totalCpuTime" : 376845
      }
    }, {
      "indexId" : "HtmlTagIdIndex",
      "partOfTotalIndexingTime" : {
        "part" : 259615,
        "total" : 36370261717
      },
      "totalNumberOfFiles" : 1,
      "totalNumberOfFilesIndexedByExtensions" : 0,
      "totalFilesSize" : 1936,
      "indexValueChangerEvaluationSpeed" : {
        "totalBytes" : 1936,
        "totalCpuTime" : 259615
      }
    }, {
      "indexId" : "OpenapiSpecificationContentIndexer",
      "partOfTotalIndexingTime" : {
        "part" : 251679,
        "total" : 36370261717
      },
      "totalNumberOfFiles" : 1,
      "totalNumberOfFilesIndexedByExtensions" : 0,
      "totalFilesSize" : 4885,
      "indexValueChangerEvaluationSpeed" : {
        "totalBytes" : 4885,
        "totalCpuTime" : 251679
      }
    }, {
      "indexId" : "angularjs.template.cache",
      "partOfTotalIndexingTime" : {
        "part" : 196147,
        "total" : 36370261717
      },
      "totalNumberOfFiles" : 1,
      "totalNumberOfFilesIndexedByExtensions" : 0,
      "totalFilesSize" : 1936,
      "indexValueChangerEvaluationSpeed" : {
        "totalBytes" : 1936,
        "totalCpuTime" : 196147
      }
    }, {
      "indexId" : "WebComponentsIndex",
      "partOfTotalIndexingTime" : {
        "part" : 180359,
        "total" : 36370261717
      },
      "totalNumberOfFiles" : 1,
      "totalNumberOfFilesIndexedByExtensions" : 0,
      "totalFilesSize" : 1936,
      "indexValueChangerEvaluationSpeed" : {
        "totalBytes" : 1936,
        "totalCpuTime" : 180359
      }
    }, {
      "indexId" : "HtmlScriptSrcIndex",
      "partOfTotalIndexingTime" : {
        "part" : 168334,
        "total" : 36370261717
      },
      "totalNumberOfFiles" : 1,
      "totalNumberOfFilesIndexedByExtensions" : 0,
      "totalFilesSize" : 1936,
      "indexValueChangerEvaluationSpeed" : {
        "totalBytes" : 1936,
        "totalCpuTime" : 168334
      }
    }, {
      "indexId" : "angularjs.ui.router.views.index",
      "partOfTotalIndexingTime" : {
        "part" : 135388,
        "total" : 36370261717
      },
      "totalNumberOfFiles" : 1,
      "totalNumberOfFilesIndexedByExtensions" : 0,
      "totalFilesSize" : 1936,
      "indexValueChangerEvaluationSpeed" : {
        "totalBytes" : 1936,
        "totalCpuTime" : 135388
      }
    }, {
      "indexId" : "angularjs.app.index",
      "partOfTotalIndexingTime" : {
        "part" : 128015,
        "total" : 36370261717
      },
      "totalNumberOfFiles" : 1,
      "totalNumberOfFilesIndexedByExtensions" : 0,
      "totalFilesSize" : 1936,
      "indexValueChangerEvaluationSpeed" : {
        "totalBytes" : 1936,
        "totalCpuTime" : 128015
      }
    }, {
      "indexId" : "js.string.literal.words.index",
      "partOfTotalIndexingTime" : {
        "part" : 78300,
        "total" : 36370261717
      },
      "totalNumberOfFiles" : 3,
      "totalNumberOfFilesIndexedByExtensions" : 0,
      "totalFilesSize" : 121640,
      "indexValueChangerEvaluationSpeed" : {
        "totalBytes" : 121640,
        "totalCpuTime" : 78300
      }
    }, {
      "indexId" : "DjangoBlockInheritanceIndex",
      "partOfTotalIndexingTime" : {
        "part" : 64735,
        "total" : 36370261717
      },
      "totalNumberOfFiles" : 1,
      "totalNumberOfFilesIndexedByExtensions" : 0,
      "totalFilesSize" : 1936,
      "indexValueChangerEvaluationSpeed" : {
        "totalBytes" : 1936,
        "totalCpuTime" : 64735
      }
    }, {
      "indexId" : "js.custom.single.entry.index",
      "partOfTotalIndexingTime" : {
        "part" : 25954,
        "total" : 36370261717
      },
      "totalNumberOfFiles" : 4,
      "totalNumberOfFilesIndexedByExtensions" : 0,
      "totalFilesSize" : 123576,
      "indexValueChangerEvaluationSpeed" : {
        "totalBytes" : 123576,
        "totalCpuTime" : 25954
      }
    } ],
    "statisticsOfChangedDuringIndexingFiles" : {
      "numberOfFiles" : 0,
      "retrievingTime" : 89665
    },
    "fileProviderStatistics" : [ {
      "providerName" : "Library Dart Packages (#79 class roots, #0 source roots)",
      "totalNumberOfIndexedFiles" : 1398,
      "totalNumberOfFilesFullyIndexedByExtensions" : 0,
      "totalNumberOfNothingToWriteFiles" : 0,
      "totalIndexingVisibleTime" : 17385962535,
      "contentLoadingVisibleTime" : 1106664171,
      "numberOfTooLargeForIndexingFiles" : 0,
      "slowIndexedFiles" : [ {
        "fileName" : "codes.g.dart",
        "processingTime" : 525756964,
        "evaluationOfIndexValueChangerTime" : 495537495,
        "contentLoadingTime" : 3998042
      }, {
        "fileName" : "utilities.dart",
        "processingTime" : 570414459,
        "evaluationOfIndexValueChangerTime" : 243661984,
        "contentLoadingTime" : 242282977
      }, {
        "fileName" : "flow_analysis.dart",
        "processingTime" : 565429458,
        "evaluationOfIndexValueChangerTime" : 520690537,
        "contentLoadingTime" : 7797527
      }, {
        "fileName" : "visitor.dart",
        "processingTime" : 2101318871,
        "evaluationOfIndexValueChangerTime" : 283333425,
        "contentLoadingTime" : 1343301
      }, {
        "fileName" : "driver.dart",
        "processingTime" : 763993590,
        "evaluationOfIndexValueChangerTime" : 322698227,
        "contentLoadingTime" : 276149591
      }, {
        "fileName" : "codes_generated.dart",
        "processingTime" : 2227791847,
        "evaluationOfIndexValueChangerTime" : 2091076793,
        "contentLoadingTime" : 12501969
      }, {
        "fileName" : "element.dart",
        "processingTime" : 2132891585,
        "evaluationOfIndexValueChangerTime" : 321810295,
        "contentLoadingTime" : 1655305
      }, {
        "fileName" : "ast.dart",
        "processingTime" : 3034999789,
        "evaluationOfIndexValueChangerTime" : 2829012735,
        "contentLoadingTime" : 12565803
      }, {
        "fileName" : "visitor.dart",
        "processingTime" : 3610851478,
        "evaluationOfIndexValueChangerTime" : 3594544104,
        "contentLoadingTime" : 11643992
      }, {
        "fileName" : "graph_viz_main.dart.js",
        "processingTime" : 2169573674,
        "evaluationOfIndexValueChangerTime" : 2114578220,
        "contentLoadingTime" : 3888838
      } ],
      "filesFullyIndexedByExtensions" : [ ],
      "separateApplyingIndexesVisibleTime" : 3462654540
    }, {
      "providerName" : "Refreshed files",
      "totalNumberOfIndexedFiles" : 0,
      "totalNumberOfFilesFullyIndexedByExtensions" : 0,
      "totalNumberOfNothingToWriteFiles" : 0,
      "totalIndexingVisibleTime" : 0,
      "contentLoadingVisibleTime" : 0,
      "numberOfTooLargeForIndexingFiles" : 0,
      "slowIndexedFiles" : [ ],
      "filesFullyIndexedByExtensions" : [ ],
      "separateApplyingIndexesVisibleTime" : 0
    } ],
    "visibleTimeToAllThreadTimeRatio" : 0.0
  }
}