{
  "appInfo" : {
    "build" : "233.11799.241",
    "buildDate" : "2023-12-02T05:05:00Z[UTC]",
    "productCode" : "IU",
    "generated" : "2024-01-07T20:49:16.612776Z",
    "os" : "macOS 13.6",
    "runtime" : "JetBrains s.r.o. 17.0.9 17.0.9+7-b1087.7"
  },
  "runtimeInfo" : {
    "maxMemory" : 3170893824,
    "numberOfProcessors" : 4,
    "maxNumberOfIndexingThreads" : 3,
    "maxSizeOfFileForIntelliSense" : 2560000,
    "maxSizeOfFileForContentLoading" : 20971520
  },
  "type" : "DumbIndexing",
  "projectIndexingActivityHistory" : {
    "projectName" : "sportlive_monitor",
    "times" : {
      "scanningIds" : [ 13 ],
      "contentLoadingVisibleTime" : 662653139,
      "retrievingChangedDuringIndexingFilesTime" : 159141,
      "separateApplyingIndexesVisibleTime" : 1539735952,
      "updatingStart" : "2024-01-07T20:49:03.079668Z",
      "updatingEnd" : "2024-01-07T20:49:16.611246Z",
      "totalWallTimeWithPauses" : 13531739151,
      "wallTimeOnPause" : 0,
      "wasInterrupted" : false,
      "dumbModeStart" : "2024-01-07T20:49:03.079668Z",
      "dumbWallTimeWithoutPauses" : 13531739151,
      "dumbWallTimeWithPauses" : 13531739151,
      "totalWallTimeWithoutPauses" : 13531739151
    },
    "fileCount" : {
      "numberOfChangedDuringIndexingFiles" : 14,
      "numberOfFilesIndexedByInfrastructureExtensionsDuringIndexingStage" : 0,
      "numberOfFilesIndexedWithLoadingContent" : 705,
      "numberOfNothingToWriteFiles" : 0
    },
    "totalStatsPerFileType" : [ {
      "fileType" : "Dart",
      "partOfTotalProcessingTime" : {
        "part" : 27677119016,
        "total" : 36909398952
      },
      "partOfTotalContentLoadingTime" : {
        "part" : 1596459821,
        "total" : 1806089261
      },
      "totalNumberOfFiles" : 684,
      "totalFilesSize" : 9085810,
      "totalProcessingSpeed" : {
        "totalBytes" : 9085810,
        "totalCpuTime" : 27677119016
      },
      "biggestContributors" : [ {
        "providerName" : "Library Dart Packages (#73 class roots, #0 source roots)",
        "numberOfFiles" : 684,
        "totalFilesSize" : 9085810,
        "partOfTotalProcessingTimeOfThisFileType" : {
          "part" : 27677119016,
          "total" : 27677119016
        }
      } ]
    }, {
      "fileType" : "JavaScript",
      "partOfTotalProcessingTime" : {
        "part" : 6806144567,
        "total" : 36909398952
      },
      "partOfTotalContentLoadingTime" : {
        "part" : 3651245,
        "total" : 1806089261
      },
      "totalNumberOfFiles" : 3,
      "totalFilesSize" : 121640,
      "totalProcessingSpeed" : {
        "totalBytes" : 121640,
        "totalCpuTime" : 6806144567
      },
      "biggestContributors" : [ {
        "providerName" : "Library Dart Packages (#73 class roots, #0 source roots)",
        "numberOfFiles" : 3,
        "totalFilesSize" : 121640,
        "partOfTotalProcessingTimeOfThisFileType" : {
          "part" : 6806144567,
          "total" : 6806144567
        }
      } ]
    }, {
      "fileType" : "HTML",
      "partOfTotalProcessingTime" : {
        "part" : 2302970598,
        "total" : 36909398952
      },
      "partOfTotalContentLoadingTime" : {
        "part" : 199102309,
        "total" : 1806089261
      },
      "totalNumberOfFiles" : 1,
      "totalFilesSize" : 1936,
      "totalProcessingSpeed" : {
        "totalBytes" : 1936,
        "totalCpuTime" : 2302970598
      },
      "biggestContributors" : [ {
        "providerName" : "Library Dart Packages (#73 class roots, #0 source roots)",
        "numberOfFiles" : 1,
        "totalFilesSize" : 1936,
        "partOfTotalProcessingTimeOfThisFileType" : {
          "part" : 2302970598,
          "total" : 2302970598
        }
      } ]
    }, {
      "fileType" : "Markdown",
      "partOfTotalProcessingTime" : {
        "part" : 59873850,
        "total" : 36909398952
      },
      "partOfTotalContentLoadingTime" : {
        "part" : 2040036,
        "total" : 1806089261
      },
      "totalNumberOfFiles" : 2,
      "totalFilesSize" : 781,
      "totalProcessingSpeed" : {
        "totalBytes" : 781,
        "totalCpuTime" : 59873850
      },
      "biggestContributors" : [ {
        "providerName" : "Library Dart Packages (#73 class roots, #0 source roots)",
        "numberOfFiles" : 2,
        "totalFilesSize" : 781,
        "partOfTotalProcessingTimeOfThisFileType" : {
          "part" : 59873850,
          "total" : 59873850
        }
      } ]
    }, {
      "fileType" : "YAML",
      "partOfTotalProcessingTime" : {
        "part" : 43492442,
        "total" : 36909398952
      },
      "partOfTotalContentLoadingTime" : {
        "part" : 146851,
        "total" : 1806089261
      },
      "totalNumberOfFiles" : 1,
      "totalFilesSize" : 16524,
      "totalProcessingSpeed" : {
        "totalBytes" : 16524,
        "totalCpuTime" : 43492442
      },
      "biggestContributors" : [ {
        "providerName" : "Refreshed files",
        "numberOfFiles" : 1,
        "totalFilesSize" : 16524,
        "partOfTotalProcessingTimeOfThisFileType" : {
          "part" : 43492442,
          "total" : 43492442
        }
      } ]
    }, {
      "fileType" : "textmate",
      "partOfTotalProcessingTime" : {
        "part" : 5288416,
        "total" : 36909398952
      },
      "partOfTotalContentLoadingTime" : {
        "part" : 2679326,
        "total" : 1806089261
      },
      "totalNumberOfFiles" : 4,
      "totalFilesSize" : 1854,
      "totalProcessingSpeed" : {
        "totalBytes" : 1854,
        "totalCpuTime" : 5288416
      },
      "biggestContributors" : [ {
        "providerName" : "Refreshed files",
        "numberOfFiles" : 4,
        "totalFilesSize" : 1854,
        "partOfTotalProcessingTimeOfThisFileType" : {
          "part" : 5288416,
          "total" : 5288416
        }
      } ]
    }, {
      "fileType" : "JAVA",
      "partOfTotalProcessingTime" : {
        "part" : 4752048,
        "total" : 36909398952
      },
      "partOfTotalContentLoadingTime" : {
        "part" : 117156,
        "total" : 1806089261
      },
      "totalNumberOfFiles" : 1,
      "totalFilesSize" : 516,
      "totalProcessingSpeed" : {
        "totalBytes" : 516,
        "totalCpuTime" : 4752048
      },
      "biggestContributors" : [ {
        "providerName" : "Refreshed files",
        "numberOfFiles" : 1,
        "totalFilesSize" : 516,
        "partOfTotalProcessingTimeOfThisFileType" : {
          "part" : 4752048,
          "total" : 4752048
        }
      } ]
    }, {
      "fileType" : "C++",
      "partOfTotalProcessingTime" : {
        "part" : 4681789,
        "total" : 36909398952
      },
      "partOfTotalContentLoadingTime" : {
        "part" : 1134902,
        "total" : 1806089261
      },
      "totalNumberOfFiles" : 5,
      "totalFilesSize" : 1308,
      "totalProcessingSpeed" : {
        "totalBytes" : 1308,
        "totalCpuTime" : 4681789
      },
      "biggestContributors" : [ {
        "providerName" : "Refreshed files",
        "numberOfFiles" : 5,
        "totalFilesSize" : 1308,
        "partOfTotalProcessingTimeOfThisFileType" : {
          "part" : 4681789,
          "total" : 4681789
        }
      } ]
    }, {
      "fileType" : "PLAIN_TEXT",
      "partOfTotalProcessingTime" : {
        "part" : 4606624,
        "total" : 36909398952
      },
      "partOfTotalContentLoadingTime" : {
        "part" : 586171,
        "total" : 1806089261
      },
      "totalNumberOfFiles" : 1,
      "totalFilesSize" : 12705,
      "totalProcessingSpeed" : {
        "totalBytes" : 12705,
        "totalCpuTime" : 4606624
      },
      "biggestContributors" : [ {
        "providerName" : "Library Dart Packages (#73 class roots, #0 source roots)",
        "numberOfFiles" : 1,
        "totalFilesSize" : 12705,
        "partOfTotalProcessingTimeOfThisFileType" : {
          "part" : 4606624,
          "total" : 4606624
        }
      } ]
    }, {
      "fileType" : "UNKNOWN",
      "partOfTotalProcessingTime" : {
        "part" : 469602,
        "total" : 36909398952
      },
      "partOfTotalContentLoadingTime" : {
        "part" : 171444,
        "total" : 1806089261
      },
      "totalNumberOfFiles" : 3,
      "totalFilesSize" : 0,
      "totalProcessingSpeed" : {
        "totalBytes" : 0,
        "totalCpuTime" : 469602
      },
      "biggestContributors" : [ {
        "providerName" : "Refreshed files",
        "numberOfFiles" : 3,
        "totalFilesSize" : 0,
        "partOfTotalProcessingTimeOfThisFileType" : {
          "part" : 469602,
          "total" : 469602
        }
      } ]
    } ],
    "totalStatsPerBaseLanguage" : [ {
      "language" : "Dart",
      "partOfTotalProcessingTime" : {
        "part" : 27677119016,
        "total" : 36909398952
      },
      "partOfTotalContentLoadingTime" : {
        "part" : 3402549082,
        "total" : 1806089261
      },
      "totalNumberOfFiles" : 684,
      "totalFilesSize" : 9085810,
      "totalProcessingSpeed" : {
        "totalBytes" : 9085810,
        "totalCpuTime" : 27677119016
      }
    }, {
      "language" : "JavaScript",
      "partOfTotalProcessingTime" : {
        "part" : 6806144567,
        "total" : 36909398952
      },
      "partOfTotalContentLoadingTime" : {
        "part" : 1809740506,
        "total" : 1806089261
      },
      "totalNumberOfFiles" : 3,
      "totalFilesSize" : 121640,
      "totalProcessingSpeed" : {
        "totalBytes" : 121640,
        "totalCpuTime" : 6806144567
      }
    }, {
      "language" : "HTML",
      "partOfTotalProcessingTime" : {
        "part" : 2302970598,
        "total" : 36909398952
      },
      "partOfTotalContentLoadingTime" : {
        "part" : 2005191570,
        "total" : 1806089261
      },
      "totalNumberOfFiles" : 1,
      "totalFilesSize" : 1936,
      "totalProcessingSpeed" : {
        "totalBytes" : 1936,
        "totalCpuTime" : 2302970598
      }
    }, {
      "language" : "XML",
      "partOfTotalProcessingTime" : {
        "part" : 2302970598,
        "total" : 36909398952
      },
      "partOfTotalContentLoadingTime" : {
        "part" : 2005191570,
        "total" : 1806089261
      },
      "totalNumberOfFiles" : 1,
      "totalFilesSize" : 1936,
      "totalProcessingSpeed" : {
        "totalBytes" : 1936,
        "totalCpuTime" : 2302970598
      }
    }, {
      "language" : "Markdown",
      "partOfTotalProcessingTime" : {
        "part" : 59873850,
        "total" : 36909398952
      },
      "partOfTotalContentLoadingTime" : {
        "part" : 1808129297,
        "total" : 1806089261
      },
      "totalNumberOfFiles" : 2,
      "totalFilesSize" : 781,
      "totalProcessingSpeed" : {
        "totalBytes" : 781,
        "totalCpuTime" : 59873850
      }
    }, {
      "language" : "yaml",
      "partOfTotalProcessingTime" : {
        "part" : 43492442,
        "total" : 36909398952
      },
      "partOfTotalContentLoadingTime" : {
        "part" : 1806236112,
        "total" : 1806089261
      },
      "totalNumberOfFiles" : 1,
      "totalFilesSize" : 16524,
      "totalProcessingSpeed" : {
        "totalBytes" : 16524,
        "totalCpuTime" : 43492442
      }
    }, {
      "language" : "textmate",
      "partOfTotalProcessingTime" : {
        "part" : 5288416,
        "total" : 36909398952
      },
      "partOfTotalContentLoadingTime" : {
        "part" : 1808768587,
        "total" : 1806089261
      },
      "totalNumberOfFiles" : 4,
      "totalFilesSize" : 1854,
      "totalProcessingSpeed" : {
        "totalBytes" : 1854,
        "totalCpuTime" : 5288416
      }
    }, {
      "language" : "JAVA",
      "partOfTotalProcessingTime" : {
        "part" : 4752048,
        "total" : 36909398952
      },
      "partOfTotalContentLoadingTime" : {
        "part" : 1806206417,
        "total" : 1806089261
      },
      "totalNumberOfFiles" : 1,
      "totalFilesSize" : 516,
      "totalProcessingSpeed" : {
        "totalBytes" : 516,
        "totalCpuTime" : 4752048
      }
    }, {
      "language" : "TEXT",
      "partOfTotalProcessingTime" : {
        "part" : 4606624,
        "total" : 36909398952
      },
      "partOfTotalContentLoadingTime" : {
        "part" : 1806675432,
        "total" : 1806089261
      },
      "totalNumberOfFiles" : 1,
      "totalFilesSize" : 12705,
      "totalProcessingSpeed" : {
        "totalBytes" : 12705,
        "totalCpuTime" : 4606624
      }
    } ],
    "totalStatsPerIndexer" : [ {
      "indexId" : "DartPathIndex",
      "partOfTotalIndexingTime" : {
        "part" : 16685434144,
        "total" : 26985663558
      },
      "totalNumberOfFiles" : 684,
      "totalNumberOfFilesIndexedByExtensions" : 0,
      "totalFilesSize" : 9085810,
      "indexValueChangerEvaluationSpeed" : {
        "totalBytes" : 9085810,
        "totalCpuTime" : 16685434144
      }
    }, {
      "indexId" : "Stubs",
      "partOfTotalIndexingTime" : {
        "part" : 2604273753,
        "total" : 26985663558
      },
      "totalNumberOfFiles" : 7,
      "totalNumberOfFilesIndexedByExtensions" : 0,
      "totalFilesSize" : 124873,
      "indexValueChangerEvaluationSpeed" : {
        "totalBytes" : 124873,
        "totalCpuTime" : 2604273753
      }
    }, {
      "indexId" : "IdIndex",
      "partOfTotalIndexingTime" : {
        "part" : 2028082034,
        "total" : 26985663558
      },
      "totalNumberOfFiles" : 702,
      "totalNumberOfFilesIndexedByExtensions" : 0,
      "totalFilesSize" : 9243074,
      "indexValueChangerEvaluationSpeed" : {
        "totalBytes" : 9243074,
        "totalCpuTime" : 2028082034
      }
    }, {
      "indexId" : "fileIncludes",
      "partOfTotalIndexingTime" : {
        "part" : 1768204291,
        "total" : 26985663558
      },
      "totalNumberOfFiles" : 4,
      "totalNumberOfFilesIndexedByExtensions" : 0,
      "totalFilesSize" : 123576,
      "indexValueChangerEvaluationSpeed" : {
        "totalBytes" : 123576,
        "totalCpuTime" : 1768204291
      }
    }, {
      "indexId" : "js.test.names",
      "partOfTotalIndexingTime" : {
        "part" : 1019519983,
        "total" : 26985663558
      },
      "totalNumberOfFiles" : 3,
      "totalNumberOfFilesIndexedByExtensions" : 0,
      "totalFilesSize" : 121640,
      "indexValueChangerEvaluationSpeed" : {
        "totalBytes" : 121640,
        "totalCpuTime" : 1019519983
      }
    }, {
      "indexId" : "Trigram.Index",
      "partOfTotalIndexingTime" : {
        "part" : 822362320,
        "total" : 26985663558
      },
      "totalNumberOfFiles" : 702,
      "totalNumberOfFilesIndexedByExtensions" : 0,
      "totalFilesSize" : 9243074,
      "indexValueChangerEvaluationSpeed" : {
        "totalBytes" : 9243074,
        "totalCpuTime" : 822362320
      }
    }, {
      "indexId" : "DartImportIndex",
      "partOfTotalIndexingTime" : {
        "part" : 507555036,
        "total" : 26985663558
      },
      "totalNumberOfFiles" : 684,
      "totalNumberOfFilesIndexedByExtensions" : 0,
      "totalFilesSize" : 9085810,
      "indexValueChangerEvaluationSpeed" : {
        "totalBytes" : 9085810,
        "totalCpuTime" : 507555036
      }
    }, {
      "indexId" : "DartComponentIndex",
      "partOfTotalIndexingTime" : {
        "part" : 462495770,
        "total" : 26985663558
      },
      "totalNumberOfFiles" : 684,
      "totalNumberOfFilesIndexedByExtensions" : 0,
      "totalFilesSize" : 9085810,
      "indexValueChangerEvaluationSpeed" : {
        "totalBytes" : 9085810,
        "totalCpuTime" : 462495770
      }
    }, {
      "indexId" : "DartLibraryIndex",
      "partOfTotalIndexingTime" : {
        "part" : 363855610,
        "total" : 26985663558
      },
      "totalNumberOfFiles" : 684,
      "totalNumberOfFilesIndexedByExtensions" : 0,
      "totalFilesSize" : 9085810,
      "indexValueChangerEvaluationSpeed" : {
        "totalBytes" : 9085810,
        "totalCpuTime" : 363855610
      }
    }, {
      "indexId" : "DartSymbolIndex",
      "partOfTotalIndexingTime" : {
        "part" : 278703224,
        "total" : 26985663558
      },
      "totalNumberOfFiles" : 684,
      "totalNumberOfFilesIndexedByExtensions" : 0,
      "totalFilesSize" : 9085810,
      "indexValueChangerEvaluationSpeed" : {
        "totalBytes" : 9085810,
        "totalCpuTime" : 278703224
      }
    }, {
      "indexId" : "DartClassIndex",
      "partOfTotalIndexingTime" : {
        "part" : 272908808,
        "total" : 26985663558
      },
      "totalNumberOfFiles" : 684,
      "totalNumberOfFilesIndexedByExtensions" : 0,
      "totalFilesSize" : 9085810,
      "indexValueChangerEvaluationSpeed" : {
        "totalBytes" : 9085810,
        "totalCpuTime" : 272908808
      }
    }, {
      "indexId" : "WebComponentsIndex",
      "partOfTotalIndexingTime" : {
        "part" : 50039251,
        "total" : 26985663558
      },
      "totalNumberOfFiles" : 1,
      "totalNumberOfFilesIndexedByExtensions" : 0,
      "totalFilesSize" : 1936,
      "indexValueChangerEvaluationSpeed" : {
        "totalBytes" : 1936,
        "totalCpuTime" : 50039251
      }
    }, {
      "indexId" : "js.implicit.elements.index",
      "partOfTotalIndexingTime" : {
        "part" : 28681581,
        "total" : 26985663558
      },
      "totalNumberOfFiles" : 1,
      "totalNumberOfFilesIndexedByExtensions" : 0,
      "totalFilesSize" : 1936,
      "indexValueChangerEvaluationSpeed" : {
        "totalBytes" : 1936,
        "totalCpuTime" : 28681581
      }
    }, {
      "indexId" : "HtmlTagIdIndex",
      "partOfTotalIndexingTime" : {
        "part" : 26253788,
        "total" : 26985663558
      },
      "totalNumberOfFiles" : 1,
      "totalNumberOfFilesIndexedByExtensions" : 0,
      "totalFilesSize" : 1936,
      "indexValueChangerEvaluationSpeed" : {
        "totalBytes" : 1936,
        "totalCpuTime" : 26253788
      }
    }, {
      "indexId" : "yaml.keys.name",
      "partOfTotalIndexingTime" : {
        "part" : 25966870,
        "total" : 26985663558
      },
      "totalNumberOfFiles" : 1,
      "totalNumberOfFilesIndexedByExtensions" : 0,
      "totalFilesSize" : 16524,
      "indexValueChangerEvaluationSpeed" : {
        "totalBytes" : 16524,
        "totalCpuTime" : 25966870
      }
    }, {
      "indexId" : "CssIndex",
      "partOfTotalIndexingTime" : {
        "part" : 19691435,
        "total" : 26985663558
      },
      "totalNumberOfFiles" : 1,
      "totalNumberOfFilesIndexedByExtensions" : 0,
      "totalFilesSize" : 1936,
      "indexValueChangerEvaluationSpeed" : {
        "totalBytes" : 1936,
        "totalCpuTime" : 19691435
      }
    }, {
      "indexId" : "org.jetbrains.kotlin.idea.versions.KotlinJsMetadataVersionIndex",
      "partOfTotalIndexingTime" : {
        "part" : 6114983,
        "total" : 26985663558
      },
      "totalNumberOfFiles" : 3,
      "totalNumberOfFilesIndexedByExtensions" : 0,
      "totalFilesSize" : 121640,
      "indexValueChangerEvaluationSpeed" : {
        "totalBytes" : 121640,
        "totalCpuTime" : 6114983
      }
    }, {
      "indexId" : "css.template.selectors",
      "partOfTotalIndexingTime" : {
        "part" : 5669938,
        "total" : 26985663558
      },
      "totalNumberOfFiles" : 1,
      "totalNumberOfFilesIndexedByExtensions" : 0,
      "totalFilesSize" : 1936,
      "indexValueChangerEvaluationSpeed" : {
        "totalBytes" : 1936,
        "totalCpuTime" : 5669938
      }
    }, {
      "indexId" : "html5.custom.attributes.index",
      "partOfTotalIndexingTime" : {
        "part" : 3728142,
        "total" : 26985663558
      },
      "totalNumberOfFiles" : 1,
      "totalNumberOfFilesIndexedByExtensions" : 0,
      "totalFilesSize" : 1936,
      "indexValueChangerEvaluationSpeed" : {
        "totalBytes" : 1936,
        "totalCpuTime" : 3728142
      }
    }, {
      "indexId" : "SwReferencesIndex",
      "partOfTotalIndexingTime" : {
        "part" : 1420413,
        "total" : 26985663558
      },
      "totalNumberOfFiles" : 1,
      "totalNumberOfFilesIndexedByExtensions" : 0,
      "totalFilesSize" : 16524,
      "indexValueChangerEvaluationSpeed" : {
        "totalBytes" : 16524,
        "totalCpuTime" : 1420413
      }
    }, {
      "indexId" : "angularjs.template.cache",
      "partOfTotalIndexingTime" : {
        "part" : 1382080,
        "total" : 26985663558
      },
      "totalNumberOfFiles" : 1,
      "totalNumberOfFilesIndexedByExtensions" : 0,
      "totalFilesSize" : 1936,
      "indexValueChangerEvaluationSpeed" : {
        "totalBytes" : 1936,
        "totalCpuTime" : 1382080
      }
    }, {
      "indexId" : "DjangoBlockInheritanceIndex",
      "partOfTotalIndexingTime" : {
        "part" : 822617,
        "total" : 26985663558
      },
      "totalNumberOfFiles" : 1,
      "totalNumberOfFilesIndexedByExtensions" : 0,
      "totalFilesSize" : 1936,
      "indexValueChangerEvaluationSpeed" : {
        "totalBytes" : 1936,
        "totalCpuTime" : 822617
      }
    }, {
      "indexId" : "angularjs.ui.router.views.index",
      "partOfTotalIndexingTime" : {
        "part" : 593751,
        "total" : 26985663558
      },
      "totalNumberOfFiles" : 1,
      "totalNumberOfFilesIndexedByExtensions" : 0,
      "totalFilesSize" : 1936,
      "indexValueChangerEvaluationSpeed" : {
        "totalBytes" : 1936,
        "totalCpuTime" : 593751
      }
    }, {
      "indexId" : "HashFragmentIndex",
      "partOfTotalIndexingTime" : {
        "part" : 469131,
        "total" : 26985663558
      },
      "totalNumberOfFiles" : 1,
      "totalNumberOfFilesIndexedByExtensions" : 0,
      "totalFilesSize" : 516,
      "indexValueChangerEvaluationSpeed" : {
        "totalBytes" : 516,
        "totalCpuTime" : 469131
      }
    }, {
      "indexId" : "HtmlScriptSrcIndex",
      "partOfTotalIndexingTime" : {
        "part" : 369046,
        "total" : 26985663558
      },
      "totalNumberOfFiles" : 1,
      "totalNumberOfFilesIndexedByExtensions" : 0,
      "totalFilesSize" : 1936,
      "indexValueChangerEvaluationSpeed" : {
        "totalBytes" : 1936,
        "totalCpuTime" : 369046
      }
    }, {
      "indexId" : "angularjs.app.index",
      "partOfTotalIndexingTime" : {
        "part" : 247335,
        "total" : 26985663558
      },
      "totalNumberOfFiles" : 1,
      "totalNumberOfFilesIndexedByExtensions" : 0,
      "totalFilesSize" : 1936,
      "indexValueChangerEvaluationSpeed" : {
        "totalBytes" : 1936,
        "totalCpuTime" : 247335
      }
    }, {
      "indexId" : "java.null.method.argument",
      "partOfTotalIndexingTime" : {
        "part" : 209416,
        "total" : 26985663558
      },
      "totalNumberOfFiles" : 1,
      "totalNumberOfFilesIndexedByExtensions" : 0,
      "totalFilesSize" : 516,
      "indexValueChangerEvaluationSpeed" : {
        "totalBytes" : 516,
        "totalCpuTime" : 209416
      }
    }, {
      "indexId" : "OpenapiSpecificationContentIndexer",
      "partOfTotalIndexingTime" : {
        "part" : 187987,
        "total" : 26985663558
      },
      "totalNumberOfFiles" : 1,
      "totalNumberOfFilesIndexedByExtensions" : 0,
      "totalFilesSize" : 16524,
      "indexValueChangerEvaluationSpeed" : {
        "totalBytes" : 16524,
        "totalCpuTime" : 187987
      }
    }, {
      "indexId" : "js.string.literal.words.index",
      "partOfTotalIndexingTime" : {
        "part" : 134519,
        "total" : 26985663558
      },
      "totalNumberOfFiles" : 3,
      "totalNumberOfFilesIndexedByExtensions" : 0,
      "totalFilesSize" : 121640,
      "indexValueChangerEvaluationSpeed" : {
        "totalBytes" : 121640,
        "totalCpuTime" : 134519
      }
    }, {
      "indexId" : "js.custom.single.entry.index",
      "partOfTotalIndexingTime" : {
        "part" : 73857,
        "total" : 26985663558
      },
      "totalNumberOfFiles" : 4,
      "totalNumberOfFilesIndexedByExtensions" : 0,
      "totalFilesSize" : 123576,
      "indexValueChangerEvaluationSpeed" : {
        "totalBytes" : 123576,
        "totalCpuTime" : 73857
      }
    }, {
      "indexId" : "docker.compose.services",
      "partOfTotalIndexingTime" : {
        "part" : 66042,
        "total" : 26985663558
      },
      "totalNumberOfFiles" : 1,
      "totalNumberOfFilesIndexedByExtensions" : 0,
      "totalFilesSize" : 16524,
      "indexValueChangerEvaluationSpeed" : {
        "totalBytes" : 16524,
        "totalCpuTime" : 66042
      }
    }, {
      "indexId" : "FrameworkDetectionIndex",
      "partOfTotalIndexingTime" : {
        "part" : 53961,
        "total" : 26985663558
      },
      "totalNumberOfFiles" : 1,
      "totalNumberOfFilesIndexedByExtensions" : 0,
      "totalFilesSize" : 16524,
      "indexValueChangerEvaluationSpeed" : {
        "totalBytes" : 16524,
        "totalCpuTime" : 53961
      }
    }, {
      "indexId" : "com.android.tools.idea.dagger.index.DaggerIndex",
      "partOfTotalIndexingTime" : {
        "part" : 38252,
        "total" : 26985663558
      },
      "totalNumberOfFiles" : 1,
      "totalNumberOfFilesIndexedByExtensions" : 0,
      "totalFilesSize" : 516,
      "indexValueChangerEvaluationSpeed" : {
        "totalBytes" : 516,
        "totalCpuTime" : 38252
      }
    }, {
      "indexId" : "java.fun.expression",
      "partOfTotalIndexingTime" : {
        "part" : 20420,
        "total" : 26985663558
      },
      "totalNumberOfFiles" : 1,
      "totalNumberOfFilesIndexedByExtensions" : 0,
      "totalFilesSize" : 516,
      "indexValueChangerEvaluationSpeed" : {
        "totalBytes" : 516,
        "totalCpuTime" : 20420
      }
    }, {
      "indexId" : "java.binary.plus.expression",
      "partOfTotalIndexingTime" : {
        "part" : 20338,
        "total" : 26985663558
      },
      "totalNumberOfFiles" : 1,
      "totalNumberOfFilesIndexedByExtensions" : 0,
      "totalFilesSize" : 516,
      "indexValueChangerEvaluationSpeed" : {
        "totalBytes" : 516,
        "totalCpuTime" : 20338
      }
    }, {
      "indexId" : "java.cucumber.java8.step",
      "partOfTotalIndexingTime" : {
        "part" : 13432,
        "total" : 26985663558
      },
      "totalNumberOfFiles" : 1,
      "totalNumberOfFilesIndexedByExtensions" : 0,
      "totalFilesSize" : 516,
      "indexValueChangerEvaluationSpeed" : {
        "totalBytes" : 516,
        "totalCpuTime" : 13432
      }
    } ],
    "statisticsOfChangedDuringIndexingFiles" : {
      "numberOfFiles" : 14,
      "retrievingTime" : 159141
    },
    "fileProviderStatistics" : [ {
      "providerName" : "Library Dart Packages (#73 class roots, #0 source roots)",
      "totalNumberOfIndexedFiles" : 691,
      "totalNumberOfFilesFullyIndexedByExtensions" : 0,
      "totalNumberOfNothingToWriteFiles" : 0,
      "totalIndexingVisibleTime" : 13478639684,
      "contentLoadingVisibleTime" : 659046825,
      "numberOfTooLargeForIndexingFiles" : 0,
      "slowIndexedFiles" : [ {
        "fileName" : "ast.dart",
        "processingTime" : 523362948,
        "evaluationOfIndexValueChangerTime" : 504991643,
        "contentLoadingTime" : 6665938
      }, {
        "fileName" : "element.dart",
        "processingTime" : 548046247,
        "evaluationOfIndexValueChangerTime" : 522604328,
        "contentLoadingTime" : 3975201
      }, {
        "fileName" : "codes_generated.dart",
        "processingTime" : 1042907064,
        "evaluationOfIndexValueChangerTime" : 875718435,
        "contentLoadingTime" : 6246004
      }, {
        "fileName" : "ast.dart",
        "processingTime" : 1054472760,
        "evaluationOfIndexValueChangerTime" : 1033465258,
        "contentLoadingTime" : 3967748
      }, {
        "fileName" : "codes.g.dart",
        "processingTime" : 731354038,
        "evaluationOfIndexValueChangerTime" : 696285174,
        "contentLoadingTime" : 4309743
      }, {
        "fileName" : "visitor.dart",
        "processingTime" : 1323946124,
        "evaluationOfIndexValueChangerTime" : 1317363951,
        "contentLoadingTime" : 1322698
      }, {
        "fileName" : "graph_viz.js",
        "processingTime" : 1196759791,
        "evaluationOfIndexValueChangerTime" : 1176509594,
        "contentLoadingTime" : 608060
      }, {
        "fileName" : "live_reload_client.js",
        "processingTime" : 1138334759,
        "evaluationOfIndexValueChangerTime" : 1116467166,
        "contentLoadingTime" : 1399517
      }, {
        "fileName" : "graph_viz.html",
        "processingTime" : 2302970598,
        "evaluationOfIndexValueChangerTime" : 159487513,
        "contentLoadingTime" : 199102309
      }, {
        "fileName" : "graph_viz_main.dart.js",
        "processingTime" : 4471050017,
        "evaluationOfIndexValueChangerTime" : 3555565707,
        "contentLoadingTime" : 1643668
      } ],
      "filesFullyIndexedByExtensions" : [ ],
      "separateApplyingIndexesVisibleTime" : 1530074386
    }, {
      "providerName" : "Refreshed files",
      "totalNumberOfIndexedFiles" : 14,
      "totalNumberOfFilesFullyIndexedByExtensions" : 0,
      "totalNumberOfNothingToWriteFiles" : 0,
      "totalIndexingVisibleTime" : 49800010,
      "contentLoadingVisibleTime" : 3606314,
      "numberOfTooLargeForIndexingFiles" : 0,
      "slowIndexedFiles" : [ ],
      "filesFullyIndexedByExtensions" : [ ],
      "separateApplyingIndexesVisibleTime" : 9661566
    } ],
    "visibleTimeToAllThreadTimeRatio" : 0.8486087854132427
  }
}