{
  "appInfo" : {
    "build" : "233.11799.241",
    "buildDate" : "2023-12-02T05:05:00Z[UTC]",
    "productCode" : "IU",
    "generated" : "2024-01-06T11:49:48.811739Z",
    "os" : "macOS 13.6",
    "runtime" : "JetBrains s.r.o. 17.0.9 17.0.9+7-b1087.7"
  },
  "runtimeInfo" : {
    "maxMemory" : 3170893824,
    "numberOfProcessors" : 4,
    "maxNumberOfIndexingThreads" : 3,
    "maxSizeOfFileForIntelliSense" : 2560000,
    "maxSizeOfFileForContentLoading" : 20971520
  },
  "type" : "Scanning",
  "projectIndexingActivityHistory" : {
    "projectName" : "sportlive_monitor",
    "times" : {
      "scanningReason" : "changes in: \"Module 'sportlive_monitor_android' (all roots)\", \"Android SDK Android API 29 Platform /Users/matej/Library/Android/sdk\"",
      "scanningType" : "PARTIAL",
      "scanningId" : 12,
      "creatingIteratorsTime" : 8000,
      "concurrentHandlingWallTimeWithoutPauses" : 26340630000,
      "concurrentHandlingWallTimeWithPauses" : 26340630000,
      "concurrentHandlingSumOfThreadTimesWithPauses" : 26503114824,
      "concurrentIterationAndScannersApplicationSumOfThreadTimesWithPauses" : 16755289004,
      "concurrentFileCheckSumOfThreadTimesWithPauses" : 9746950299,
      "delayedPushPropertiesStageTime" : 3844000,
      "indexExtensionsTime" : 704996794,
      "dumbModeStart" : "2024-01-06T11:49:22.458406Z",
      "dumbWallTimeWithPauses" : 26349471000,
      "dumbWallTimeWithoutPauses" : 26349471000,
      "updatingStart" : "2024-01-06T11:49:22.452974Z",
      "updatingEnd" : "2024-01-06T11:49:48.807877Z",
      "totalWallTimeWithPauses" : 26354100027,
      "wallTimeOnPause" : 0,
      "wasInterrupted" : false,
      "totalWallTimeWithoutPauses" : 26354100027
    },
    "fileCount" : {
      "numberOfFileProviders" : 2,
      "numberOfScannedFiles" : 38722,
      "numberOfFilesIndexedByInfrastructureExtensionsDuringScan" : 0,
      "numberOfFilesScheduledForIndexingAfterScan" : 26212
    },
    "scanningStatistics" : [ {
      "providerName" : "Android SDK Android API 29 Platform /Users/matej/Library/Android/sdk",
      "numberOfScannedFiles" : 38697,
      "numberOfSkippedFiles" : 0,
      "numberOfFilesForIndexing" : 26210,
      "numberOfFilesFullyIndexedByInfrastructureExtensions" : 0,
      "filesFullyIndexedByInfrastructureExtensions" : [ ],
      "statusTime" : 7962840211,
      "totalOneThreadTimeWithPauses" : 26338176225,
      "iterationAndScannersApplicationTime" : 16753604033,
      "filesCheckTime" : 9583864191,
      "timeProcessingUpToDateFiles" : 0,
      "timeUpdatingContentLessIndexes" : 3086537989,
      "timeIndexingWithoutContentViaInfrastructureExtension" : 704912162,
      "roots" : [ ]
    }, {
      "providerName" : "Module 'sportlive_monitor_android' (all roots)",
      "numberOfScannedFiles" : 25,
      "numberOfSkippedFiles" : 0,
      "numberOfFilesForIndexing" : 2,
      "numberOfFilesFullyIndexedByInfrastructureExtensions" : 0,
      "filesFullyIndexedByInfrastructureExtensions" : [ ],
      "statusTime" : 51357231,
      "totalOneThreadTimeWithPauses" : 164938599,
      "iterationAndScannersApplicationTime" : 1684971,
      "filesCheckTime" : 163086108,
      "timeProcessingUpToDateFiles" : 984090,
      "timeUpdatingContentLessIndexes" : 2147067,
      "timeIndexingWithoutContentViaInfrastructureExtension" : 84632,
      "roots" : [ ]
    } ]
  }
}