{
  "appInfo" : {
    "build" : "233.11799.241",
    "buildDate" : "2023-12-02T05:05:00Z[UTC]",
    "productCode" : "IU",
    "generated" : "2024-01-06T12:30:57.582729Z",
    "os" : "macOS 13.6",
    "runtime" : "JetBrains s.r.o. 17.0.9 17.0.9+7-b1087.7"
  },
  "runtimeInfo" : {
    "maxMemory" : 3170893824,
    "numberOfProcessors" : 4,
    "maxNumberOfIndexingThreads" : 3,
    "maxSizeOfFileForIntelliSense" : 2560000,
    "maxSizeOfFileForContentLoading" : 20971520
  },
  "type" : "DumbIndexing",
  "projectIndexingActivityHistory" : {
    "projectName" : "sportlive_monitor",
    "times" : {
      "scanningIds" : [ 20 ],
      "contentLoadingVisibleTime" : 1560842069,
      "retrievingChangedDuringIndexingFilesTime" : 222653,
      "separateApplyingIndexesVisibleTime" : 3926942344,
      "updatingStart" : "2024-01-06T12:30:36.19976Z",
      "updatingEnd" : "2024-01-06T12:30:57.580285Z",
      "totalWallTimeWithPauses" : 21383249398,
      "wallTimeOnPause" : 0,
      "wasInterrupted" : false,
      "dumbWallTimeWithPauses" : 21383249398,
      "dumbWallTimeWithoutPauses" : 21383249398,
      "dumbModeStart" : "2024-01-06T12:30:36.19976Z",
      "totalWallTimeWithoutPauses" : 21383249398
    },
    "fileCount" : {
      "numberOfChangedDuringIndexingFiles" : 0,
      "numberOfFilesIndexedByInfrastructureExtensionsDuringIndexingStage" : 0,
      "numberOfFilesIndexedWithLoadingContent" : 3866,
      "numberOfNothingToWriteFiles" : 0
    },
    "totalStatsPerFileType" : [ {
      "fileType" : "CLASS",
      "partOfTotalProcessingTime" : {
        "part" : 30599503894,
        "total" : 62763874074
      },
      "partOfTotalContentLoadingTime" : {
        "part" : 2844290799,
        "total" : 4613669290
      },
      "totalNumberOfFiles" : 3000,
      "totalFilesSize" : 12664013,
      "totalProcessingSpeed" : {
        "totalBytes" : 12664013,
        "totalCpuTime" : 30599503894
      },
      "biggestContributors" : [ {
        "providerName" : "Library KotlinJavaRuntime (#3 class roots, #3 source roots)",
        "numberOfFiles" : 3000,
        "totalFilesSize" : 12664013,
        "partOfTotalProcessingTimeOfThisFileType" : {
          "part" : 30599503894,
          "total" : 30599503894
        }
      } ]
    }, {
      "fileType" : "Kotlin",
      "partOfTotalProcessingTime" : {
        "part" : 30161360248,
        "total" : 62763874074
      },
      "partOfTotalContentLoadingTime" : {
        "part" : 1487784755,
        "total" : 4613669290
      },
      "totalNumberOfFiles" : 694,
      "totalFilesSize" : 5172772,
      "totalProcessingSpeed" : {
        "totalBytes" : 5172772,
        "totalCpuTime" : 30161360248
      },
      "biggestContributors" : [ {
        "providerName" : "Library KotlinJavaRuntime (#3 class roots, #3 source roots)",
        "numberOfFiles" : 694,
        "totalFilesSize" : 5172772,
        "partOfTotalProcessingTimeOfThisFileType" : {
          "part" : 30161360248,
          "total" : 30161360248
        }
      } ]
    }, {
      "fileType" : "JAVA",
      "partOfTotalProcessingTime" : {
        "part" : 792503192,
        "total" : 62763874074
      },
      "partOfTotalContentLoadingTime" : {
        "part" : 247401622,
        "total" : 4613669290
      },
      "totalNumberOfFiles" : 136,
      "totalFilesSize" : 686731,
      "totalProcessingSpeed" : {
        "totalBytes" : 686731,
        "totalCpuTime" : 792503192
      },
      "biggestContributors" : [ {
        "providerName" : "Library KotlinJavaRuntime (#3 class roots, #3 source roots)",
        "numberOfFiles" : 136,
        "totalFilesSize" : 686731,
        "partOfTotalProcessingTimeOfThisFileType" : {
          "part" : 792503192,
          "total" : 792503192
        }
      } ]
    }, {
      "fileType" : "kotlin_builtins",
      "partOfTotalProcessingTime" : {
        "part" : 763406246,
        "total" : 62763874074
      },
      "partOfTotalContentLoadingTime" : {
        "part" : 3282343,
        "total" : 4613669290
      },
      "totalNumberOfFiles" : 7,
      "totalFilesSize" : 29894,
      "totalProcessingSpeed" : {
        "totalBytes" : 29894,
        "totalCpuTime" : 763406246
      },
      "biggestContributors" : [ {
        "providerName" : "Library KotlinJavaRuntime (#3 class roots, #3 source roots)",
        "numberOfFiles" : 7,
        "totalFilesSize" : 29894,
        "partOfTotalProcessingTimeOfThisFileType" : {
          "part" : 763406246,
          "total" : 763406246
        }
      } ]
    }, {
      "fileType" : "kotlin_module",
      "partOfTotalProcessingTime" : {
        "part" : 184405554,
        "total" : 62763874074
      },
      "partOfTotalContentLoadingTime" : {
        "part" : 25332929,
        "total" : 4613669290
      },
      "totalNumberOfFiles" : 16,
      "totalFilesSize" : 17798,
      "totalProcessingSpeed" : {
        "totalBytes" : 17798,
        "totalCpuTime" : 184405554
      },
      "biggestContributors" : [ {
        "providerName" : "Library KotlinJavaRuntime (#3 class roots, #3 source roots)",
        "numberOfFiles" : 16,
        "totalFilesSize" : 17798,
        "partOfTotalProcessingTimeOfThisFileType" : {
          "part" : 184405554,
          "total" : 184405554
        }
      } ]
    }, {
      "fileType" : "Shrinker Config File",
      "partOfTotalProcessingTime" : {
        "part" : 117472504,
        "total" : 62763874074
      },
      "partOfTotalContentLoadingTime" : {
        "part" : 1618764,
        "total" : 4613669290
      },
      "totalNumberOfFiles" : 4,
      "totalFilesSize" : 5342,
      "totalProcessingSpeed" : {
        "totalBytes" : 5342,
        "totalCpuTime" : 117472504
      },
      "biggestContributors" : [ {
        "providerName" : "Library KotlinJavaRuntime (#3 class roots, #3 source roots)",
        "numberOfFiles" : 4,
        "totalFilesSize" : 5342,
        "partOfTotalProcessingTimeOfThisFileType" : {
          "part" : 117472504,
          "total" : 117472504
        }
      } ]
    }, {
      "fileType" : "Manifest",
      "partOfTotalProcessingTime" : {
        "part" : 82646628,
        "total" : 62763874074
      },
      "partOfTotalContentLoadingTime" : {
        "part" : 1708414,
        "total" : 4613669290
      },
      "totalNumberOfFiles" : 6,
      "totalFilesSize" : 713,
      "totalProcessingSpeed" : {
        "totalBytes" : 713,
        "totalCpuTime" : 82646628
      },
      "biggestContributors" : [ {
        "providerName" : "Library KotlinJavaRuntime (#3 class roots, #3 source roots)",
        "numberOfFiles" : 6,
        "totalFilesSize" : 713,
        "partOfTotalProcessingTimeOfThisFileType" : {
          "part" : 82646628,
          "total" : 82646628
        }
      } ]
    }, {
      "fileType" : "Markdown",
      "partOfTotalProcessingTime" : {
        "part" : 50822797,
        "total" : 62763874074
      },
      "partOfTotalContentLoadingTime" : {
        "part" : 619819,
        "total" : 4613669290
      },
      "totalNumberOfFiles" : 1,
      "totalFilesSize" : 6728,
      "totalProcessingSpeed" : {
        "totalBytes" : 6728,
        "totalCpuTime" : 50822797
      },
      "biggestContributors" : [ {
        "providerName" : "Library KotlinJavaRuntime (#3 class roots, #3 source roots)",
        "numberOfFiles" : 1,
        "totalFilesSize" : 6728,
        "partOfTotalProcessingTimeOfThisFileType" : {
          "part" : 50822797,
          "total" : 50822797
        }
      } ]
    }, {
      "fileType" : "SPI",
      "partOfTotalProcessingTime" : {
        "part" : 11753011,
        "total" : 62763874074
      },
      "partOfTotalContentLoadingTime" : {
        "part" : 1629845,
        "total" : 4613669290
      },
      "totalNumberOfFiles" : 2,
      "totalFilesSize" : 325,
      "totalProcessingSpeed" : {
        "totalBytes" : 325,
        "totalCpuTime" : 11753011
      },
      "biggestContributors" : [ {
        "providerName" : "Library KotlinJavaRuntime (#3 class roots, #3 source roots)",
        "numberOfFiles" : 2,
        "totalFilesSize" : 325,
        "partOfTotalProcessingTimeOfThisFileType" : {
          "part" : 11753011,
          "total" : 11753011
        }
      } ]
    } ],
    "totalStatsPerBaseLanguage" : [ {
      "language" : "kotlin",
      "partOfTotalProcessingTime" : {
        "part" : 30161360248,
        "total" : 62763874074
      },
      "partOfTotalContentLoadingTime" : {
        "part" : 6101454045,
        "total" : 4613669290
      },
      "totalNumberOfFiles" : 694,
      "totalFilesSize" : 5172772,
      "totalProcessingSpeed" : {
        "totalBytes" : 5172772,
        "totalCpuTime" : 30161360248
      }
    }, {
      "language" : "JAVA",
      "partOfTotalProcessingTime" : {
        "part" : 792503192,
        "total" : 62763874074
      },
      "partOfTotalContentLoadingTime" : {
        "part" : 4861070912,
        "total" : 4613669290
      },
      "totalNumberOfFiles" : 136,
      "totalFilesSize" : 686731,
      "totalProcessingSpeed" : {
        "totalBytes" : 686731,
        "totalCpuTime" : 792503192
      }
    }, {
      "language" : "SHRINKER_CONFIG",
      "partOfTotalProcessingTime" : {
        "part" : 117472504,
        "total" : 62763874074
      },
      "partOfTotalContentLoadingTime" : {
        "part" : 4615288054,
        "total" : 4613669290
      },
      "totalNumberOfFiles" : 4,
      "totalFilesSize" : 5342,
      "totalProcessingSpeed" : {
        "totalBytes" : 5342,
        "totalCpuTime" : 117472504
      }
    }, {
      "language" : "Manifest",
      "partOfTotalProcessingTime" : {
        "part" : 82646628,
        "total" : 62763874074
      },
      "partOfTotalContentLoadingTime" : {
        "part" : 4615377704,
        "total" : 4613669290
      },
      "totalNumberOfFiles" : 6,
      "totalFilesSize" : 713,
      "totalProcessingSpeed" : {
        "totalBytes" : 713,
        "totalCpuTime" : 82646628
      }
    }, {
      "language" : "Markdown",
      "partOfTotalProcessingTime" : {
        "part" : 50822797,
        "total" : 62763874074
      },
      "partOfTotalContentLoadingTime" : {
        "part" : 4614289109,
        "total" : 4613669290
      },
      "totalNumberOfFiles" : 1,
      "totalFilesSize" : 6728,
      "totalProcessingSpeed" : {
        "totalBytes" : 6728,
        "totalCpuTime" : 50822797
      }
    }, {
      "language" : "SPI",
      "partOfTotalProcessingTime" : {
        "part" : 11753011,
        "total" : 62763874074
      },
      "partOfTotalContentLoadingTime" : {
        "part" : 4615299135,
        "total" : 4613669290
      },
      "totalNumberOfFiles" : 2,
      "totalFilesSize" : 325,
      "totalProcessingSpeed" : {
        "totalBytes" : 325,
        "totalCpuTime" : 11753011
      }
    } ],
    "totalStatsPerIndexer" : [ {
      "indexId" : "Stubs",
      "partOfTotalIndexingTime" : {
        "part" : 21060352667,
        "total" : 43094236731
      },
      "totalNumberOfFiles" : 3702,
      "totalNumberOfFilesIndexedByExtensions" : 0,
      "totalFilesSize" : 17873407,
      "indexValueChangerEvaluationSpeed" : {
        "totalBytes" : 17873407,
        "totalCpuTime" : 21060352667
      }
    }, {
      "indexId" : "org.jetbrains.kotlin.idea.vfilefinder.KotlinShortClassNameFileIndex",
      "partOfTotalIndexingTime" : {
        "part" : 10035067902,
        "total" : 43094236731
      },
      "totalNumberOfFiles" : 3701,
      "totalNumberOfFilesIndexedByExtensions" : 0,
      "totalFilesSize" : 17866679,
      "indexValueChangerEvaluationSpeed" : {
        "totalBytes" : 17866679,
        "totalCpuTime" : 10035067902
      }
    }, {
      "indexId" : "org.jetbrains.kotlin.idea.vfilefinder.KotlinPartialPackageNamesIndex",
      "partOfTotalIndexingTime" : {
        "part" : 6543440265,
        "total" : 43094236731
      },
      "totalNumberOfFiles" : 3701,
      "totalNumberOfFilesIndexedByExtensions" : 0,
      "totalFilesSize" : 17866679,
      "indexValueChangerEvaluationSpeed" : {
        "totalBytes" : 17866679,
        "totalCpuTime" : 6543440265
      }
    }, {
      "indexId" : "IdIndex",
      "partOfTotalIndexingTime" : {
        "part" : 2548182583,
        "total" : 43094236731
      },
      "totalNumberOfFiles" : 843,
      "totalNumberOfFilesIndexedByExtensions" : 0,
      "totalFilesSize" : 5872611,
      "indexValueChangerEvaluationSpeed" : {
        "totalBytes" : 5872611,
        "totalCpuTime" : 2548182583
      }
    }, {
      "indexId" : "org.jetbrains.kotlin.idea.base.indices.names.KotlinTopLevelCallableByPackageShortNameIndex",
      "partOfTotalIndexingTime" : {
        "part" : 802125783,
        "total" : 43094236731
      },
      "totalNumberOfFiles" : 3701,
      "totalNumberOfFilesIndexedByExtensions" : 0,
      "totalFilesSize" : 17866679,
      "indexValueChangerEvaluationSpeed" : {
        "totalBytes" : 17866679,
        "totalCpuTime" : 802125783
      }
    }, {
      "indexId" : "bytecodeAnalysis",
      "partOfTotalIndexingTime" : {
        "part" : 571876257,
        "total" : 43094236731
      },
      "totalNumberOfFiles" : 3000,
      "totalNumberOfFilesIndexedByExtensions" : 0,
      "totalFilesSize" : 12664013,
      "indexValueChangerEvaluationSpeed" : {
        "totalBytes" : 12664013,
        "totalCpuTime" : 571876257
      }
    }, {
      "indexId" : "org.jetbrains.kotlin.idea.base.indices.names.KotlinTopLevelClassLikeDeclarationByPackageShortNameIndex",
      "partOfTotalIndexingTime" : {
        "part" : 490114184,
        "total" : 43094236731
      },
      "totalNumberOfFiles" : 3701,
      "totalNumberOfFilesIndexedByExtensions" : 0,
      "totalFilesSize" : 17866679,
      "indexValueChangerEvaluationSpeed" : {
        "totalBytes" : 17866679,
        "totalCpuTime" : 490114184
      }
    }, {
      "indexId" : "Trigram.Index",
      "partOfTotalIndexingTime" : {
        "part" : 404171708,
        "total" : 43094236731
      },
      "totalNumberOfFiles" : 843,
      "totalNumberOfFilesIndexedByExtensions" : 0,
      "totalFilesSize" : 5872611,
      "indexValueChangerEvaluationSpeed" : {
        "totalBytes" : 5872611,
        "totalCpuTime" : 404171708
      }
    }, {
      "indexId" : "org.jetbrains.kotlin.idea.versions.KotlinJvmMetadataVersionIndex",
      "partOfTotalIndexingTime" : {
        "part" : 339487291,
        "total" : 43094236731
      },
      "totalNumberOfFiles" : 3000,
      "totalNumberOfFilesIndexedByExtensions" : 0,
      "totalFilesSize" : 12664013,
      "indexValueChangerEvaluationSpeed" : {
        "totalBytes" : 12664013,
        "totalCpuTime" : 339487291
      }
    }, {
      "indexId" : "org.jetbrains.kotlin.idea.vfilefinder.KotlinClassFileIndex",
      "partOfTotalIndexingTime" : {
        "part" : 83025931,
        "total" : 43094236731
      },
      "totalNumberOfFiles" : 3000,
      "totalNumberOfFilesIndexedByExtensions" : 0,
      "totalFilesSize" : 12664013,
      "indexValueChangerEvaluationSpeed" : {
        "totalBytes" : 12664013,
        "totalCpuTime" : 83025931
      }
    }, {
      "indexId" : "org.jetbrains.kotlin.idea.vfilefinder.KotlinModuleMappingIndex",
      "partOfTotalIndexingTime" : {
        "part" : 74607683,
        "total" : 43094236731
      },
      "totalNumberOfFiles" : 16,
      "totalNumberOfFilesIndexedByExtensions" : 0,
      "totalFilesSize" : 17798,
      "indexValueChangerEvaluationSpeed" : {
        "totalBytes" : 17798,
        "totalCpuTime" : 74607683
      }
    }, {
      "indexId" : "org.jetbrains.kotlin.idea.vfilefinder.KotlinPackageSourcesMemberNamesIndex",
      "partOfTotalIndexingTime" : {
        "part" : 38331379,
        "total" : 43094236731
      },
      "totalNumberOfFiles" : 694,
      "totalNumberOfFilesIndexedByExtensions" : 0,
      "totalFilesSize" : 5172772,
      "indexValueChangerEvaluationSpeed" : {
        "totalBytes" : 5172772,
        "totalCpuTime" : 38331379
      }
    }, {
      "indexId" : "org.jetbrains.kotlin.idea.vfilefinder.KotlinBuiltInsMetadataIndex",
      "partOfTotalIndexingTime" : {
        "part" : 32769431,
        "total" : 43094236731
      },
      "totalNumberOfFiles" : 7,
      "totalNumberOfFilesIndexedByExtensions" : 0,
      "totalFilesSize" : 29894,
      "indexValueChangerEvaluationSpeed" : {
        "totalBytes" : 29894,
        "totalCpuTime" : 32769431
      }
    }, {
      "indexId" : "org.jetbrains.kotlin.idea.vfilefinder.KotlinMetadataFilePackageIndex",
      "partOfTotalIndexingTime" : {
        "part" : 28755627,
        "total" : 43094236731
      },
      "totalNumberOfFiles" : 7,
      "totalNumberOfFilesIndexedByExtensions" : 0,
      "totalFilesSize" : 29894,
      "indexValueChangerEvaluationSpeed" : {
        "totalBytes" : 29894,
        "totalCpuTime" : 28755627
      }
    }, {
      "indexId" : "org.jetbrains.kotlin.idea.vfilefinder.KotlinMetadataFileIndex",
      "partOfTotalIndexingTime" : {
        "part" : 27630850,
        "total" : 43094236731
      },
      "totalNumberOfFiles" : 7,
      "totalNumberOfFilesIndexedByExtensions" : 0,
      "totalFilesSize" : 29894,
      "indexValueChangerEvaluationSpeed" : {
        "totalBytes" : 29894,
        "totalCpuTime" : 27630850
      }
    }, {
      "indexId" : "org.jetbrains.kotlin.idea.vfilefinder.KotlinJvmModuleAnnotationsIndex",
      "partOfTotalIndexingTime" : {
        "part" : 12824298,
        "total" : 43094236731
      },
      "totalNumberOfFiles" : 16,
      "totalNumberOfFilesIndexedByExtensions" : 0,
      "totalFilesSize" : 17798,
      "indexValueChangerEvaluationSpeed" : {
        "totalBytes" : 17798,
        "totalCpuTime" : 12824298
      }
    }, {
      "indexId" : "org.jetbrains.kotlin.idea.vfilefinder.KotlinStdlibIndex",
      "partOfTotalIndexingTime" : {
        "part" : 1136660,
        "total" : 43094236731
      },
      "totalNumberOfFiles" : 6,
      "totalNumberOfFilesIndexedByExtensions" : 0,
      "totalFilesSize" : 713,
      "indexValueChangerEvaluationSpeed" : {
        "totalBytes" : 713,
        "totalCpuTime" : 1136660
      }
    }, {
      "indexId" : "java.source.module.name",
      "partOfTotalIndexingTime" : {
        "part" : 336232,
        "total" : 43094236731
      },
      "totalNumberOfFiles" : 6,
      "totalNumberOfFilesIndexedByExtensions" : 0,
      "totalFilesSize" : 713,
      "indexValueChangerEvaluationSpeed" : {
        "totalBytes" : 713,
        "totalCpuTime" : 336232
      }
    } ],
    "statisticsOfChangedDuringIndexingFiles" : {
      "numberOfFiles" : 0,
      "retrievingTime" : 222653
    },
    "fileProviderStatistics" : [ {
      "providerName" : "Library KotlinJavaRuntime (#3 class roots, #3 source roots)",
      "totalNumberOfIndexedFiles" : 3866,
      "totalNumberOfFilesFullyIndexedByExtensions" : 0,
      "totalNumberOfNothingToWriteFiles" : 0,
      "totalIndexingVisibleTime" : 21233532130,
      "contentLoadingVisibleTime" : 1560842069,
      "numberOfTooLargeForIndexingFiles" : 0,
      "slowIndexedFiles" : [ {
        "fileName" : "_Collections.kt",
        "processingTime" : 704190581,
        "evaluationOfIndexValueChangerTime" : 695459319,
        "contentLoadingTime" : 1790588
      }, {
        "fileName" : "Asserter.class",
        "processingTime" : 764211477,
        "evaluationOfIndexValueChangerTime" : 3664860,
        "contentLoadingTime" : 28008301
      }, {
        "fileName" : "UtilsKt.class",
        "processingTime" : 765590441,
        "evaluationOfIndexValueChangerTime" : 3945024,
        "contentLoadingTime" : 1349190
      }, {
        "fileName" : "AssertionsKt.class",
        "processingTime" : 772597083,
        "evaluationOfIndexValueChangerTime" : 745830955,
        "contentLoadingTime" : 2083070
      }, {
        "fileName" : "UArraysKt.class",
        "processingTime" : 832169101,
        "evaluationOfIndexValueChangerTime" : 825857937,
        "contentLoadingTime" : 234338
      }, {
        "fileName" : "ArraysKt.class",
        "processingTime" : 1857411421,
        "evaluationOfIndexValueChangerTime" : 1849968713,
        "contentLoadingTime" : 1816878
      }, {
        "fileName" : "PathsKt.class",
        "processingTime" : 789542148,
        "evaluationOfIndexValueChangerTime" : 777732158,
        "contentLoadingTime" : 4297674
      }, {
        "fileName" : "StringsKt.class",
        "processingTime" : 1043746760,
        "evaluationOfIndexValueChangerTime" : 500191812,
        "contentLoadingTime" : 493195
      }, {
        "fileName" : "_Arrays.kt",
        "processingTime" : 3653206044,
        "evaluationOfIndexValueChangerTime" : 3625849485,
        "contentLoadingTime" : 8746188
      }, {
        "fileName" : "_UArrays.kt",
        "processingTime" : 1658258678,
        "evaluationOfIndexValueChangerTime" : 1647824960,
        "contentLoadingTime" : 4161415
      } ],
      "filesFullyIndexedByExtensions" : [ ],
      "separateApplyingIndexesVisibleTime" : 3926942344
    }, {
      "providerName" : "Refreshed files",
      "totalNumberOfIndexedFiles" : 0,
      "totalNumberOfFilesFullyIndexedByExtensions" : 0,
      "totalNumberOfNothingToWriteFiles" : 0,
      "totalIndexingVisibleTime" : 0,
      "contentLoadingVisibleTime" : 0,
      "numberOfTooLargeForIndexingFiles" : 0,
      "slowIndexedFiles" : [ ],
      "filesFullyIndexedByExtensions" : [ ],
      "separateApplyingIndexesVisibleTime" : 0
    } ],
    "visibleTimeToAllThreadTimeRatio" : 0.0
  }
}