{"@type":"excluded","time":"2024-01-06T12:49:17.613441+01:00[Europe/Zagreb]","kind":"bundled","chunkUniqueId":"bundled-js-predefined-1d06a55b98c1-56bbcd2c060c-JavaScript-IU-233.11799.241"}
{"@type":"excluded","time":"2024-01-06T13:30:28.33639+01:00[Europe/Zagreb]","kind":"bundled","chunkUniqueId":"bundled-js-predefined-1d06a55b98c1-56bbcd2c060c-JavaScript-IU-233.11799.241"}
{"@type":"excluded","time":"2024-01-07T18:22:18.418468+01:00[Europe/Zagreb]","kind":"bundled","chunkUniqueId":"bundled-js-predefined-1d06a55b98c1-56bbcd2c060c-JavaScript-IU-233.11799.241"}
{"@type":"excluded","time":"2024-01-08T01:49:38.974505+01:00[Europe/Zagreb]","kind":"bundled","chunkUniqueId":"bundled-js-predefined-1d06a55b98c1-56bbcd2c060c-JavaScript-IU-233.11799.241"}
{"@type":"excluded","time":"2024-01-08T05:17:14.289269+01:00[Europe/Zagreb]","kind":"bundled","chunkUniqueId":"bundled-js-predefined-1d06a55b98c1-56bbcd2c060c-JavaScript-IU-233.11799.241"}
