{
  "appInfo" : {
    "build" : "233.11799.241",
    "buildDate" : "2023-12-02T05:05:00Z[UTC]",
    "productCode" : "IU",
    "generated" : "2024-01-18T23:24:17.64157Z",
    "os" : "macOS 13.6",
    "runtime" : "JetBrains s.r.o. 17.0.9 17.0.9+7-b1087.7"
  },
  "runtimeInfo" : {
    "maxMemory" : 3170893824,
    "numberOfProcessors" : 4,
    "maxNumberOfIndexingThreads" : 3,
    "maxSizeOfFileForIntelliSense" : 2560000,
    "maxSizeOfFileForContentLoading" : 20971520
  },
  "type" : "DumbIndexing",
  "projectIndexingActivityHistory" : {
    "projectName" : "TradingConverter",
    "times" : {
      "scanningIds" : [ 3 ],
      "contentLoadingVisibleTime" : 303161836,
      "retrievingChangedDuringIndexingFilesTime" : 60298,
      "separateApplyingIndexesVisibleTime" : 4155869253,
      "updatingStart" : "2024-01-18T23:23:55.30379Z",
      "updatingEnd" : "2024-01-18T23:24:17.640594Z",
      "totalWallTimeWithPauses" : 22336690780,
      "wallTimeOnPause" : 0,
      "wasInterrupted" : false,
      "dumbWallTimeWithPauses" : 22336690780,
      "dumbWallTimeWithoutPauses" : 22336690780,
      "dumbModeStart" : "2024-01-18T23:23:55.30379Z",
      "totalWallTimeWithoutPauses" : 22336690780
    },
    "fileCount" : {
      "numberOfChangedDuringIndexingFiles" : 0,
      "numberOfFilesIndexedByInfrastructureExtensionsDuringIndexingStage" : 0,
      "numberOfFilesIndexedWithLoadingContent" : 436,
      "numberOfNothingToWriteFiles" : 0
    },
    "totalStatsPerFileType" : [ {
      "fileType" : "CSS",
      "partOfTotalProcessingTime" : {
        "part" : 26257743110,
        "total" : 66804933187
      },
      "partOfTotalContentLoadingTime" : {
        "part" : 137752250,
        "total" : 906827004
      },
      "totalNumberOfFiles" : 54,
      "totalFilesSize" : 3749604,
      "totalProcessingSpeed" : {
        "totalBytes" : 3749604,
        "totalCpuTime" : 26257743110
      },
      "biggestContributors" : [ {
        "providerName" : "Module 'TradingConverter' (all roots)",
        "numberOfFiles" : 54,
        "totalFilesSize" : 3749604,
        "partOfTotalProcessingTimeOfThisFileType" : {
          "part" : 26257743110,
          "total" : 26257743110
        }
      } ]
    }, {
      "fileType" : "JavaScript",
      "partOfTotalProcessingTime" : {
        "part" : 23060941129,
        "total" : 66804933187
      },
      "partOfTotalContentLoadingTime" : {
        "part" : 143556323,
        "total" : 906827004
      },
      "totalNumberOfFiles" : 51,
      "totalFilesSize" : 3738843,
      "totalProcessingSpeed" : {
        "totalBytes" : 3738843,
        "totalCpuTime" : 23060941129
      },
      "biggestContributors" : [ {
        "providerName" : "Module 'TradingConverter' (all roots)",
        "numberOfFiles" : 51,
        "totalFilesSize" : 3738843,
        "partOfTotalProcessingTimeOfThisFileType" : {
          "part" : 23060941129,
          "total" : 23060941129
        }
      } ]
    }, {
      "fileType" : "SourceMap",
      "partOfTotalProcessingTime" : {
        "part" : 7529365596,
        "total" : 66804933187
      },
      "partOfTotalContentLoadingTime" : {
        "part" : 143128924,
        "total" : 906827004
      },
      "totalNumberOfFiles" : 21,
      "totalFilesSize" : 5725113,
      "totalProcessingSpeed" : {
        "totalBytes" : 5725113,
        "totalCpuTime" : 7529365596
      },
      "biggestContributors" : [ {
        "providerName" : "Module 'TradingConverter' (all roots)",
        "numberOfFiles" : 21,
        "totalFilesSize" : 5725113,
        "partOfTotalProcessingTimeOfThisFileType" : {
          "part" : 7529365596,
          "total" : 7529365596
        }
      } ]
    }, {
      "fileType" : "textmate",
      "partOfTotalProcessingTime" : {
        "part" : 5726460166,
        "total" : 66804933187
      },
      "partOfTotalContentLoadingTime" : {
        "part" : 246180653,
        "total" : 906827004
      },
      "totalNumberOfFiles" : 77,
      "totalFilesSize" : 11345327,
      "totalProcessingSpeed" : {
        "totalBytes" : 11345327,
        "totalCpuTime" : 5726460166
      },
      "biggestContributors" : [ {
        "providerName" : "Module 'TradingConverter' (all roots)",
        "numberOfFiles" : 77,
        "totalFilesSize" : 11345327,
        "partOfTotalProcessingTimeOfThisFileType" : {
          "part" : 5726460166,
          "total" : 5726460166
        }
      } ]
    }, {
      "fileType" : "JSON",
      "partOfTotalProcessingTime" : {
        "part" : 1651362452,
        "total" : 66804933187
      },
      "partOfTotalContentLoadingTime" : {
        "part" : 63269648,
        "total" : 906827004
      },
      "totalNumberOfFiles" : 53,
      "totalFilesSize" : 1013984,
      "totalProcessingSpeed" : {
        "totalBytes" : 1013984,
        "totalCpuTime" : 1651362452
      },
      "biggestContributors" : [ {
        "providerName" : "Module 'TradingConverter' (all roots)",
        "numberOfFiles" : 53,
        "totalFilesSize" : 1013984,
        "partOfTotalProcessingTimeOfThisFileType" : {
          "part" : 1651362452,
          "total" : 1651362452
        }
      } ]
    }, {
      "fileType" : "Markdown",
      "partOfTotalProcessingTime" : {
        "part" : 698400849,
        "total" : 66804933187
      },
      "partOfTotalContentLoadingTime" : {
        "part" : 6006533,
        "total" : 906827004
      },
      "totalNumberOfFiles" : 9,
      "totalFilesSize" : 4942,
      "totalProcessingSpeed" : {
        "totalBytes" : 4942,
        "totalCpuTime" : 698400849
      },
      "biggestContributors" : [ {
        "providerName" : "Module 'TradingConverter' (all roots)",
        "numberOfFiles" : 9,
        "totalFilesSize" : 4942,
        "partOfTotalProcessingTimeOfThisFileType" : {
          "part" : 698400849,
          "total" : 698400849
        }
      } ]
    }, {
      "fileType" : "LOMBOK_CONFIG",
      "partOfTotalProcessingTime" : {
        "part" : 587466075,
        "total" : 66804933187
      },
      "partOfTotalContentLoadingTime" : {
        "part" : 2703010,
        "total" : 906827004
      },
      "totalNumberOfFiles" : 3,
      "totalFilesSize" : 83614,
      "totalProcessingSpeed" : {
        "totalBytes" : 83614,
        "totalCpuTime" : 587466075
      },
      "biggestContributors" : [ {
        "providerName" : "Module 'TradingConverter' (all roots)",
        "numberOfFiles" : 3,
        "totalFilesSize" : 83614,
        "partOfTotalProcessingTimeOfThisFileType" : {
          "part" : 587466075,
          "total" : 587466075
        }
      } ]
    }, {
      "fileType" : "C#",
      "partOfTotalProcessingTime" : {
        "part" : 488568608,
        "total" : 66804933187
      },
      "partOfTotalContentLoadingTime" : {
        "part" : 94974696,
        "total" : 906827004
      },
      "totalNumberOfFiles" : 122,
      "totalFilesSize" : 210802,
      "totalProcessingSpeed" : {
        "totalBytes" : 210802,
        "totalCpuTime" : 488568608
      },
      "biggestContributors" : [ {
        "providerName" : "Module 'TradingConverter' (all roots)",
        "numberOfFiles" : 122,
        "totalFilesSize" : 210802,
        "partOfTotalProcessingTimeOfThisFileType" : {
          "part" : 488568608,
          "total" : 488568608
        }
      } ]
    }, {
      "fileType" : "XML",
      "partOfTotalProcessingTime" : {
        "part" : 420041935,
        "total" : 66804933187
      },
      "partOfTotalContentLoadingTime" : {
        "part" : 759214,
        "total" : 906827004
      },
      "totalNumberOfFiles" : 3,
      "totalFilesSize" : 2208,
      "totalProcessingSpeed" : {
        "totalBytes" : 2208,
        "totalCpuTime" : 420041935
      },
      "biggestContributors" : [ {
        "providerName" : "Module 'TradingConverter' (all roots)",
        "numberOfFiles" : 3,
        "totalFilesSize" : 2208,
        "partOfTotalProcessingTimeOfThisFileType" : {
          "part" : 420041935,
          "total" : 420041935
        }
      } ]
    }, {
      "fileType" : "PLAIN_TEXT",
      "partOfTotalProcessingTime" : {
        "part" : 311319480,
        "total" : 66804933187
      },
      "partOfTotalContentLoadingTime" : {
        "part" : 59129415,
        "total" : 906827004
      },
      "totalNumberOfFiles" : 37,
      "totalFilesSize" : 632577,
      "totalProcessingSpeed" : {
        "totalBytes" : 632577,
        "totalCpuTime" : 311319480
      },
      "biggestContributors" : [ {
        "providerName" : "Module 'TradingConverter' (all roots)",
        "numberOfFiles" : 37,
        "totalFilesSize" : 632577,
        "partOfTotalProcessingTimeOfThisFileType" : {
          "part" : 311319480,
          "total" : 311319480
        }
      } ]
    }, {
      "fileType" : "YAML",
      "partOfTotalProcessingTime" : {
        "part" : 54718859,
        "total" : 66804933187
      },
      "partOfTotalContentLoadingTime" : {
        "part" : 3492481,
        "total" : 906827004
      },
      "totalNumberOfFiles" : 1,
      "totalFilesSize" : 6786,
      "totalProcessingSpeed" : {
        "totalBytes" : 6786,
        "totalCpuTime" : 54718859
      },
      "biggestContributors" : [ {
        "providerName" : "Module 'TradingConverter' (all roots)",
        "numberOfFiles" : 1,
        "totalFilesSize" : 6786,
        "partOfTotalProcessingTimeOfThisFileType" : {
          "part" : 54718859,
          "total" : 54718859
        }
      } ]
    }, {
      "fileType" : "GitIgnore file",
      "partOfTotalProcessingTime" : {
        "part" : 12472026,
        "total" : 66804933187
      },
      "partOfTotalContentLoadingTime" : {
        "part" : 5655278,
        "total" : 906827004
      },
      "totalNumberOfFiles" : 1,
      "totalFilesSize" : 229,
      "totalProcessingSpeed" : {
        "totalBytes" : 229,
        "totalCpuTime" : 12472026
      },
      "biggestContributors" : [ {
        "providerName" : "Module 'TradingConverter' (all roots)",
        "numberOfFiles" : 1,
        "totalFilesSize" : 229,
        "partOfTotalProcessingTimeOfThisFileType" : {
          "part" : 12472026,
          "total" : 12472026
        }
      } ]
    }, {
      "fileType" : "AUTO_DETECTED",
      "partOfTotalProcessingTime" : {
        "part" : 6072902,
        "total" : 66804933187
      },
      "partOfTotalContentLoadingTime" : {
        "part" : 218579,
        "total" : 906827004
      },
      "totalNumberOfFiles" : 4,
      "totalFilesSize" : 0,
      "totalProcessingSpeed" : {
        "totalBytes" : 0,
        "totalCpuTime" : 6072902
      },
      "biggestContributors" : [ {
        "providerName" : "Module 'TradingConverter' (all roots)",
        "numberOfFiles" : 4,
        "totalFilesSize" : 0,
        "partOfTotalProcessingTimeOfThisFileType" : {
          "part" : 6072902,
          "total" : 6072902
        }
      } ]
    } ],
    "totalStatsPerBaseLanguage" : [ {
      "language" : "CSS",
      "partOfTotalProcessingTime" : {
        "part" : 26257743110,
        "total" : 66804933187
      },
      "partOfTotalContentLoadingTime" : {
        "part" : 1044579254,
        "total" : 906827004
      },
      "totalNumberOfFiles" : 54,
      "totalFilesSize" : 3749604,
      "totalProcessingSpeed" : {
        "totalBytes" : 3749604,
        "totalCpuTime" : 26257743110
      }
    }, {
      "language" : "JavaScript",
      "partOfTotalProcessingTime" : {
        "part" : 23060941129,
        "total" : 66804933187
      },
      "partOfTotalContentLoadingTime" : {
        "part" : 1050383327,
        "total" : 906827004
      },
      "totalNumberOfFiles" : 51,
      "totalFilesSize" : 3738843,
      "totalProcessingSpeed" : {
        "totalBytes" : 3738843,
        "totalCpuTime" : 23060941129
      }
    }, {
      "language" : "JSON",
      "partOfTotalProcessingTime" : {
        "part" : 9180728048,
        "total" : 66804933187
      },
      "partOfTotalContentLoadingTime" : {
        "part" : 1049955928,
        "total" : 906827004
      },
      "totalNumberOfFiles" : 74,
      "totalFilesSize" : 6739097,
      "totalProcessingSpeed" : {
        "totalBytes" : 6739097,
        "totalCpuTime" : 9180728048
      }
    }, {
      "language" : "textmate",
      "partOfTotalProcessingTime" : {
        "part" : 5726460166,
        "total" : 66804933187
      },
      "partOfTotalContentLoadingTime" : {
        "part" : 1153007657,
        "total" : 906827004
      },
      "totalNumberOfFiles" : 77,
      "totalFilesSize" : 11345327,
      "totalProcessingSpeed" : {
        "totalBytes" : 11345327,
        "totalCpuTime" : 5726460166
      }
    }, {
      "language" : "Markdown",
      "partOfTotalProcessingTime" : {
        "part" : 698400849,
        "total" : 66804933187
      },
      "partOfTotalContentLoadingTime" : {
        "part" : 912833537,
        "total" : 906827004
      },
      "totalNumberOfFiles" : 9,
      "totalFilesSize" : 4942,
      "totalProcessingSpeed" : {
        "totalBytes" : 4942,
        "totalCpuTime" : 698400849
      }
    }, {
      "language" : "Lombok.Config",
      "partOfTotalProcessingTime" : {
        "part" : 587466075,
        "total" : 66804933187
      },
      "partOfTotalContentLoadingTime" : {
        "part" : 909530014,
        "total" : 906827004
      },
      "totalNumberOfFiles" : 3,
      "totalFilesSize" : 83614,
      "totalProcessingSpeed" : {
        "totalBytes" : 83614,
        "totalCpuTime" : 587466075
      }
    }, {
      "language" : "XML",
      "partOfTotalProcessingTime" : {
        "part" : 420041935,
        "total" : 66804933187
      },
      "partOfTotalContentLoadingTime" : {
        "part" : 907586218,
        "total" : 906827004
      },
      "totalNumberOfFiles" : 3,
      "totalFilesSize" : 2208,
      "totalProcessingSpeed" : {
        "totalBytes" : 2208,
        "totalCpuTime" : 420041935
      }
    }, {
      "language" : "TEXT",
      "partOfTotalProcessingTime" : {
        "part" : 311319480,
        "total" : 66804933187
      },
      "partOfTotalContentLoadingTime" : {
        "part" : 965956419,
        "total" : 906827004
      },
      "totalNumberOfFiles" : 37,
      "totalFilesSize" : 632577,
      "totalProcessingSpeed" : {
        "totalBytes" : 632577,
        "totalCpuTime" : 311319480
      }
    }, {
      "language" : "yaml",
      "partOfTotalProcessingTime" : {
        "part" : 54718859,
        "total" : 66804933187
      },
      "partOfTotalContentLoadingTime" : {
        "part" : 910319485,
        "total" : 906827004
      },
      "totalNumberOfFiles" : 1,
      "totalFilesSize" : 6786,
      "totalProcessingSpeed" : {
        "totalBytes" : 6786,
        "totalCpuTime" : 54718859
      }
    }, {
      "language" : "GitIgnore",
      "partOfTotalProcessingTime" : {
        "part" : 12472026,
        "total" : 66804933187
      },
      "partOfTotalContentLoadingTime" : {
        "part" : 912482282,
        "total" : 906827004
      },
      "totalNumberOfFiles" : 1,
      "totalFilesSize" : 229,
      "totalProcessingSpeed" : {
        "totalBytes" : 229,
        "totalCpuTime" : 12472026
      }
    }, {
      "language" : "IgnoreLang",
      "partOfTotalProcessingTime" : {
        "part" : 12472026,
        "total" : 66804933187
      },
      "partOfTotalContentLoadingTime" : {
        "part" : 912482282,
        "total" : 906827004
      },
      "totalNumberOfFiles" : 1,
      "totalFilesSize" : 229,
      "totalProcessingSpeed" : {
        "totalBytes" : 229,
        "totalCpuTime" : 12472026
      }
    } ],
    "totalStatsPerIndexer" : [ {
      "indexId" : "Stubs",
      "partOfTotalIndexingTime" : {
        "part" : 26033034822,
        "total" : 52974676954
      },
      "totalNumberOfFiles" : 96,
      "totalNumberOfFilesIndexedByExtensions" : 0,
      "totalFilesSize" : 6454462,
      "indexValueChangerEvaluationSpeed" : {
        "totalBytes" : 6454462,
        "totalCpuTime" : 26033034822
      }
    }, {
      "indexId" : "IdIndex",
      "partOfTotalIndexingTime" : {
        "part" : 5763999249,
        "total" : 52974676954
      },
      "totalNumberOfFiles" : 432,
      "totalNumberOfFilesIndexedByExtensions" : 0,
      "totalFilesSize" : 26514029,
      "indexValueChangerEvaluationSpeed" : {
        "totalBytes" : 26514029,
        "totalCpuTime" : 5763999249
      }
    }, {
      "indexId" : "fileIncludes",
      "partOfTotalIndexingTime" : {
        "part" : 5659757539,
        "total" : 52974676954
      },
      "totalNumberOfFiles" : 87,
      "totalNumberOfFilesIndexedByExtensions" : 0,
      "totalFilesSize" : 6449520,
      "indexValueChangerEvaluationSpeed" : {
        "totalBytes" : 6449520,
        "totalCpuTime" : 5659757539
      }
    }, {
      "indexId" : "HashFragmentIndex",
      "partOfTotalIndexingTime" : {
        "part" : 5321347730,
        "total" : 52974676954
      },
      "totalNumberOfFiles" : 81,
      "totalNumberOfFilesIndexedByExtensions" : 0,
      "totalFilesSize" : 2935218,
      "indexValueChangerEvaluationSpeed" : {
        "totalBytes" : 2935218,
        "totalCpuTime" : 5321347730
      }
    }, {
      "indexId" : "CssIndex",
      "partOfTotalIndexingTime" : {
        "part" : 3327243953,
        "total" : 52974676954
      },
      "totalNumberOfFiles" : 54,
      "totalNumberOfFilesIndexedByExtensions" : 0,
      "totalFilesSize" : 3749604,
      "indexValueChangerEvaluationSpeed" : {
        "totalBytes" : 3749604,
        "totalCpuTime" : 3327243953
      }
    }, {
      "indexId" : "js.test.names",
      "partOfTotalIndexingTime" : {
        "part" : 2240629279,
        "total" : 52974676954
      },
      "totalNumberOfFiles" : 51,
      "totalNumberOfFilesIndexedByExtensions" : 0,
      "totalFilesSize" : 3738843,
      "indexValueChangerEvaluationSpeed" : {
        "totalBytes" : 3738843,
        "totalCpuTime" : 2240629279
      }
    }, {
      "indexId" : "js.custom.single.entry.index",
      "partOfTotalIndexingTime" : {
        "part" : 1711797829,
        "total" : 52974676954
      },
      "totalNumberOfFiles" : 30,
      "totalNumberOfFilesIndexedByExtensions" : 0,
      "totalFilesSize" : 2697708,
      "indexValueChangerEvaluationSpeed" : {
        "totalBytes" : 2697708,
        "totalCpuTime" : 1711797829
      }
    }, {
      "indexId" : "Trigram.Index",
      "partOfTotalIndexingTime" : {
        "part" : 1538153979,
        "total" : 52974676954
      },
      "totalNumberOfFiles" : 436,
      "totalNumberOfFilesIndexedByExtensions" : 0,
      "totalFilesSize" : 26514029,
      "indexValueChangerEvaluationSpeed" : {
        "totalBytes" : 26514029,
        "totalCpuTime" : 1538153979
      }
    }, {
      "indexId" : "SwReferencesIndex",
      "partOfTotalIndexingTime" : {
        "part" : 652938031,
        "total" : 52974676954
      },
      "totalNumberOfFiles" : 54,
      "totalNumberOfFilesIndexedByExtensions" : 0,
      "totalFilesSize" : 1020770,
      "indexValueChangerEvaluationSpeed" : {
        "totalBytes" : 1020770,
        "totalCpuTime" : 652938031
      }
    }, {
      "indexId" : "LombokConfigIndex",
      "partOfTotalIndexingTime" : {
        "part" : 509936710,
        "total" : 52974676954
      },
      "totalNumberOfFiles" : 3,
      "totalNumberOfFilesIndexedByExtensions" : 0,
      "totalFilesSize" : 83614,
      "indexValueChangerEvaluationSpeed" : {
        "totalBytes" : 83614,
        "totalCpuTime" : 509936710
      }
    }, {
      "indexId" : "FrameworkDetectionIndex",
      "partOfTotalIndexingTime" : {
        "part" : 52651745,
        "total" : 52974676954
      },
      "totalNumberOfFiles" : 57,
      "totalNumberOfFilesIndexedByExtensions" : 0,
      "totalFilesSize" : 1022978,
      "indexValueChangerEvaluationSpeed" : {
        "totalBytes" : 1022978,
        "totalCpuTime" : 52651745
      }
    }, {
      "indexId" : "OpenapiSpecificationContentIndexer",
      "partOfTotalIndexingTime" : {
        "part" : 49282880,
        "total" : 52974676954
      },
      "totalNumberOfFiles" : 54,
      "totalNumberOfFilesIndexedByExtensions" : 0,
      "totalFilesSize" : 1020770,
      "indexValueChangerEvaluationSpeed" : {
        "totalBytes" : 1020770,
        "totalCpuTime" : 49282880
      }
    }, {
      "indexId" : "json.file.root.values",
      "partOfTotalIndexingTime" : {
        "part" : 47483993,
        "total" : 52974676954
      },
      "totalNumberOfFiles" : 53,
      "totalNumberOfFilesIndexedByExtensions" : 0,
      "totalFilesSize" : 1013984,
      "indexValueChangerEvaluationSpeed" : {
        "totalBytes" : 1013984,
        "totalCpuTime" : 47483993
      }
    }, {
      "indexId" : "DomFileIndex",
      "partOfTotalIndexingTime" : {
        "part" : 24699116,
        "total" : 52974676954
      },
      "totalNumberOfFiles" : 3,
      "totalNumberOfFilesIndexedByExtensions" : 0,
      "totalFilesSize" : 2208,
      "indexValueChangerEvaluationSpeed" : {
        "totalBytes" : 2208,
        "totalCpuTime" : 24699116
      }
    }, {
      "indexId" : "yaml.keys.name",
      "partOfTotalIndexingTime" : {
        "part" : 20173321,
        "total" : 52974676954
      },
      "totalNumberOfFiles" : 1,
      "totalNumberOfFilesIndexedByExtensions" : 0,
      "totalFilesSize" : 6786,
      "indexValueChangerEvaluationSpeed" : {
        "totalBytes" : 6786,
        "totalCpuTime" : 20173321
      }
    }, {
      "indexId" : "org.jetbrains.kotlin.idea.versions.KotlinJsMetadataVersionIndex",
      "partOfTotalIndexingTime" : {
        "part" : 12770159,
        "total" : 52974676954
      },
      "totalNumberOfFiles" : 51,
      "totalNumberOfFilesIndexedByExtensions" : 0,
      "totalFilesSize" : 3738843,
      "indexValueChangerEvaluationSpeed" : {
        "totalBytes" : 3738843,
        "totalCpuTime" : 12770159
      }
    }, {
      "indexId" : "taglibUris",
      "partOfTotalIndexingTime" : {
        "part" : 3665721,
        "total" : 52974676954
      },
      "totalNumberOfFiles" : 3,
      "totalNumberOfFilesIndexedByExtensions" : 0,
      "totalFilesSize" : 2208,
      "indexValueChangerEvaluationSpeed" : {
        "totalBytes" : 2208,
        "totalCpuTime" : 3665721
      }
    }, {
      "indexId" : "SpringXmlBeansIndex",
      "partOfTotalIndexingTime" : {
        "part" : 1572582,
        "total" : 52974676954
      },
      "totalNumberOfFiles" : 3,
      "totalNumberOfFilesIndexedByExtensions" : 0,
      "totalFilesSize" : 2208,
      "indexValueChangerEvaluationSpeed" : {
        "totalBytes" : 2208,
        "totalCpuTime" : 1572582
      }
    }, {
      "indexId" : "docker.compose.services",
      "partOfTotalIndexingTime" : {
        "part" : 885411,
        "total" : 52974676954
      },
      "totalNumberOfFiles" : 1,
      "totalNumberOfFilesIndexedByExtensions" : 0,
      "totalFilesSize" : 6786,
      "indexValueChangerEvaluationSpeed" : {
        "totalBytes" : 6786,
        "totalCpuTime" : 885411
      }
    }, {
      "indexId" : "js.string.literal.words.index",
      "partOfTotalIndexingTime" : {
        "part" : 757070,
        "total" : 52974676954
      },
      "totalNumberOfFiles" : 30,
      "totalNumberOfFilesIndexedByExtensions" : 0,
      "totalFilesSize" : 2697708,
      "indexValueChangerEvaluationSpeed" : {
        "totalBytes" : 2697708,
        "totalCpuTime" : 757070
      }
    }, {
      "indexId" : "NavXmlIndex",
      "partOfTotalIndexingTime" : {
        "part" : 733399,
        "total" : 52974676954
      },
      "totalNumberOfFiles" : 3,
      "totalNumberOfFilesIndexedByExtensions" : 0,
      "totalFilesSize" : 2208,
      "indexValueChangerEvaluationSpeed" : {
        "totalBytes" : 2208,
        "totalCpuTime" : 733399
      }
    }, {
      "indexId" : "DjangoBlockInheritanceIndex",
      "partOfTotalIndexingTime" : {
        "part" : 562700,
        "total" : 52974676954
      },
      "totalNumberOfFiles" : 3,
      "totalNumberOfFilesIndexedByExtensions" : 0,
      "totalFilesSize" : 2208,
      "indexValueChangerEvaluationSpeed" : {
        "totalBytes" : 2208,
        "totalCpuTime" : 562700
      }
    }, {
      "indexId" : "XsltSymbolIndex",
      "partOfTotalIndexingTime" : {
        "part" : 273667,
        "total" : 52974676954
      },
      "totalNumberOfFiles" : 3,
      "totalNumberOfFilesIndexedByExtensions" : 0,
      "totalFilesSize" : 2208,
      "indexValueChangerEvaluationSpeed" : {
        "totalBytes" : 2208,
        "totalCpuTime" : 273667
      }
    }, {
      "indexId" : "xmlProperties",
      "partOfTotalIndexingTime" : {
        "part" : 229129,
        "total" : 52974676954
      },
      "totalNumberOfFiles" : 3,
      "totalNumberOfFilesIndexedByExtensions" : 0,
      "totalFilesSize" : 2208,
      "indexValueChangerEvaluationSpeed" : {
        "totalBytes" : 2208,
        "totalCpuTime" : 229129
      }
    }, {
      "indexId" : "RelaxSymbolIndex",
      "partOfTotalIndexingTime" : {
        "part" : 96940,
        "total" : 52974676954
      },
      "totalNumberOfFiles" : 3,
      "totalNumberOfFilesIndexedByExtensions" : 0,
      "totalFilesSize" : 2208,
      "indexValueChangerEvaluationSpeed" : {
        "totalBytes" : 2208,
        "totalCpuTime" : 96940
      }
    } ],
    "statisticsOfChangedDuringIndexingFiles" : {
      "numberOfFiles" : 0,
      "retrievingTime" : 60298
    },
    "fileProviderStatistics" : [ {
      "providerName" : "Module 'TradingConverter' (all roots)",
      "totalNumberOfIndexedFiles" : 436,
      "totalNumberOfFilesFullyIndexedByExtensions" : 0,
      "totalNumberOfNothingToWriteFiles" : 0,
      "totalIndexingVisibleTime" : 22333594117,
      "contentLoadingVisibleTime" : 303161836,
      "numberOfTooLargeForIndexingFiles" : 0,
      "slowIndexedFiles" : [ {
        "fileName" : "bootstrap.esm.min.js",
        "processingTime" : 1401314801,
        "evaluationOfIndexValueChangerTime" : 1206360064,
        "contentLoadingTime" : 2169522
      }, {
        "fileName" : "bootstrap.css",
        "processingTime" : 1533198822,
        "evaluationOfIndexValueChangerTime" : 1476564588,
        "contentLoadingTime" : 3656625
      }, {
        "fileName" : "jquery.js",
        "processingTime" : 1767801084,
        "evaluationOfIndexValueChangerTime" : 1739413358,
        "contentLoadingTime" : 3977834
      }, {
        "fileName" : "bootstrap.esm.js",
        "processingTime" : 1772780583,
        "evaluationOfIndexValueChangerTime" : 1701016281,
        "contentLoadingTime" : 2991531
      }, {
        "fileName" : "bootstrap-grid.css",
        "processingTime" : 1639619698,
        "evaluationOfIndexValueChangerTime" : 1623035981,
        "contentLoadingTime" : 2219380
      }, {
        "fileName" : "jquery.js",
        "processingTime" : 2085684733,
        "evaluationOfIndexValueChangerTime" : 1819907277,
        "contentLoadingTime" : 7196396
      }, {
        "fileName" : "bootstrap.min.css",
        "processingTime" : 2341695246,
        "evaluationOfIndexValueChangerTime" : 2146400309,
        "contentLoadingTime" : 3201002
      }, {
        "fileName" : "bootstrap.js",
        "processingTime" : 1976668646,
        "evaluationOfIndexValueChangerTime" : 1932145322,
        "contentLoadingTime" : 3169410
      }, {
        "fileName" : "bootstrap.bundle.js",
        "processingTime" : 2278587495,
        "evaluationOfIndexValueChangerTime" : 2154040070,
        "contentLoadingTime" : 36920127
      }, {
        "fileName" : "bootstrap.rtl.css",
        "processingTime" : 2149109306,
        "evaluationOfIndexValueChangerTime" : 2127152679,
        "contentLoadingTime" : 3318760
      } ],
      "filesFullyIndexedByExtensions" : [ ],
      "separateApplyingIndexesVisibleTime" : 4155869253
    }, {
      "providerName" : "Refreshed files",
      "totalNumberOfIndexedFiles" : 0,
      "totalNumberOfFilesFullyIndexedByExtensions" : 0,
      "totalNumberOfNothingToWriteFiles" : 0,
      "totalIndexingVisibleTime" : 0,
      "contentLoadingVisibleTime" : 0,
      "numberOfTooLargeForIndexingFiles" : 0,
      "slowIndexedFiles" : [ ],
      "filesFullyIndexedByExtensions" : [ ],
      "separateApplyingIndexesVisibleTime" : 0
    } ],
    "visibleTimeToAllThreadTimeRatio" : 0.0
  }
}