{
  "appInfo" : {
    "build" : "233.11799.241",
    "buildDate" : "2023-12-02T05:05:00Z[UTC]",
    "productCode" : "IU",
    "generated" : "2024-01-18T23:25:41.756314Z",
    "os" : "macOS 13.6",
    "runtime" : "JetBrains s.r.o. 17.0.9 17.0.9+7-b1087.7"
  },
  "runtimeInfo" : {
    "maxMemory" : 3170893824,
    "numberOfProcessors" : 4,
    "maxNumberOfIndexingThreads" : 3,
    "maxSizeOfFileForIntelliSense" : 2560000,
    "maxSizeOfFileForContentLoading" : 20971520
  },
  "type" : "DumbIndexing",
  "projectIndexingActivityHistory" : {
    "projectName" : "TradingConverter",
    "times" : {
      "scanningIds" : [ ],
      "contentLoadingVisibleTime" : 92221,
      "retrievingChangedDuringIndexingFilesTime" : 52276,
      "separateApplyingIndexesVisibleTime" : 5621608,
      "updatingStart" : "2024-01-18T23:25:41.697638Z",
      "updatingEnd" : "2024-01-18T23:25:41.713204Z",
      "totalWallTimeWithPauses" : 15564924,
      "wallTimeOnPause" : 0,
      "wasInterrupted" : false,
      "dumbWallTimeWithPauses" : 15564924,
      "dumbWallTimeWithoutPauses" : 15564924,
      "dumbModeStart" : "2024-01-18T23:25:41.697638Z",
      "totalWallTimeWithoutPauses" : 15564924
    },
    "fileCount" : {
      "numberOfChangedDuringIndexingFiles" : 1,
      "numberOfFilesIndexedByInfrastructureExtensionsDuringIndexingStage" : 0,
      "numberOfFilesIndexedWithLoadingContent" : 1,
      "numberOfNothingToWriteFiles" : 0
    },
    "totalStatsPerFileType" : [ {
      "fileType" : "C#",
      "partOfTotalProcessingTime" : {
        "part" : 13746428,
        "total" : 13746428
      },
      "partOfTotalContentLoadingTime" : {
        "part" : 89648,
        "total" : 89648
      },
      "totalNumberOfFiles" : 1,
      "totalFilesSize" : 825,
      "totalProcessingSpeed" : {
        "totalBytes" : 825,
        "totalCpuTime" : 13746428
      },
      "biggestContributors" : [ {
        "providerName" : "Refreshed files",
        "numberOfFiles" : 1,
        "totalFilesSize" : 825,
        "partOfTotalProcessingTimeOfThisFileType" : {
          "part" : 13746428,
          "total" : 13746428
        }
      } ]
    } ],
    "totalStatsPerBaseLanguage" : [ ],
    "totalStatsPerIndexer" : [ {
      "indexId" : "Trigram.Index",
      "partOfTotalIndexingTime" : {
        "part" : 2587991,
        "total" : 4737306
      },
      "totalNumberOfFiles" : 1,
      "totalNumberOfFilesIndexedByExtensions" : 0,
      "totalFilesSize" : 825,
      "indexValueChangerEvaluationSpeed" : {
        "totalBytes" : 825,
        "totalCpuTime" : 2587991
      }
    }, {
      "indexId" : "IdIndex",
      "partOfTotalIndexingTime" : {
        "part" : 2149315,
        "total" : 4737306
      },
      "totalNumberOfFiles" : 1,
      "totalNumberOfFilesIndexedByExtensions" : 0,
      "totalFilesSize" : 825,
      "indexValueChangerEvaluationSpeed" : {
        "totalBytes" : 825,
        "totalCpuTime" : 2149315
      }
    } ],
    "statisticsOfChangedDuringIndexingFiles" : {
      "numberOfFiles" : 1,
      "retrievingTime" : 52276
    },
    "fileProviderStatistics" : [ {
      "providerName" : "Refreshed files",
      "totalNumberOfIndexedFiles" : 1,
      "totalNumberOfFilesFullyIndexedByExtensions" : 0,
      "totalNumberOfNothingToWriteFiles" : 0,
      "totalIndexingVisibleTime" : 14141006,
      "contentLoadingVisibleTime" : 92221,
      "numberOfTooLargeForIndexingFiles" : 0,
      "slowIndexedFiles" : [ ],
      "filesFullyIndexedByExtensions" : [ ],
      "separateApplyingIndexesVisibleTime" : 5621608
    } ],
    "visibleTimeToAllThreadTimeRatio" : 1.02870403860552
  }
}