{
  "appInfo" : {
    "build" : "233.11799.241",
    "buildDate" : "2023-12-02T05:05:00Z[UTC]",
    "productCode" : "IU",
    "generated" : "2024-01-18T23:23:55.302014Z",
    "os" : "macOS 13.6",
    "runtime" : "JetBrains s.r.o. 17.0.9 17.0.9+7-b1087.7"
  },
  "runtimeInfo" : {
    "maxMemory" : 3170893824,
    "numberOfProcessors" : 4,
    "maxNumberOfIndexingThreads" : 3,
    "maxSizeOfFileForIntelliSense" : 2560000,
    "maxSizeOfFileForContentLoading" : 20971520
  },
  "type" : "Scanning",
  "projectIndexingActivityHistory" : {
    "projectName" : "TradingConverter",
    "times" : {
      "scanningReason" : "Merged changes in: \"External roots from entity (empty; empty; phpstorm-meta; empty)\" with changes in: \"Custom kind roots from entity (sodium, cubrid, couchbase, ..., empty)\" with changes in: \"Custom kind roots from entity (sass_functions.scss, sass_color.scss, sass_list.scss, ..., empty)\", \"Custom kind roots from entity (db, extensions, empty)\"",
      "scanningType" : "PARTIAL",
      "scanningId" : 4,
      "creatingIteratorsTime" : 2000,
      "concurrentHandlingWallTimeWithoutPauses" : 138042000,
      "concurrentHandlingWallTimeWithPauses" : 138371000,
      "concurrentHandlingSumOfThreadTimesWithPauses" : 187092445,
      "concurrentIterationAndScannersApplicationSumOfThreadTimesWithPauses" : 1930851,
      "concurrentFileCheckSumOfThreadTimesWithPauses" : 184648136,
      "delayedPushPropertiesStageTime" : 5000,
      "indexExtensionsTime" : 0,
      "dumbModeStart" : "2024-01-18T23:23:55.160973Z",
      "dumbWallTimeWithPauses" : 139087000,
      "dumbWallTimeWithoutPauses" : 138758000,
      "updatingStart" : "2024-01-18T23:23:55.16055Z",
      "updatingEnd" : "2024-01-18T23:23:55.30006Z",
      "totalWallTimeWithPauses" : 139510331,
      "wallTimeOnPause" : 329000,
      "wasInterrupted" : false,
      "totalWallTimeWithoutPauses" : 139181331
    },
    "fileCount" : {
      "numberOfFileProviders" : 4,
      "numberOfScannedFiles" : 350,
      "numberOfFilesIndexedByInfrastructureExtensionsDuringScan" : 0,
      "numberOfFilesScheduledForIndexingAfterScan" : 0
    },
    "scanningStatistics" : [ {
      "providerName" : "Custom kind roots from entity (sodium, cubrid, couchbase, ..., empty)",
      "numberOfScannedFiles" : 313,
      "numberOfSkippedFiles" : 0,
      "numberOfFilesForIndexing" : 0,
      "numberOfFilesFullyIndexedByInfrastructureExtensions" : 0,
      "filesFullyIndexedByInfrastructureExtensions" : [ ],
      "statusTime" : 101623209,
      "totalOneThreadTimeWithPauses" : 116646511,
      "iterationAndScannersApplicationTime" : 438110,
      "filesCheckTime" : 116041801,
      "timeProcessingUpToDateFiles" : 35544473,
      "timeUpdatingContentLessIndexes" : 0,
      "timeIndexingWithoutContentViaInfrastructureExtension" : 0,
      "roots" : [ ]
    }, {
      "providerName" : "Custom kind roots from entity (db, extensions, empty)",
      "numberOfScannedFiles" : 28,
      "numberOfSkippedFiles" : 0,
      "numberOfFilesForIndexing" : 0,
      "numberOfFilesFullyIndexedByInfrastructureExtensions" : 0,
      "filesFullyIndexedByInfrastructureExtensions" : [ ],
      "statusTime" : 30630869,
      "totalOneThreadTimeWithPauses" : 40536179,
      "iterationAndScannersApplicationTime" : 1280863,
      "filesCheckTime" : 38998209,
      "timeProcessingUpToDateFiles" : 1484525,
      "timeUpdatingContentLessIndexes" : 0,
      "timeIndexingWithoutContentViaInfrastructureExtension" : 0,
      "roots" : [ ]
    }, {
      "providerName" : "External roots from entity (empty; empty; phpstorm-meta; empty)",
      "numberOfScannedFiles" : 1,
      "numberOfSkippedFiles" : 0,
      "numberOfFilesForIndexing" : 0,
      "numberOfFilesFullyIndexedByInfrastructureExtensions" : 0,
      "filesFullyIndexedByInfrastructureExtensions" : [ ],
      "statusTime" : 21919742,
      "totalOneThreadTimeWithPauses" : 22771297,
      "iterationAndScannersApplicationTime" : 175949,
      "filesCheckTime" : 22547227,
      "timeProcessingUpToDateFiles" : 228768,
      "timeUpdatingContentLessIndexes" : 0,
      "timeIndexingWithoutContentViaInfrastructureExtension" : 0,
      "roots" : [ ]
    }, {
      "providerName" : "Custom kind roots from entity (sass_functions.scss, sass_color.scss, sass_list.scss, ..., empty)",
      "numberOfScannedFiles" : 8,
      "numberOfSkippedFiles" : 0,
      "numberOfFilesForIndexing" : 0,
      "numberOfFilesFullyIndexedByInfrastructureExtensions" : 0,
      "filesFullyIndexedByInfrastructureExtensions" : [ ],
      "statusTime" : 3934382,
      "totalOneThreadTimeWithPauses" : 7138458,
      "iterationAndScannersApplicationTime" : 35929,
      "filesCheckTime" : 7060899,
      "timeProcessingUpToDateFiles" : 1526960,
      "timeUpdatingContentLessIndexes" : 0,
      "timeIndexingWithoutContentViaInfrastructureExtension" : 0,
      "roots" : [ ]
    } ]
  }
}