{
  "appInfo" : {
    "build" : "233.13135.108",
    "buildDate" : "2023-12-21T08:17:00Z[UTC]",
    "productCode" : "PS",
    "generated" : "2024-01-24T00:15:38.649737Z",
    "os" : "macOS 13.6",
    "runtime" : "JetBrains s.r.o. 17.0.9 17.0.9+7-b1087.9"
  },
  "runtimeInfo" : {
    "maxMemory" : 2147483648,
    "numberOfProcessors" : 4,
    "maxNumberOfIndexingThreads" : 3,
    "maxSizeOfFileForIntelliSense" : 2560000,
    "maxSizeOfFileForContentLoading" : 20971520
  },
  "type" : "Scanning",
  "projectIndexingActivityHistory" : {
    "projectName" : "untitled",
    "times" : {
      "scanningReason" : "changes in: \"External roots from entity (empty; empty; phpstorm-meta; empty)\", \"External roots from entity (empty; empty; Pest; empty)\"",
      "scanningType" : "PARTIAL",
      "scanningId" : 6,
      "creatingIteratorsTime" : 2000,
      "concurrentHandlingWallTimeWithoutPauses" : 111918000,
      "concurrentHandlingWallTimeWithPauses" : 112286000,
      "concurrentHandlingSumOfThreadTimesWithPauses" : 2251860,
      "concurrentIterationAndScannersApplicationSumOfThreadTimesWithPauses" : 237235,
      "concurrentFileCheckSumOfThreadTimesWithPauses" : 1819147,
      "delayedPushPropertiesStageTime" : 7000,
      "indexExtensionsTime" : 298368,
      "dumbWallTimeWithPauses" : 0,
      "dumbWallTimeWithoutPauses" : 0,
      "updatingStart" : "2024-01-24T00:15:38.371416Z",
      "updatingEnd" : "2024-01-24T00:15:38.48534Z",
      "totalWallTimeWithPauses" : 113925378,
      "wallTimeOnPause" : 368000,
      "wasInterrupted" : false,
      "totalWallTimeWithoutPauses" : 113557378
    },
    "fileCount" : {
      "numberOfFileProviders" : 2,
      "numberOfScannedFiles" : 2,
      "numberOfFilesIndexedByInfrastructureExtensionsDuringScan" : 0,
      "numberOfFilesScheduledForIndexingAfterScan" : 2
    },
    "scanningStatistics" : [ {
      "providerName" : "External roots from entity (empty; empty; phpstorm-meta; empty)",
      "numberOfScannedFiles" : 1,
      "numberOfSkippedFiles" : 0,
      "numberOfFilesForIndexing" : 1,
      "numberOfFilesFullyIndexedByInfrastructureExtensions" : 0,
      "filesFullyIndexedByInfrastructureExtensions" : [ ],
      "statusTime" : 630427,
      "totalOneThreadTimeWithPauses" : 1215584,
      "iterationAndScannersApplicationTime" : 166077,
      "filesCheckTime" : 980232,
      "timeProcessingUpToDateFiles" : 0,
      "timeUpdatingContentLessIndexes" : 57317,
      "timeIndexingWithoutContentViaInfrastructureExtension" : 143499,
      "roots" : [ ]
    }, {
      "providerName" : "External roots from entity (empty; empty; Pest; empty)",
      "numberOfScannedFiles" : 1,
      "numberOfSkippedFiles" : 0,
      "numberOfFilesForIndexing" : 1,
      "numberOfFilesFullyIndexedByInfrastructureExtensions" : 0,
      "filesFullyIndexedByInfrastructureExtensions" : [ ],
      "statusTime" : 599592,
      "totalOneThreadTimeWithPauses" : 1036276,
      "iterationAndScannersApplicationTime" : 71158,
      "filesCheckTime" : 838915,
      "timeProcessingUpToDateFiles" : 0,
      "timeUpdatingContentLessIndexes" : 50213,
      "timeIndexingWithoutContentViaInfrastructureExtension" : 154869,
      "roots" : [ ]
    } ]
  }
}