{
  "appInfo" : {
    "build" : "233.13135.108",
    "buildDate" : "2023-12-21T08:17:00Z[UTC]",
    "productCode" : "PS",
    "generated" : "2024-01-24T00:15:39.253376Z",
    "os" : "macOS 13.6",
    "runtime" : "JetBrains s.r.o. 17.0.9 17.0.9+7-b1087.9"
  },
  "runtimeInfo" : {
    "maxMemory" : 2147483648,
    "numberOfProcessors" : 4,
    "maxNumberOfIndexingThreads" : 3,
    "maxSizeOfFileForIntelliSense" : 2560000,
    "maxSizeOfFileForContentLoading" : 20971520
  },
  "type" : "DumbIndexing",
  "projectIndexingActivityHistory" : {
    "projectName" : "untitled",
    "times" : {
      "scanningIds" : [ 4, 5 ],
      "contentLoadingVisibleTime" : 123778165,
      "retrievingChangedDuringIndexingFilesTime" : 9349709,
      "separateApplyingIndexesVisibleTime" : 410384337,
      "updatingStart" : "2024-01-24T00:15:38.369534Z",
      "updatingEnd" : "2024-01-24T00:15:39.252278Z",
      "totalWallTimeWithPauses" : 882753060,
      "wallTimeOnPause" : 0,
      "wasInterrupted" : false,
      "dumbWallTimeWithoutPauses" : 882753060,
      "dumbModeStart" : "2024-01-24T00:15:38.369534Z",
      "dumbWallTimeWithPauses" : 882753060,
      "totalWallTimeWithoutPauses" : 882753060
    },
    "fileCount" : {
      "numberOfChangedDuringIndexingFiles" : 0,
      "numberOfFilesIndexedByInfrastructureExtensionsDuringIndexingStage" : 313,
      "numberOfFilesIndexedWithLoadingContent" : 321,
      "numberOfNothingToWriteFiles" : 0
    },
    "totalStatsPerFileType" : [ {
      "fileType" : "PHP",
      "partOfTotalProcessingTime" : {
        "part" : 2275301098,
        "total" : 2543913399
      },
      "partOfTotalContentLoadingTime" : {
        "part" : 350999234,
        "total" : 361098823
      },
      "totalNumberOfFiles" : 313,
      "totalFilesSize" : 6548649,
      "totalProcessingSpeed" : {
        "totalBytes" : 6548649,
        "totalCpuTime" : 2275301098
      },
      "biggestContributors" : [ {
        "providerName" : "Custom kind roots from entity (pspell, zip, rar, ..., empty)",
        "numberOfFiles" : 313,
        "totalFilesSize" : 6548649,
        "partOfTotalProcessingTimeOfThisFileType" : {
          "part" : 2275301098,
          "total" : 2275301098
        }
      } ]
    }, {
      "fileType" : "SCSS",
      "partOfTotalProcessingTime" : {
        "part" : 268612301,
        "total" : 2543913399
      },
      "partOfTotalContentLoadingTime" : {
        "part" : 10099589,
        "total" : 361098823
      },
      "totalNumberOfFiles" : 8,
      "totalFilesSize" : 63474,
      "totalProcessingSpeed" : {
        "totalBytes" : 63474,
        "totalCpuTime" : 268612301
      },
      "biggestContributors" : [ {
        "providerName" : "Custom kind roots from entity (sass_functions.scss, sass_color.scss, sass_list.scss, ..., empty)",
        "numberOfFiles" : 8,
        "totalFilesSize" : 63474,
        "partOfTotalProcessingTimeOfThisFileType" : {
          "part" : 268612301,
          "total" : 268612301
        }
      } ]
    } ],
    "totalStatsPerBaseLanguage" : [ {
      "language" : "PHP",
      "partOfTotalProcessingTime" : {
        "part" : 2275301098,
        "total" : 2543913399
      },
      "partOfTotalContentLoadingTime" : {
        "part" : 712098057,
        "total" : 361098823
      },
      "totalNumberOfFiles" : 313,
      "totalFilesSize" : 6548649,
      "totalProcessingSpeed" : {
        "totalBytes" : 6548649,
        "totalCpuTime" : 2275301098
      }
    }, {
      "language" : "SCSS",
      "partOfTotalProcessingTime" : {
        "part" : 268612301,
        "total" : 2543913399
      },
      "partOfTotalContentLoadingTime" : {
        "part" : 371198412,
        "total" : 361098823
      },
      "totalNumberOfFiles" : 8,
      "totalFilesSize" : 63474,
      "totalProcessingSpeed" : {
        "totalBytes" : 63474,
        "totalCpuTime" : 268612301
      }
    }, {
      "language" : "CSS",
      "partOfTotalProcessingTime" : {
        "part" : 268612301,
        "total" : 2543913399
      },
      "partOfTotalContentLoadingTime" : {
        "part" : 371198412,
        "total" : 361098823
      },
      "totalNumberOfFiles" : 8,
      "totalFilesSize" : 63474,
      "totalProcessingSpeed" : {
        "totalBytes" : 63474,
        "totalCpuTime" : 268612301
      }
    } ],
    "totalStatsPerIndexer" : [ {
      "indexId" : "php.class.name",
      "partOfTotalIndexingTime" : {
        "part" : 289475801,
        "total" : 661852696
      },
      "totalNumberOfFiles" : 313,
      "totalNumberOfFilesIndexedByExtensions" : 313,
      "totalFilesSize" : 6548649,
      "indexValueChangerEvaluationSpeed" : {
        "totalBytes" : 6548649,
        "totalCpuTime" : 289475801
      }
    }, {
      "indexId" : "Stubs",
      "partOfTotalIndexingTime" : {
        "part" : 197832853,
        "total" : 661852696
      },
      "totalNumberOfFiles" : 321,
      "totalNumberOfFilesIndexedByExtensions" : 313,
      "totalFilesSize" : 6612123,
      "indexValueChangerEvaluationSpeed" : {
        "totalBytes" : 6612123,
        "totalCpuTime" : 197832853
      }
    }, {
      "indexId" : "IdIndex",
      "partOfTotalIndexingTime" : {
        "part" : 64995548,
        "total" : 661852696
      },
      "totalNumberOfFiles" : 321,
      "totalNumberOfFilesIndexedByExtensions" : 313,
      "totalFilesSize" : 6612123,
      "indexValueChangerEvaluationSpeed" : {
        "totalBytes" : 6612123,
        "totalCpuTime" : 64995548
      }
    }, {
      "indexId" : "php.function.parameters.used.as.regexp",
      "partOfTotalIndexingTime" : {
        "part" : 14664818,
        "total" : 661852696
      },
      "totalNumberOfFiles" : 313,
      "totalNumberOfFilesIndexedByExtensions" : 313,
      "totalFilesSize" : 6548649,
      "indexValueChangerEvaluationSpeed" : {
        "totalBytes" : 6548649,
        "totalCpuTime" : 14664818
      }
    }, {
      "indexId" : "php.expected.function.return.values",
      "partOfTotalIndexingTime" : {
        "part" : 5278443,
        "total" : 661852696
      },
      "totalNumberOfFiles" : 313,
      "totalNumberOfFilesIndexedByExtensions" : 313,
      "totalFilesSize" : 6548649,
      "indexValueChangerEvaluationSpeed" : {
        "totalBytes" : 6548649,
        "totalCpuTime" : 5278443
      }
    }, {
      "indexId" : "php.class.alias.to.class",
      "partOfTotalIndexingTime" : {
        "part" : 5136528,
        "total" : 661852696
      },
      "totalNumberOfFiles" : 313,
      "totalNumberOfFilesIndexedByExtensions" : 313,
      "totalFilesSize" : 6548649,
      "indexValueChangerEvaluationSpeed" : {
        "totalBytes" : 6548649,
        "totalCpuTime" : 5136528
      }
    }, {
      "indexId" : "php.class.attributes.name",
      "partOfTotalIndexingTime" : {
        "part" : 4766949,
        "total" : 661852696
      },
      "totalNumberOfFiles" : 313,
      "totalNumberOfFilesIndexedByExtensions" : 313,
      "totalFilesSize" : 6548649,
      "indexValueChangerEvaluationSpeed" : {
        "totalBytes" : 6548649,
        "totalCpuTime" : 4766949
      }
    }, {
      "indexId" : "php.func.get.arg.usage.index",
      "partOfTotalIndexingTime" : {
        "part" : 3686332,
        "total" : 661852696
      },
      "totalNumberOfFiles" : 313,
      "totalNumberOfFilesIndexedByExtensions" : 313,
      "totalFilesSize" : 6548649,
      "indexValueChangerEvaluationSpeed" : {
        "totalBytes" : 6548649,
        "totalCpuTime" : 3686332
      }
    }, {
      "indexId" : "php.constant.name",
      "partOfTotalIndexingTime" : {
        "part" : 3533851,
        "total" : 661852696
      },
      "totalNumberOfFiles" : 313,
      "totalNumberOfFilesIndexedByExtensions" : 313,
      "totalFilesSize" : 6548649,
      "indexValueChangerEvaluationSpeed" : {
        "totalBytes" : 6548649,
        "totalCpuTime" : 3533851
      }
    }, {
      "indexId" : "php.doc.type.aliases.index",
      "partOfTotalIndexingTime" : {
        "part" : 3522201,
        "total" : 661852696
      },
      "totalNumberOfFiles" : 313,
      "totalNumberOfFilesIndexedByExtensions" : 313,
      "totalFilesSize" : 6548649,
      "indexValueChangerEvaluationSpeed" : {
        "totalBytes" : 6548649,
        "totalCpuTime" : 3522201
      }
    }, {
      "indexId" : "Trigram.Index",
      "partOfTotalIndexingTime" : {
        "part" : 2842557,
        "total" : 661852696
      },
      "totalNumberOfFiles" : 321,
      "totalNumberOfFilesIndexedByExtensions" : 313,
      "totalFilesSize" : 6612123,
      "indexValueChangerEvaluationSpeed" : {
        "totalBytes" : 6612123,
        "totalCpuTime" : 2842557
      }
    }, {
      "indexId" : "php.expected.function.arguments",
      "partOfTotalIndexingTime" : {
        "part" : 2670460,
        "total" : 661852696
      },
      "totalNumberOfFiles" : 313,
      "totalNumberOfFilesIndexedByExtensions" : 313,
      "totalFilesSize" : 6548649,
      "indexValueChangerEvaluationSpeed" : {
        "totalBytes" : 6548649,
        "totalCpuTime" : 2670460
      }
    }, {
      "indexId" : "php.constants.default.expected.arguments",
      "partOfTotalIndexingTime" : {
        "part" : 2484240,
        "total" : 661852696
      },
      "totalNumberOfFiles" : 313,
      "totalNumberOfFilesIndexedByExtensions" : 313,
      "totalFilesSize" : 6548649,
      "indexValueChangerEvaluationSpeed" : {
        "totalBytes" : 6548649,
        "totalCpuTime" : 2484240
      }
    }, {
      "indexId" : "php.class.alias.name",
      "partOfTotalIndexingTime" : {
        "part" : 2469407,
        "total" : 661852696
      },
      "totalNumberOfFiles" : 313,
      "totalNumberOfFilesIndexedByExtensions" : 313,
      "totalFilesSize" : 6548649,
      "indexValueChangerEvaluationSpeed" : {
        "totalBytes" : 6548649,
        "totalCpuTime" : 2469407
      }
    }, {
      "indexId" : "php.function.name",
      "partOfTotalIndexingTime" : {
        "part" : 2457604,
        "total" : 661852696
      },
      "totalNumberOfFiles" : 313,
      "totalNumberOfFilesIndexedByExtensions" : 313,
      "totalFilesSize" : 6548649,
      "indexValueChangerEvaluationSpeed" : {
        "totalBytes" : 6548649,
        "totalCpuTime" : 2457604
      }
    }, {
      "indexId" : "php.constants.default.array.shapes",
      "partOfTotalIndexingTime" : {
        "part" : 2360891,
        "total" : 661852696
      },
      "totalNumberOfFiles" : 313,
      "totalNumberOfFilesIndexedByExtensions" : 313,
      "totalFilesSize" : 6548649,
      "indexValueChangerEvaluationSpeed" : {
        "totalBytes" : 6548649,
        "totalCpuTime" : 2360891
      }
    }, {
      "indexId" : "wordpress.hook.invocations",
      "partOfTotalIndexingTime" : {
        "part" : 2331131,
        "total" : 661852696
      },
      "totalNumberOfFiles" : 313,
      "totalNumberOfFilesIndexedByExtensions" : 313,
      "totalFilesSize" : 6548649,
      "indexValueChangerEvaluationSpeed" : {
        "totalBytes" : 6548649,
        "totalCpuTime" : 2331131
      }
    }, {
      "indexId" : "php.inferred.meta.pattern.index",
      "partOfTotalIndexingTime" : {
        "part" : 2194430,
        "total" : 661852696
      },
      "totalNumberOfFiles" : 313,
      "totalNumberOfFilesIndexedByExtensions" : 313,
      "totalFilesSize" : 6548649,
      "indexValueChangerEvaluationSpeed" : {
        "totalBytes" : 6548649,
        "totalCpuTime" : 2194430
      }
    }, {
      "indexId" : "php.used.parameters.array.keys",
      "partOfTotalIndexingTime" : {
        "part" : 2045280,
        "total" : 661852696
      },
      "totalNumberOfFiles" : 313,
      "totalNumberOfFilesIndexedByExtensions" : 313,
      "totalFilesSize" : 6548649,
      "indexValueChangerEvaluationSpeed" : {
        "totalBytes" : 6548649,
        "totalCpuTime" : 2045280
      }
    }, {
      "indexId" : "php.aliased.trait.method.name",
      "partOfTotalIndexingTime" : {
        "part" : 1739414,
        "total" : 661852696
      },
      "totalNumberOfFiles" : 313,
      "totalNumberOfFilesIndexedByExtensions" : 313,
      "totalFilesSize" : 6548649,
      "indexValueChangerEvaluationSpeed" : {
        "totalBytes" : 6548649,
        "totalCpuTime" : 1739414
      }
    }, {
      "indexId" : "php.class.to.class.alias",
      "partOfTotalIndexingTime" : {
        "part" : 1713671,
        "total" : 661852696
      },
      "totalNumberOfFiles" : 313,
      "totalNumberOfFilesIndexedByExtensions" : 313,
      "totalFilesSize" : 6548649,
      "indexValueChangerEvaluationSpeed" : {
        "totalBytes" : 6548649,
        "totalCpuTime" : 1713671
      }
    }, {
      "indexId" : "php.invoke.calls.offsets",
      "partOfTotalIndexingTime" : {
        "part" : 1670182,
        "total" : 661852696
      },
      "totalNumberOfFiles" : 313,
      "totalNumberOfFilesIndexedByExtensions" : 313,
      "totalFilesSize" : 6548649,
      "indexValueChangerEvaluationSpeed" : {
        "totalBytes" : 6548649,
        "totalCpuTime" : 1670182
      }
    }, {
      "indexId" : "php.trait.usage",
      "partOfTotalIndexingTime" : {
        "part" : 1668762,
        "total" : 661852696
      },
      "totalNumberOfFiles" : 313,
      "totalNumberOfFilesIndexedByExtensions" : 313,
      "totalFilesSize" : 6548649,
      "indexValueChangerEvaluationSpeed" : {
        "totalBytes" : 6548649,
        "totalCpuTime" : 1668762
      }
    }, {
      "indexId" : "php.functions.with.not.catched.dynamic.passed.calls",
      "partOfTotalIndexingTime" : {
        "part" : 1584514,
        "total" : 661852696
      },
      "totalNumberOfFiles" : 313,
      "totalNumberOfFilesIndexedByExtensions" : 313,
      "totalFilesSize" : 6548649,
      "indexValueChangerEvaluationSpeed" : {
        "totalBytes" : 6548649,
        "totalCpuTime" : 1584514
      }
    }, {
      "indexId" : "php.array.shapes.entries",
      "partOfTotalIndexingTime" : {
        "part" : 1508001,
        "total" : 661852696
      },
      "totalNumberOfFiles" : 313,
      "totalNumberOfFilesIndexedByExtensions" : 313,
      "totalFilesSize" : 6548649,
      "indexValueChangerEvaluationSpeed" : {
        "totalBytes" : 6548649,
        "totalCpuTime" : 1508001
      }
    }, {
      "indexId" : "php.not.used.parameters",
      "partOfTotalIndexingTime" : {
        "part" : 1483380,
        "total" : 661852696
      },
      "totalNumberOfFiles" : 313,
      "totalNumberOfFilesIndexedByExtensions" : 313,
      "totalFilesSize" : 6548649,
      "indexValueChangerEvaluationSpeed" : {
        "totalBytes" : 6548649,
        "totalCpuTime" : 1483380
      }
    }, {
      "indexId" : "php.generator.operands.type.index",
      "partOfTotalIndexingTime" : {
        "part" : 1413439,
        "total" : 661852696
      },
      "totalNumberOfFiles" : 313,
      "totalNumberOfFilesIndexedByExtensions" : 313,
      "totalFilesSize" : 6548649,
      "indexValueChangerEvaluationSpeed" : {
        "totalBytes" : 6548649,
        "totalCpuTime" : 1413439
      }
    }, {
      "indexId" : "php.array.access.offsets",
      "partOfTotalIndexingTime" : {
        "part" : 1386290,
        "total" : 661852696
      },
      "totalNumberOfFiles" : 313,
      "totalNumberOfFilesIndexedByExtensions" : 313,
      "totalFilesSize" : 6548649,
      "indexValueChangerEvaluationSpeed" : {
        "totalBytes" : 6548649,
        "totalCpuTime" : 1386290
      }
    }, {
      "indexId" : "php.method.name",
      "partOfTotalIndexingTime" : {
        "part" : 1329916,
        "total" : 661852696
      },
      "totalNumberOfFiles" : 313,
      "totalNumberOfFilesIndexedByExtensions" : 313,
      "totalFilesSize" : 6548649,
      "indexValueChangerEvaluationSpeed" : {
        "totalBytes" : 6548649,
        "totalCpuTime" : 1329916
      }
    }, {
      "indexId" : "php.field.names.accessed.by.the.constructor",
      "partOfTotalIndexingTime" : {
        "part" : 1325403,
        "total" : 661852696
      },
      "totalNumberOfFiles" : 313,
      "totalNumberOfFilesIndexedByExtensions" : 313,
      "totalFilesSize" : 6548649,
      "indexValueChangerEvaluationSpeed" : {
        "totalBytes" : 6548649,
        "totalCpuTime" : 1325403
      }
    }, {
      "indexId" : "js.custom.single.entry.index",
      "partOfTotalIndexingTime" : {
        "part" : 1265895,
        "total" : 661852696
      },
      "totalNumberOfFiles" : 313,
      "totalNumberOfFilesIndexedByExtensions" : 313,
      "totalFilesSize" : 6548649,
      "indexValueChangerEvaluationSpeed" : {
        "totalBytes" : 6548649,
        "totalCpuTime" : 1265895
      }
    }, {
      "indexId" : "php.exit.point.function.index",
      "partOfTotalIndexingTime" : {
        "part" : 1253438,
        "total" : 661852696
      },
      "totalNumberOfFiles" : 313,
      "totalNumberOfFilesIndexedByExtensions" : 313,
      "totalFilesSize" : 6548649,
      "indexValueChangerEvaluationSpeed" : {
        "totalBytes" : 6548649,
        "totalCpuTime" : 1253438
      }
    }, {
      "indexId" : "php.parameters.default.value.matchers",
      "partOfTotalIndexingTime" : {
        "part" : 1237492,
        "total" : 661852696
      },
      "totalNumberOfFiles" : 313,
      "totalNumberOfFilesIndexedByExtensions" : 313,
      "totalFilesSize" : 6548649,
      "indexValueChangerEvaluationSpeed" : {
        "totalBytes" : 6548649,
        "totalCpuTime" : 1237492
      }
    }, {
      "indexId" : "php.doctag.user.name",
      "partOfTotalIndexingTime" : {
        "part" : 1230672,
        "total" : 661852696
      },
      "totalNumberOfFiles" : 313,
      "totalNumberOfFilesIndexedByExtensions" : 313,
      "totalFilesSize" : 6548649,
      "indexValueChangerEvaluationSpeed" : {
        "totalBytes" : 6548649,
        "totalCpuTime" : 1230672
      }
    }, {
      "indexId" : "php.max.language.level",
      "partOfTotalIndexingTime" : {
        "part" : 1230647,
        "total" : 661852696
      },
      "totalNumberOfFiles" : 313,
      "totalNumberOfFilesIndexedByExtensions" : 313,
      "totalFilesSize" : 6548649,
      "indexValueChangerEvaluationSpeed" : {
        "totalBytes" : 6548649,
        "totalCpuTime" : 1230647
      }
    }, {
      "indexId" : "php.pest.custom_expectations",
      "partOfTotalIndexingTime" : {
        "part" : 1225176,
        "total" : 661852696
      },
      "totalNumberOfFiles" : 313,
      "totalNumberOfFilesIndexedByExtensions" : 313,
      "totalFilesSize" : 6548649,
      "indexValueChangerEvaluationSpeed" : {
        "totalBytes" : 6548649,
        "totalCpuTime" : 1225176
      }
    }, {
      "indexId" : "php.generic.template.index",
      "partOfTotalIndexingTime" : {
        "part" : 1221765,
        "total" : 661852696
      },
      "totalNumberOfFiles" : 313,
      "totalNumberOfFilesIndexedByExtensions" : 313,
      "totalFilesSize" : 6548649,
      "indexValueChangerEvaluationSpeed" : {
        "totalBytes" : 6548649,
        "totalCpuTime" : 1221765
      }
    }, {
      "indexId" : "php.putenv.arguments",
      "partOfTotalIndexingTime" : {
        "part" : 1215742,
        "total" : 661852696
      },
      "totalNumberOfFiles" : 313,
      "totalNumberOfFilesIndexedByExtensions" : 313,
      "totalFilesSize" : 6548649,
      "indexValueChangerEvaluationSpeed" : {
        "totalBytes" : 6548649,
        "totalCpuTime" : 1215742
      }
    }, {
      "indexId" : "php.variable.name",
      "partOfTotalIndexingTime" : {
        "part" : 1213036,
        "total" : 661852696
      },
      "totalNumberOfFiles" : 313,
      "totalNumberOfFilesIndexedByExtensions" : 313,
      "totalFilesSize" : 6548649,
      "indexValueChangerEvaluationSpeed" : {
        "totalBytes" : 6548649,
        "totalCpuTime" : 1213036
      }
    }, {
      "indexId" : "php.fields.default.value.matchers",
      "partOfTotalIndexingTime" : {
        "part" : 1205930,
        "total" : 661852696
      },
      "totalNumberOfFiles" : 313,
      "totalNumberOfFilesIndexedByExtensions" : 313,
      "totalFilesSize" : 6548649,
      "indexValueChangerEvaluationSpeed" : {
        "totalBytes" : 6548649,
        "totalCpuTime" : 1205930
      }
    }, {
      "indexId" : "php.serialize.function.calls.offsets",
      "partOfTotalIndexingTime" : {
        "part" : 1182194,
        "total" : 661852696
      },
      "totalNumberOfFiles" : 313,
      "totalNumberOfFilesIndexedByExtensions" : 313,
      "totalFilesSize" : 6548649,
      "indexValueChangerEvaluationSpeed" : {
        "totalBytes" : 6548649,
        "totalCpuTime" : 1182194
      }
    }, {
      "indexId" : "php.class.alias.fqn",
      "partOfTotalIndexingTime" : {
        "part" : 1179033,
        "total" : 661852696
      },
      "totalNumberOfFiles" : 313,
      "totalNumberOfFilesIndexedByExtensions" : 313,
      "totalFilesSize" : 6548649,
      "indexValueChangerEvaluationSpeed" : {
        "totalBytes" : 6548649,
        "totalCpuTime" : 1179033
      }
    }, {
      "indexId" : "php.function.always.re",
      "partOfTotalIndexingTime" : {
        "part" : 1176015,
        "total" : 661852696
      },
      "totalNumberOfFiles" : 313,
      "totalNumberOfFilesIndexedByExtensions" : 313,
      "totalFilesSize" : 6548649,
      "indexValueChangerEvaluationSpeed" : {
        "totalBytes" : 6548649,
        "totalCpuTime" : 1176015
      }
    }, {
      "indexId" : "php.global.assignment.index",
      "partOfTotalIndexingTime" : {
        "part" : 1165351,
        "total" : 661852696
      },
      "totalNumberOfFiles" : 313,
      "totalNumberOfFilesIndexedByExtensions" : 313,
      "totalFilesSize" : 6548649,
      "indexValueChangerEvaluationSpeed" : {
        "totalBytes" : 6548649,
        "totalCpuTime" : 1165351
      }
    }, {
      "indexId" : "php.class.fqn",
      "partOfTotalIndexingTime" : {
        "part" : 1161574,
        "total" : 661852696
      },
      "totalNumberOfFiles" : 313,
      "totalNumberOfFilesIndexedByExtensions" : 313,
      "totalFilesSize" : 6548649,
      "indexValueChangerEvaluationSpeed" : {
        "totalBytes" : 6548649,
        "totalCpuTime" : 1161574
      }
    }, {
      "indexId" : "php.file.constants.default.value.matchers",
      "partOfTotalIndexingTime" : {
        "part" : 1155728,
        "total" : 661852696
      },
      "totalNumberOfFiles" : 313,
      "totalNumberOfFilesIndexedByExtensions" : 313,
      "totalFilesSize" : 6548649,
      "indexValueChangerEvaluationSpeed" : {
        "totalBytes" : 6548649,
        "totalCpuTime" : 1155728
      }
    }, {
      "indexId" : "php.unit.data.providers",
      "partOfTotalIndexingTime" : {
        "part" : 1154989,
        "total" : 661852696
      },
      "totalNumberOfFiles" : 313,
      "totalNumberOfFilesIndexedByExtensions" : 313,
      "totalFilesSize" : 6548649,
      "indexValueChangerEvaluationSpeed" : {
        "totalBytes" : 6548649,
        "totalCpuTime" : 1154989
      }
    }, {
      "indexId" : "php.namespace.inheritance",
      "partOfTotalIndexingTime" : {
        "part" : 1130835,
        "total" : 661852696
      },
      "totalNumberOfFiles" : 313,
      "totalNumberOfFilesIndexedByExtensions" : 313,
      "totalFilesSize" : 6548649,
      "indexValueChangerEvaluationSpeed" : {
        "totalBytes" : 6548649,
        "totalCpuTime" : 1130835
      }
    }, {
      "indexId" : "rector.config.files",
      "partOfTotalIndexingTime" : {
        "part" : 1120834,
        "total" : 661852696
      },
      "totalNumberOfFiles" : 313,
      "totalNumberOfFilesIndexedByExtensions" : 313,
      "totalFilesSize" : 6548649,
      "indexValueChangerEvaluationSpeed" : {
        "totalBytes" : 6548649,
        "totalCpuTime" : 1120834
      }
    }, {
      "indexId" : "wordpress.hook.callbacks",
      "partOfTotalIndexingTime" : {
        "part" : 1111144,
        "total" : 661852696
      },
      "totalNumberOfFiles" : 313,
      "totalNumberOfFilesIndexedByExtensions" : 313,
      "totalFilesSize" : 6548649,
      "indexValueChangerEvaluationSpeed" : {
        "totalBytes" : 6548649,
        "totalCpuTime" : 1111144
      }
    }, {
      "indexId" : "drupal.hook.name",
      "partOfTotalIndexingTime" : {
        "part" : 1104944,
        "total" : 661852696
      },
      "totalNumberOfFiles" : 313,
      "totalNumberOfFilesIndexedByExtensions" : 313,
      "totalFilesSize" : 6548649,
      "indexValueChangerEvaluationSpeed" : {
        "totalBytes" : 6548649,
        "totalCpuTime" : 1104944
      }
    }, {
      "indexId" : "php.interface.fqn",
      "partOfTotalIndexingTime" : {
        "part" : 1101475,
        "total" : 661852696
      },
      "totalNumberOfFiles" : 313,
      "totalNumberOfFilesIndexedByExtensions" : 313,
      "totalFilesSize" : 6548649,
      "indexValueChangerEvaluationSpeed" : {
        "totalBytes" : 6548649,
        "totalCpuTime" : 1101475
      }
    }, {
      "indexId" : "psalm.constant.reference.wildcard",
      "partOfTotalIndexingTime" : {
        "part" : 1094431,
        "total" : 661852696
      },
      "totalNumberOfFiles" : 313,
      "totalNumberOfFilesIndexedByExtensions" : 313,
      "totalFilesSize" : 6548649,
      "indexValueChangerEvaluationSpeed" : {
        "totalBytes" : 6548649,
        "totalCpuTime" : 1094431
      }
    }, {
      "indexId" : "php.unit.covers",
      "partOfTotalIndexingTime" : {
        "part" : 1091609,
        "total" : 661852696
      },
      "totalNumberOfFiles" : 313,
      "totalNumberOfFilesIndexedByExtensions" : 313,
      "totalFilesSize" : 6548649,
      "indexValueChangerEvaluationSpeed" : {
        "totalBytes" : 6548649,
        "totalCpuTime" : 1091609
      }
    }, {
      "indexId" : "php.meta.type.inference.mapping",
      "partOfTotalIndexingTime" : {
        "part" : 1027732,
        "total" : 661852696
      },
      "totalNumberOfFiles" : 9,
      "totalNumberOfFilesIndexedByExtensions" : 9,
      "totalFilesSize" : 114429,
      "indexValueChangerEvaluationSpeed" : {
        "totalBytes" : 114429,
        "totalCpuTime" : 1027732
      }
    }, {
      "indexId" : "psalm.no.return",
      "partOfTotalIndexingTime" : {
        "part" : 1022719,
        "total" : 661852696
      },
      "totalNumberOfFiles" : 313,
      "totalNumberOfFilesIndexedByExtensions" : 313,
      "totalFilesSize" : 6548649,
      "indexValueChangerEvaluationSpeed" : {
        "totalBytes" : 6548649,
        "totalCpuTime" : 1022719
      }
    } ],
    "statisticsOfChangedDuringIndexingFiles" : {
      "numberOfFiles" : 0,
      "retrievingTime" : 9349709
    },
    "fileProviderStatistics" : [ {
      "providerName" : "Custom kind roots from entity (pspell, zip, rar, ..., empty)",
      "totalNumberOfIndexedFiles" : 313,
      "totalNumberOfFilesFullyIndexedByExtensions" : 313,
      "totalNumberOfNothingToWriteFiles" : 0,
      "totalIndexingVisibleTime" : 779932191,
      "contentLoadingVisibleTime" : 120316208,
      "numberOfTooLargeForIndexingFiles" : 0,
      "slowIndexedFiles" : [ ],
      "filesFullyIndexedByExtensions" : [ ],
      "separateApplyingIndexesVisibleTime" : 404175901
    }, {
      "providerName" : "Custom kind roots from entity (sass_functions.scss, sass_color.scss, sass_list.scss, ..., empty)",
      "totalNumberOfIndexedFiles" : 8,
      "totalNumberOfFilesFullyIndexedByExtensions" : 0,
      "totalNumberOfNothingToWriteFiles" : 0,
      "totalIndexingVisibleTime" : 92075453,
      "contentLoadingVisibleTime" : 3461957,
      "numberOfTooLargeForIndexingFiles" : 0,
      "slowIndexedFiles" : [ ],
      "filesFullyIndexedByExtensions" : [ ],
      "separateApplyingIndexesVisibleTime" : 6208436
    }, {
      "providerName" : "Refreshed files",
      "totalNumberOfIndexedFiles" : 0,
      "totalNumberOfFilesFullyIndexedByExtensions" : 0,
      "totalNumberOfNothingToWriteFiles" : 0,
      "totalIndexingVisibleTime" : 0,
      "contentLoadingVisibleTime" : 0,
      "numberOfTooLargeForIndexingFiles" : 0,
      "slowIndexedFiles" : [ ],
      "filesFullyIndexedByExtensions" : [ ],
      "separateApplyingIndexesVisibleTime" : 0
    } ],
    "visibleTimeToAllThreadTimeRatio" : 0.0
  }
}