{
  "appInfo" : {
    "build" : "233.13135.108",
    "buildDate" : "2023-12-21T08:17:00Z[UTC]",
    "productCode" : "PS",
    "generated" : "2024-01-24T00:15:38.365067Z",
    "os" : "macOS 13.6",
    "runtime" : "JetBrains s.r.o. 17.0.9 17.0.9+7-b1087.9"
  },
  "runtimeInfo" : {
    "maxMemory" : 2147483648,
    "numberOfProcessors" : 4,
    "maxNumberOfIndexingThreads" : 3,
    "maxSizeOfFileForIntelliSense" : 2560000,
    "maxSizeOfFileForContentLoading" : 20971520
  },
  "type" : "DumbIndexing",
  "projectIndexingActivityHistory" : {
    "projectName" : "untitled",
    "times" : {
      "scanningIds" : [ 3 ],
      "contentLoadingVisibleTime" : 153133336,
      "retrievingChangedDuringIndexingFilesTime" : 10953728,
      "separateApplyingIndexesVisibleTime" : 457061583,
      "updatingStart" : "2024-01-24T00:15:33.57171Z",
      "updatingEnd" : "2024-01-24T00:15:38.364311Z",
      "totalWallTimeWithPauses" : 4792616848,
      "wallTimeOnPause" : 0,
      "wasInterrupted" : false,
      "dumbWallTimeWithoutPauses" : 4792616848,
      "dumbModeStart" : "2024-01-24T00:15:33.57171Z",
      "dumbWallTimeWithPauses" : 4792616848,
      "totalWallTimeWithoutPauses" : 4792616848
    },
    "fileCount" : {
      "numberOfChangedDuringIndexingFiles" : 0,
      "numberOfFilesIndexedByInfrastructureExtensionsDuringIndexingStage" : 0,
      "numberOfFilesIndexedWithLoadingContent" : 239,
      "numberOfNothingToWriteFiles" : 0
    },
    "totalStatsPerFileType" : [ {
      "fileType" : "TypeScript",
      "partOfTotalProcessingTime" : {
        "part" : 7381283321,
        "total" : 11646823273
      },
      "partOfTotalContentLoadingTime" : {
        "part" : 219484388,
        "total" : 373679057
      },
      "totalNumberOfFiles" : 79,
      "totalFilesSize" : 2456208,
      "totalProcessingSpeed" : {
        "totalBytes" : 2456208,
        "totalCpuTime" : 7381283321
      },
      "biggestContributors" : [ {
        "providerName" : "Indexable set contributor 'JS required libraries' (project)",
        "numberOfFiles" : 79,
        "totalFilesSize" : 2456208,
        "partOfTotalProcessingTimeOfThisFileType" : {
          "part" : 7381283321,
          "total" : 7381283321
        }
      } ]
    }, {
      "fileType" : "Flow",
      "partOfTotalProcessingTime" : {
        "part" : 1568179192,
        "total" : 11646823273
      },
      "partOfTotalContentLoadingTime" : {
        "part" : 14777407,
        "total" : 373679057
      },
      "totalNumberOfFiles" : 11,
      "totalFilesSize" : 140172,
      "totalProcessingSpeed" : {
        "totalBytes" : 140172,
        "totalCpuTime" : 1568179192
      },
      "biggestContributors" : [ {
        "providerName" : "Indexable set contributor 'JS required libraries' (project)",
        "numberOfFiles" : 11,
        "totalFilesSize" : 140172,
        "partOfTotalProcessingTimeOfThisFileType" : {
          "part" : 1568179192,
          "total" : 1568179192
        }
      } ]
    }, {
      "fileType" : "XML",
      "partOfTotalProcessingTime" : {
        "part" : 1307043178,
        "total" : 11646823273
      },
      "partOfTotalContentLoadingTime" : {
        "part" : 29226536,
        "total" : 373679057
      },
      "totalNumberOfFiles" : 11,
      "totalFilesSize" : 652914,
      "totalProcessingSpeed" : {
        "totalBytes" : 652914,
        "totalCpuTime" : 1307043178
      },
      "biggestContributors" : [ {
        "providerName" : "Indexable set contributor 'com.intellij.javaee.ExternalResourcesRootsProvider@13f62ae2' (non-project)",
        "numberOfFiles" : 11,
        "totalFilesSize" : 652914,
        "partOfTotalProcessingTimeOfThisFileType" : {
          "part" : 1307043178,
          "total" : 1307043178
        }
      } ]
    }, {
      "fileType" : "XHTML",
      "partOfTotalProcessingTime" : {
        "part" : 643804930,
        "total" : 11646823273
      },
      "partOfTotalContentLoadingTime" : {
        "part" : 1949911,
        "total" : 373679057
      },
      "totalNumberOfFiles" : 1,
      "totalFilesSize" : 2908,
      "totalProcessingSpeed" : {
        "totalBytes" : 2908,
        "totalCpuTime" : 643804930
      },
      "biggestContributors" : [ {
        "providerName" : "Indexable set contributor 'com.intellij.javaee.ExternalResourcesRootsProvider@13f62ae2' (non-project)",
        "numberOfFiles" : 1,
        "totalFilesSize" : 2908,
        "partOfTotalProcessingTimeOfThisFileType" : {
          "part" : 643804930,
          "total" : 643804930
        }
      } ]
    }, {
      "fileType" : "RNG Compact",
      "partOfTotalProcessingTime" : {
        "part" : 458831805,
        "total" : 11646823273
      },
      "partOfTotalContentLoadingTime" : {
        "part" : 82229133,
        "total" : 373679057
      },
      "totalNumberOfFiles" : 118,
      "totalFilesSize" : 436229,
      "totalProcessingSpeed" : {
        "totalBytes" : 436229,
        "totalCpuTime" : 458831805
      },
      "biggestContributors" : [ {
        "providerName" : "Indexable set contributor 'com.intellij.javaee.ExternalResourcesRootsProvider@13f62ae2' (non-project)",
        "numberOfFiles" : 118,
        "totalFilesSize" : 436229,
        "partOfTotalProcessingTimeOfThisFileType" : {
          "part" : 458831805,
          "total" : 458831805
        }
      } ]
    }, {
      "fileType" : "DTD",
      "partOfTotalProcessingTime" : {
        "part" : 251682138,
        "total" : 11646823273
      },
      "partOfTotalContentLoadingTime" : {
        "part" : 22784516,
        "total" : 373679057
      },
      "totalNumberOfFiles" : 8,
      "totalFilesSize" : 184795,
      "totalProcessingSpeed" : {
        "totalBytes" : 184795,
        "totalCpuTime" : 251682138
      },
      "biggestContributors" : [ {
        "providerName" : "Indexable set contributor 'com.intellij.javaee.ExternalResourcesRootsProvider@13f62ae2' (non-project)",
        "numberOfFiles" : 8,
        "totalFilesSize" : 184795,
        "partOfTotalProcessingTimeOfThisFileType" : {
          "part" : 251682138,
          "total" : 251682138
        }
      } ]
    }, {
      "fileType" : "PHP",
      "partOfTotalProcessingTime" : {
        "part" : 19500839,
        "total" : 11646823273
      },
      "partOfTotalContentLoadingTime" : {
        "part" : 962567,
        "total" : 373679057
      },
      "totalNumberOfFiles" : 1,
      "totalFilesSize" : 218,
      "totalProcessingSpeed" : {
        "totalBytes" : 218,
        "totalCpuTime" : 19500839
      },
      "biggestContributors" : [ {
        "providerName" : "Module 'untitled' (all roots)",
        "numberOfFiles" : 1,
        "totalFilesSize" : 218,
        "partOfTotalProcessingTimeOfThisFileType" : {
          "part" : 19500839,
          "total" : 19500839
        }
      } ]
    }, {
      "fileType" : "PATCH",
      "partOfTotalProcessingTime" : {
        "part" : 10719470,
        "total" : 11646823273
      },
      "partOfTotalContentLoadingTime" : {
        "part" : 1998002,
        "total" : 373679057
      },
      "totalNumberOfFiles" : 8,
      "totalFilesSize" : 4449,
      "totalProcessingSpeed" : {
        "totalBytes" : 4449,
        "totalCpuTime" : 10719470
      },
      "biggestContributors" : [ {
        "providerName" : "Indexable set contributor 'com.intellij.javaee.ExternalResourcesRootsProvider@13f62ae2' (non-project)",
        "numberOfFiles" : 8,
        "totalFilesSize" : 4449,
        "partOfTotalProcessingTimeOfThisFileType" : {
          "part" : 10719470,
          "total" : 10719470
        }
      } ]
    }, {
      "fileType" : "PLAIN_TEXT",
      "partOfTotalProcessingTime" : {
        "part" : 5778400,
        "total" : 11646823273
      },
      "partOfTotalContentLoadingTime" : {
        "part" : 266597,
        "total" : 373679057
      },
      "totalNumberOfFiles" : 2,
      "totalFilesSize" : 5550,
      "totalProcessingSpeed" : {
        "totalBytes" : 5550,
        "totalCpuTime" : 5778400
      },
      "biggestContributors" : [ {
        "providerName" : "Module 'untitled' (all roots)",
        "numberOfFiles" : 1,
        "totalFilesSize" : 4254,
        "partOfTotalProcessingTimeOfThisFileType" : {
          "part" : 3805180,
          "total" : 5778400
        }
      }, {
        "providerName" : "Indexable set contributor 'com.intellij.javaee.ExternalResourcesRootsProvider@13f62ae2' (non-project)",
        "numberOfFiles" : 1,
        "totalFilesSize" : 1296,
        "partOfTotalProcessingTimeOfThisFileType" : {
          "part" : 1973220,
          "total" : 5778400
        }
      } ]
    } ],
    "totalStatsPerBaseLanguage" : [ {
      "language" : "JavaScript",
      "partOfTotalProcessingTime" : {
        "part" : 8949462513,
        "total" : 11646823273
      },
      "partOfTotalContentLoadingTime" : {
        "part" : 388456464,
        "total" : 373679057
      },
      "totalNumberOfFiles" : 90,
      "totalFilesSize" : 2596380,
      "totalProcessingSpeed" : {
        "totalBytes" : 2596380,
        "totalCpuTime" : 8949462513
      }
    }, {
      "language" : "TypeScript",
      "partOfTotalProcessingTime" : {
        "part" : 7381283321,
        "total" : 11646823273
      },
      "partOfTotalContentLoadingTime" : {
        "part" : 593163445,
        "total" : 373679057
      },
      "totalNumberOfFiles" : 79,
      "totalFilesSize" : 2456208,
      "totalProcessingSpeed" : {
        "totalBytes" : 2456208,
        "totalCpuTime" : 7381283321
      }
    }, {
      "language" : "XML",
      "partOfTotalProcessingTime" : {
        "part" : 2202530246,
        "total" : 11646823273
      },
      "partOfTotalContentLoadingTime" : {
        "part" : 375628968,
        "total" : 373679057
      },
      "totalNumberOfFiles" : 20,
      "totalFilesSize" : 840617,
      "totalProcessingSpeed" : {
        "totalBytes" : 840617,
        "totalCpuTime" : 2202530246
      }
    }, {
      "language" : "Flow JS",
      "partOfTotalProcessingTime" : {
        "part" : 1568179192,
        "total" : 11646823273
      },
      "partOfTotalContentLoadingTime" : {
        "part" : 388456464,
        "total" : 373679057
      },
      "totalNumberOfFiles" : 11,
      "totalFilesSize" : 140172,
      "totalProcessingSpeed" : {
        "totalBytes" : 140172,
        "totalCpuTime" : 1568179192
      }
    }, {
      "language" : "ECMAScript 6",
      "partOfTotalProcessingTime" : {
        "part" : 1568179192,
        "total" : 11646823273
      },
      "partOfTotalContentLoadingTime" : {
        "part" : 388456464,
        "total" : 373679057
      },
      "totalNumberOfFiles" : 11,
      "totalFilesSize" : 140172,
      "totalProcessingSpeed" : {
        "totalBytes" : 140172,
        "totalCpuTime" : 1568179192
      }
    }, {
      "language" : "XHTML",
      "partOfTotalProcessingTime" : {
        "part" : 643804930,
        "total" : 11646823273
      },
      "partOfTotalContentLoadingTime" : {
        "part" : 375628968,
        "total" : 373679057
      },
      "totalNumberOfFiles" : 1,
      "totalFilesSize" : 2908,
      "totalProcessingSpeed" : {
        "totalBytes" : 2908,
        "totalCpuTime" : 643804930
      }
    }, {
      "language" : "RELAX-NG",
      "partOfTotalProcessingTime" : {
        "part" : 458831805,
        "total" : 11646823273
      },
      "partOfTotalContentLoadingTime" : {
        "part" : 455908190,
        "total" : 373679057
      },
      "totalNumberOfFiles" : 118,
      "totalFilesSize" : 436229,
      "totalProcessingSpeed" : {
        "totalBytes" : 436229,
        "totalCpuTime" : 458831805
      }
    }, {
      "language" : "DTD",
      "partOfTotalProcessingTime" : {
        "part" : 251682138,
        "total" : 11646823273
      },
      "partOfTotalContentLoadingTime" : {
        "part" : 396463573,
        "total" : 373679057
      },
      "totalNumberOfFiles" : 8,
      "totalFilesSize" : 184795,
      "totalProcessingSpeed" : {
        "totalBytes" : 184795,
        "totalCpuTime" : 251682138
      }
    }, {
      "language" : "PHP",
      "partOfTotalProcessingTime" : {
        "part" : 19500839,
        "total" : 11646823273
      },
      "partOfTotalContentLoadingTime" : {
        "part" : 374641624,
        "total" : 373679057
      },
      "totalNumberOfFiles" : 1,
      "totalFilesSize" : 218,
      "totalProcessingSpeed" : {
        "totalBytes" : 218,
        "totalCpuTime" : 19500839
      }
    }, {
      "language" : "TEXT",
      "partOfTotalProcessingTime" : {
        "part" : 5778400,
        "total" : 11646823273
      },
      "partOfTotalContentLoadingTime" : {
        "part" : 373945654,
        "total" : 373679057
      },
      "totalNumberOfFiles" : 2,
      "totalFilesSize" : 5550,
      "totalProcessingSpeed" : {
        "totalBytes" : 5550,
        "totalCpuTime" : 5778400
      }
    } ],
    "totalStatsPerIndexer" : [ {
      "indexId" : "Stubs",
      "partOfTotalIndexingTime" : {
        "part" : 6589515141,
        "total" : 9816019154
      },
      "totalNumberOfFiles" : 102,
      "totalNumberOfFilesIndexedByExtensions" : 0,
      "totalFilesSize" : 3249512,
      "indexValueChangerEvaluationSpeed" : {
        "totalBytes" : 3249512,
        "totalCpuTime" : 6589515141
      }
    }, {
      "indexId" : "IdIndex",
      "partOfTotalIndexingTime" : {
        "part" : 2186254741,
        "total" : 9816019154
      },
      "totalNumberOfFiles" : 231,
      "totalNumberOfFilesIndexedByExtensions" : 0,
      "totalFilesSize" : 3878994,
      "indexValueChangerEvaluationSpeed" : {
        "totalBytes" : 3878994,
        "totalCpuTime" : 2186254741
      }
    }, {
      "indexId" : "Trigram.Index",
      "partOfTotalIndexingTime" : {
        "part" : 433728877,
        "total" : 9816019154
      },
      "totalNumberOfFiles" : 239,
      "totalNumberOfFilesIndexedByExtensions" : 0,
      "totalFilesSize" : 3883443,
      "indexValueChangerEvaluationSpeed" : {
        "totalBytes" : 3883443,
        "totalCpuTime" : 433728877
      }
    }, {
      "indexId" : "XmlNamespaces",
      "partOfTotalIndexingTime" : {
        "part" : 241779721,
        "total" : 9816019154
      },
      "totalNumberOfFiles" : 8,
      "totalNumberOfFilesIndexedByExtensions" : 0,
      "totalFilesSize" : 456160,
      "indexValueChangerEvaluationSpeed" : {
        "totalBytes" : 456160,
        "totalCpuTime" : 241779721
      }
    }, {
      "indexId" : "XmlTagNames",
      "partOfTotalIndexingTime" : {
        "part" : 170200710,
        "total" : 9816019154
      },
      "totalNumberOfFiles" : 6,
      "totalNumberOfFilesIndexedByExtensions" : 0,
      "totalFilesSize" : 322480,
      "indexValueChangerEvaluationSpeed" : {
        "totalBytes" : 322480,
        "totalCpuTime" : 170200710
      }
    }, {
      "indexId" : "SchemaTypeInheritance",
      "partOfTotalIndexingTime" : {
        "part" : 135257599,
        "total" : 9816019154
      },
      "totalNumberOfFiles" : 6,
      "totalNumberOfFilesIndexedByExtensions" : 0,
      "totalFilesSize" : 322480,
      "indexValueChangerEvaluationSpeed" : {
        "totalBytes" : 322480,
        "totalCpuTime" : 135257599
      }
    }, {
      "indexId" : "DomFileIndex",
      "partOfTotalIndexingTime" : {
        "part" : 43469441,
        "total" : 9816019154
      },
      "totalNumberOfFiles" : 11,
      "totalNumberOfFilesIndexedByExtensions" : 0,
      "totalFilesSize" : 652914,
      "indexValueChangerEvaluationSpeed" : {
        "totalBytes" : 652914,
        "totalCpuTime" : 43469441
      }
    }, {
      "indexId" : "php.class.name",
      "partOfTotalIndexingTime" : {
        "part" : 6947059,
        "total" : 9816019154
      },
      "totalNumberOfFiles" : 1,
      "totalNumberOfFilesIndexedByExtensions" : 0,
      "totalFilesSize" : 218,
      "indexValueChangerEvaluationSpeed" : {
        "totalBytes" : 218,
        "totalCpuTime" : 6947059
      }
    }, {
      "indexId" : "js.custom.single.entry.index",
      "partOfTotalIndexingTime" : {
        "part" : 2181156,
        "total" : 9816019154
      },
      "totalNumberOfFiles" : 91,
      "totalNumberOfFilesIndexedByExtensions" : 0,
      "totalFilesSize" : 2596598,
      "indexValueChangerEvaluationSpeed" : {
        "totalBytes" : 2596598,
        "totalCpuTime" : 2181156
      }
    }, {
      "indexId" : "js.string.literal.words.index",
      "partOfTotalIndexingTime" : {
        "part" : 1731035,
        "total" : 9816019154
      },
      "totalNumberOfFiles" : 90,
      "totalNumberOfFilesIndexedByExtensions" : 0,
      "totalFilesSize" : 2596380,
      "indexValueChangerEvaluationSpeed" : {
        "totalBytes" : 2596380,
        "totalCpuTime" : 1731035
      }
    }, {
      "indexId" : "php.max.language.level",
      "partOfTotalIndexingTime" : {
        "part" : 969746,
        "total" : 9816019154
      },
      "totalNumberOfFiles" : 1,
      "totalNumberOfFilesIndexedByExtensions" : 0,
      "totalFilesSize" : 218,
      "indexValueChangerEvaluationSpeed" : {
        "totalBytes" : 218,
        "totalCpuTime" : 969746
      }
    }, {
      "indexId" : "php.invoke.calls.offsets",
      "partOfTotalIndexingTime" : {
        "part" : 877810,
        "total" : 9816019154
      },
      "totalNumberOfFiles" : 1,
      "totalNumberOfFilesIndexedByExtensions" : 0,
      "totalFilesSize" : 218,
      "indexValueChangerEvaluationSpeed" : {
        "totalBytes" : 218,
        "totalCpuTime" : 877810
      }
    }, {
      "indexId" : "css.template.selectors",
      "partOfTotalIndexingTime" : {
        "part" : 597125,
        "total" : 9816019154
      },
      "totalNumberOfFiles" : 1,
      "totalNumberOfFilesIndexedByExtensions" : 0,
      "totalFilesSize" : 218,
      "indexValueChangerEvaluationSpeed" : {
        "totalBytes" : 218,
        "totalCpuTime" : 597125
      }
    }, {
      "indexId" : "HashFragmentIndex",
      "partOfTotalIndexingTime" : {
        "part" : 382938,
        "total" : 9816019154
      },
      "totalNumberOfFiles" : 1,
      "totalNumberOfFilesIndexedByExtensions" : 0,
      "totalFilesSize" : 218,
      "indexValueChangerEvaluationSpeed" : {
        "totalBytes" : 218,
        "totalCpuTime" : 382938
      }
    }, {
      "indexId" : "js.test.names",
      "partOfTotalIndexingTime" : {
        "part" : 356171,
        "total" : 9816019154
      },
      "totalNumberOfFiles" : 11,
      "totalNumberOfFilesIndexedByExtensions" : 0,
      "totalFilesSize" : 140172,
      "indexValueChangerEvaluationSpeed" : {
        "totalBytes" : 140172,
        "totalCpuTime" : 356171
      }
    }, {
      "indexId" : "CssIndex",
      "partOfTotalIndexingTime" : {
        "part" : 245077,
        "total" : 9816019154
      },
      "totalNumberOfFiles" : 1,
      "totalNumberOfFilesIndexedByExtensions" : 0,
      "totalFilesSize" : 218,
      "indexValueChangerEvaluationSpeed" : {
        "totalBytes" : 218,
        "totalCpuTime" : 245077
      }
    }, {
      "indexId" : "php.class.alias.fqn",
      "partOfTotalIndexingTime" : {
        "part" : 96584,
        "total" : 9816019154
      },
      "totalNumberOfFiles" : 1,
      "totalNumberOfFilesIndexedByExtensions" : 0,
      "totalFilesSize" : 218,
      "indexValueChangerEvaluationSpeed" : {
        "totalBytes" : 218,
        "totalCpuTime" : 96584
      }
    }, {
      "indexId" : "php.doctag.user.name",
      "partOfTotalIndexingTime" : {
        "part" : 95018,
        "total" : 9816019154
      },
      "totalNumberOfFiles" : 1,
      "totalNumberOfFilesIndexedByExtensions" : 0,
      "totalFilesSize" : 218,
      "indexValueChangerEvaluationSpeed" : {
        "totalBytes" : 218,
        "totalCpuTime" : 95018
      }
    }, {
      "indexId" : "php.variable.name",
      "partOfTotalIndexingTime" : {
        "part" : 78891,
        "total" : 9816019154
      },
      "totalNumberOfFiles" : 1,
      "totalNumberOfFilesIndexedByExtensions" : 0,
      "totalFilesSize" : 218,
      "indexValueChangerEvaluationSpeed" : {
        "totalBytes" : 218,
        "totalCpuTime" : 78891
      }
    }, {
      "indexId" : "php.global.assignment.index",
      "partOfTotalIndexingTime" : {
        "part" : 78377,
        "total" : 9816019154
      },
      "totalNumberOfFiles" : 1,
      "totalNumberOfFilesIndexedByExtensions" : 0,
      "totalFilesSize" : 218,
      "indexValueChangerEvaluationSpeed" : {
        "totalBytes" : 218,
        "totalCpuTime" : 78377
      }
    }, {
      "indexId" : "php.expected.function.arguments",
      "partOfTotalIndexingTime" : {
        "part" : 71626,
        "total" : 9816019154
      },
      "totalNumberOfFiles" : 1,
      "totalNumberOfFilesIndexedByExtensions" : 0,
      "totalFilesSize" : 218,
      "indexValueChangerEvaluationSpeed" : {
        "totalBytes" : 218,
        "totalCpuTime" : 71626
      }
    }, {
      "indexId" : "php.pest.custom_expectations",
      "partOfTotalIndexingTime" : {
        "part" : 57349,
        "total" : 9816019154
      },
      "totalNumberOfFiles" : 1,
      "totalNumberOfFilesIndexedByExtensions" : 0,
      "totalFilesSize" : 218,
      "indexValueChangerEvaluationSpeed" : {
        "totalBytes" : 218,
        "totalCpuTime" : 57349
      }
    }, {
      "indexId" : "php.serialize.function.calls.offsets",
      "partOfTotalIndexingTime" : {
        "part" : 53229,
        "total" : 9816019154
      },
      "totalNumberOfFiles" : 1,
      "totalNumberOfFilesIndexedByExtensions" : 0,
      "totalFilesSize" : 218,
      "indexValueChangerEvaluationSpeed" : {
        "totalBytes" : 218,
        "totalCpuTime" : 53229
      }
    }, {
      "indexId" : "php.array.shapes.entries",
      "partOfTotalIndexingTime" : {
        "part" : 47436,
        "total" : 9816019154
      },
      "totalNumberOfFiles" : 1,
      "totalNumberOfFilesIndexedByExtensions" : 0,
      "totalFilesSize" : 218,
      "indexValueChangerEvaluationSpeed" : {
        "totalBytes" : 218,
        "totalCpuTime" : 47436
      }
    }, {
      "indexId" : "HtmlTagIdIndex",
      "partOfTotalIndexingTime" : {
        "part" : 47113,
        "total" : 9816019154
      },
      "totalNumberOfFiles" : 1,
      "totalNumberOfFilesIndexedByExtensions" : 0,
      "totalFilesSize" : 218,
      "indexValueChangerEvaluationSpeed" : {
        "totalBytes" : 218,
        "totalCpuTime" : 47113
      }
    }, {
      "indexId" : "php.fields.default.value.matchers",
      "partOfTotalIndexingTime" : {
        "part" : 46213,
        "total" : 9816019154
      },
      "totalNumberOfFiles" : 1,
      "totalNumberOfFilesIndexedByExtensions" : 0,
      "totalFilesSize" : 218,
      "indexValueChangerEvaluationSpeed" : {
        "totalBytes" : 218,
        "totalCpuTime" : 46213
      }
    }, {
      "indexId" : "psalm.constant.reference.wildcard",
      "partOfTotalIndexingTime" : {
        "part" : 45388,
        "total" : 9816019154
      },
      "totalNumberOfFiles" : 1,
      "totalNumberOfFilesIndexedByExtensions" : 0,
      "totalFilesSize" : 218,
      "indexValueChangerEvaluationSpeed" : {
        "totalBytes" : 218,
        "totalCpuTime" : 45388
      }
    }, {
      "indexId" : "php.doc.type.aliases.index",
      "partOfTotalIndexingTime" : {
        "part" : 44408,
        "total" : 9816019154
      },
      "totalNumberOfFiles" : 1,
      "totalNumberOfFilesIndexedByExtensions" : 0,
      "totalFilesSize" : 218,
      "indexValueChangerEvaluationSpeed" : {
        "totalBytes" : 218,
        "totalCpuTime" : 44408
      }
    }, {
      "indexId" : "php.generic.template.index",
      "partOfTotalIndexingTime" : {
        "part" : 42773,
        "total" : 9816019154
      },
      "totalNumberOfFiles" : 1,
      "totalNumberOfFilesIndexedByExtensions" : 0,
      "totalFilesSize" : 218,
      "indexValueChangerEvaluationSpeed" : {
        "totalBytes" : 218,
        "totalCpuTime" : 42773
      }
    }, {
      "indexId" : "php.used.parameters.array.keys",
      "partOfTotalIndexingTime" : {
        "part" : 42220,
        "total" : 9816019154
      },
      "totalNumberOfFiles" : 1,
      "totalNumberOfFilesIndexedByExtensions" : 0,
      "totalFilesSize" : 218,
      "indexValueChangerEvaluationSpeed" : {
        "totalBytes" : 218,
        "totalCpuTime" : 42220
      }
    }, {
      "indexId" : "php.class.attributes.name",
      "partOfTotalIndexingTime" : {
        "part" : 38492,
        "total" : 9816019154
      },
      "totalNumberOfFiles" : 1,
      "totalNumberOfFilesIndexedByExtensions" : 0,
      "totalFilesSize" : 218,
      "indexValueChangerEvaluationSpeed" : {
        "totalBytes" : 218,
        "totalCpuTime" : 38492
      }
    }, {
      "indexId" : "php.parameters.default.value.matchers",
      "partOfTotalIndexingTime" : {
        "part" : 37587,
        "total" : 9816019154
      },
      "totalNumberOfFiles" : 1,
      "totalNumberOfFilesIndexedByExtensions" : 0,
      "totalFilesSize" : 218,
      "indexValueChangerEvaluationSpeed" : {
        "totalBytes" : 218,
        "totalCpuTime" : 37587
      }
    }, {
      "indexId" : "php.field.names.accessed.by.the.constructor",
      "partOfTotalIndexingTime" : {
        "part" : 30789,
        "total" : 9816019154
      },
      "totalNumberOfFiles" : 1,
      "totalNumberOfFilesIndexedByExtensions" : 0,
      "totalFilesSize" : 218,
      "indexValueChangerEvaluationSpeed" : {
        "totalBytes" : 218,
        "totalCpuTime" : 30789
      }
    }, {
      "indexId" : "php.generator.operands.type.index",
      "partOfTotalIndexingTime" : {
        "part" : 30602,
        "total" : 9816019154
      },
      "totalNumberOfFiles" : 1,
      "totalNumberOfFilesIndexedByExtensions" : 0,
      "totalFilesSize" : 218,
      "indexValueChangerEvaluationSpeed" : {
        "totalBytes" : 218,
        "totalCpuTime" : 30602
      }
    }, {
      "indexId" : "rector.config.files",
      "partOfTotalIndexingTime" : {
        "part" : 30320,
        "total" : 9816019154
      },
      "totalNumberOfFiles" : 1,
      "totalNumberOfFilesIndexedByExtensions" : 0,
      "totalFilesSize" : 218,
      "indexValueChangerEvaluationSpeed" : {
        "totalBytes" : 218,
        "totalCpuTime" : 30320
      }
    }, {
      "indexId" : "php.func.get.arg.usage.index",
      "partOfTotalIndexingTime" : {
        "part" : 28949,
        "total" : 9816019154
      },
      "totalNumberOfFiles" : 1,
      "totalNumberOfFilesIndexedByExtensions" : 0,
      "totalFilesSize" : 218,
      "indexValueChangerEvaluationSpeed" : {
        "totalBytes" : 218,
        "totalCpuTime" : 28949
      }
    }, {
      "indexId" : "php.not.used.parameters",
      "partOfTotalIndexingTime" : {
        "part" : 28839,
        "total" : 9816019154
      },
      "totalNumberOfFiles" : 1,
      "totalNumberOfFilesIndexedByExtensions" : 0,
      "totalFilesSize" : 218,
      "indexValueChangerEvaluationSpeed" : {
        "totalBytes" : 218,
        "totalCpuTime" : 28839
      }
    }, {
      "indexId" : "php.expected.function.return.values",
      "partOfTotalIndexingTime" : {
        "part" : 27260,
        "total" : 9816019154
      },
      "totalNumberOfFiles" : 1,
      "totalNumberOfFilesIndexedByExtensions" : 0,
      "totalFilesSize" : 218,
      "indexValueChangerEvaluationSpeed" : {
        "totalBytes" : 218,
        "totalCpuTime" : 27260
      }
    }, {
      "indexId" : "php.array.access.offsets",
      "partOfTotalIndexingTime" : {
        "part" : 27113,
        "total" : 9816019154
      },
      "totalNumberOfFiles" : 1,
      "totalNumberOfFilesIndexedByExtensions" : 0,
      "totalFilesSize" : 218,
      "indexValueChangerEvaluationSpeed" : {
        "totalBytes" : 218,
        "totalCpuTime" : 27113
      }
    }, {
      "indexId" : "php.function.always.re",
      "partOfTotalIndexingTime" : {
        "part" : 26697,
        "total" : 9816019154
      },
      "totalNumberOfFiles" : 1,
      "totalNumberOfFilesIndexedByExtensions" : 0,
      "totalFilesSize" : 218,
      "indexValueChangerEvaluationSpeed" : {
        "totalBytes" : 218,
        "totalCpuTime" : 26697
      }
    }, {
      "indexId" : "php.function.parameters.used.as.regexp",
      "partOfTotalIndexingTime" : {
        "part" : 25758,
        "total" : 9816019154
      },
      "totalNumberOfFiles" : 1,
      "totalNumberOfFilesIndexedByExtensions" : 0,
      "totalFilesSize" : 218,
      "indexValueChangerEvaluationSpeed" : {
        "totalBytes" : 218,
        "totalCpuTime" : 25758
      }
    }, {
      "indexId" : "php.putenv.arguments",
      "partOfTotalIndexingTime" : {
        "part" : 24112,
        "total" : 9816019154
      },
      "totalNumberOfFiles" : 1,
      "totalNumberOfFilesIndexedByExtensions" : 0,
      "totalFilesSize" : 218,
      "indexValueChangerEvaluationSpeed" : {
        "totalBytes" : 218,
        "totalCpuTime" : 24112
      }
    }, {
      "indexId" : "php.exit.point.function.index",
      "partOfTotalIndexingTime" : {
        "part" : 24057,
        "total" : 9816019154
      },
      "totalNumberOfFiles" : 1,
      "totalNumberOfFilesIndexedByExtensions" : 0,
      "totalFilesSize" : 218,
      "indexValueChangerEvaluationSpeed" : {
        "totalBytes" : 218,
        "totalCpuTime" : 24057
      }
    }, {
      "indexId" : "HtmlScriptSrcIndex",
      "partOfTotalIndexingTime" : {
        "part" : 24041,
        "total" : 9816019154
      },
      "totalNumberOfFiles" : 1,
      "totalNumberOfFilesIndexedByExtensions" : 0,
      "totalFilesSize" : 218,
      "indexValueChangerEvaluationSpeed" : {
        "totalBytes" : 218,
        "totalCpuTime" : 24041
      }
    }, {
      "indexId" : "php.functions.with.not.catched.dynamic.passed.calls",
      "partOfTotalIndexingTime" : {
        "part" : 23618,
        "total" : 9816019154
      },
      "totalNumberOfFiles" : 1,
      "totalNumberOfFilesIndexedByExtensions" : 0,
      "totalFilesSize" : 218,
      "indexValueChangerEvaluationSpeed" : {
        "totalBytes" : 218,
        "totalCpuTime" : 23618
      }
    }, {
      "indexId" : "php.inferred.meta.pattern.index",
      "partOfTotalIndexingTime" : {
        "part" : 21315,
        "total" : 9816019154
      },
      "totalNumberOfFiles" : 1,
      "totalNumberOfFilesIndexedByExtensions" : 0,
      "totalFilesSize" : 218,
      "indexValueChangerEvaluationSpeed" : {
        "totalBytes" : 218,
        "totalCpuTime" : 21315
      }
    }, {
      "indexId" : "psalm.no.return",
      "partOfTotalIndexingTime" : {
        "part" : 20369,
        "total" : 9816019154
      },
      "totalNumberOfFiles" : 1,
      "totalNumberOfFilesIndexedByExtensions" : 0,
      "totalFilesSize" : 218,
      "indexValueChangerEvaluationSpeed" : {
        "totalBytes" : 218,
        "totalCpuTime" : 20369
      }
    }, {
      "indexId" : "php.unit.data.providers",
      "partOfTotalIndexingTime" : {
        "part" : 14379,
        "total" : 9816019154
      },
      "totalNumberOfFiles" : 1,
      "totalNumberOfFilesIndexedByExtensions" : 0,
      "totalFilesSize" : 218,
      "indexValueChangerEvaluationSpeed" : {
        "totalBytes" : 218,
        "totalCpuTime" : 14379
      }
    }, {
      "indexId" : "php.method.name",
      "partOfTotalIndexingTime" : {
        "part" : 13722,
        "total" : 9816019154
      },
      "totalNumberOfFiles" : 1,
      "totalNumberOfFilesIndexedByExtensions" : 0,
      "totalFilesSize" : 218,
      "indexValueChangerEvaluationSpeed" : {
        "totalBytes" : 218,
        "totalCpuTime" : 13722
      }
    }, {
      "indexId" : "php.file.constants.default.value.matchers",
      "partOfTotalIndexingTime" : {
        "part" : 13496,
        "total" : 9816019154
      },
      "totalNumberOfFiles" : 1,
      "totalNumberOfFilesIndexedByExtensions" : 0,
      "totalFilesSize" : 218,
      "indexValueChangerEvaluationSpeed" : {
        "totalBytes" : 218,
        "totalCpuTime" : 13496
      }
    }, {
      "indexId" : "php.aliased.trait.method.name",
      "partOfTotalIndexingTime" : {
        "part" : 13412,
        "total" : 9816019154
      },
      "totalNumberOfFiles" : 1,
      "totalNumberOfFilesIndexedByExtensions" : 0,
      "totalFilesSize" : 218,
      "indexValueChangerEvaluationSpeed" : {
        "totalBytes" : 218,
        "totalCpuTime" : 13412
      }
    }, {
      "indexId" : "php.class.fqn",
      "partOfTotalIndexingTime" : {
        "part" : 13215,
        "total" : 9816019154
      },
      "totalNumberOfFiles" : 1,
      "totalNumberOfFilesIndexedByExtensions" : 0,
      "totalFilesSize" : 218,
      "indexValueChangerEvaluationSpeed" : {
        "totalBytes" : 218,
        "totalCpuTime" : 13215
      }
    }, {
      "indexId" : "php.unit.covers",
      "partOfTotalIndexingTime" : {
        "part" : 12323,
        "total" : 9816019154
      },
      "totalNumberOfFiles" : 1,
      "totalNumberOfFilesIndexedByExtensions" : 0,
      "totalFilesSize" : 218,
      "indexValueChangerEvaluationSpeed" : {
        "totalBytes" : 218,
        "totalCpuTime" : 12323
      }
    }, {
      "indexId" : "php.class.to.class.alias",
      "partOfTotalIndexingTime" : {
        "part" : 11661,
        "total" : 9816019154
      },
      "totalNumberOfFiles" : 1,
      "totalNumberOfFilesIndexedByExtensions" : 0,
      "totalFilesSize" : 218,
      "indexValueChangerEvaluationSpeed" : {
        "totalBytes" : 218,
        "totalCpuTime" : 11661
      }
    }, {
      "indexId" : "php.namespace.inheritance",
      "partOfTotalIndexingTime" : {
        "part" : 11551,
        "total" : 9816019154
      },
      "totalNumberOfFiles" : 1,
      "totalNumberOfFilesIndexedByExtensions" : 0,
      "totalFilesSize" : 218,
      "indexValueChangerEvaluationSpeed" : {
        "totalBytes" : 218,
        "totalCpuTime" : 11551
      }
    }, {
      "indexId" : "php.class.alias.name",
      "partOfTotalIndexingTime" : {
        "part" : 11198,
        "total" : 9816019154
      },
      "totalNumberOfFiles" : 1,
      "totalNumberOfFilesIndexedByExtensions" : 0,
      "totalFilesSize" : 218,
      "indexValueChangerEvaluationSpeed" : {
        "totalBytes" : 218,
        "totalCpuTime" : 11198
      }
    }, {
      "indexId" : "php.constants.default.expected.arguments",
      "partOfTotalIndexingTime" : {
        "part" : 11056,
        "total" : 9816019154
      },
      "totalNumberOfFiles" : 1,
      "totalNumberOfFilesIndexedByExtensions" : 0,
      "totalFilesSize" : 218,
      "indexValueChangerEvaluationSpeed" : {
        "totalBytes" : 218,
        "totalCpuTime" : 11056
      }
    }, {
      "indexId" : "wordpress.hook.invocations",
      "partOfTotalIndexingTime" : {
        "part" : 10897,
        "total" : 9816019154
      },
      "totalNumberOfFiles" : 1,
      "totalNumberOfFilesIndexedByExtensions" : 0,
      "totalFilesSize" : 218,
      "indexValueChangerEvaluationSpeed" : {
        "totalBytes" : 218,
        "totalCpuTime" : 10897
      }
    }, {
      "indexId" : "php.interface.fqn",
      "partOfTotalIndexingTime" : {
        "part" : 10515,
        "total" : 9816019154
      },
      "totalNumberOfFiles" : 1,
      "totalNumberOfFilesIndexedByExtensions" : 0,
      "totalFilesSize" : 218,
      "indexValueChangerEvaluationSpeed" : {
        "totalBytes" : 218,
        "totalCpuTime" : 10515
      }
    }, {
      "indexId" : "php.constant.name",
      "partOfTotalIndexingTime" : {
        "part" : 10502,
        "total" : 9816019154
      },
      "totalNumberOfFiles" : 1,
      "totalNumberOfFilesIndexedByExtensions" : 0,
      "totalFilesSize" : 218,
      "indexValueChangerEvaluationSpeed" : {
        "totalBytes" : 218,
        "totalCpuTime" : 10502
      }
    }, {
      "indexId" : "drupal.hook.name",
      "partOfTotalIndexingTime" : {
        "part" : 10252,
        "total" : 9816019154
      },
      "totalNumberOfFiles" : 1,
      "totalNumberOfFilesIndexedByExtensions" : 0,
      "totalFilesSize" : 218,
      "indexValueChangerEvaluationSpeed" : {
        "totalBytes" : 218,
        "totalCpuTime" : 10252
      }
    }, {
      "indexId" : "php.trait.usage",
      "partOfTotalIndexingTime" : {
        "part" : 8987,
        "total" : 9816019154
      },
      "totalNumberOfFiles" : 1,
      "totalNumberOfFilesIndexedByExtensions" : 0,
      "totalFilesSize" : 218,
      "indexValueChangerEvaluationSpeed" : {
        "totalBytes" : 218,
        "totalCpuTime" : 8987
      }
    }, {
      "indexId" : "php.constants.default.array.shapes",
      "partOfTotalIndexingTime" : {
        "part" : 8414,
        "total" : 9816019154
      },
      "totalNumberOfFiles" : 1,
      "totalNumberOfFilesIndexedByExtensions" : 0,
      "totalFilesSize" : 218,
      "indexValueChangerEvaluationSpeed" : {
        "totalBytes" : 218,
        "totalCpuTime" : 8414
      }
    }, {
      "indexId" : "php.function.name",
      "partOfTotalIndexingTime" : {
        "part" : 8108,
        "total" : 9816019154
      },
      "totalNumberOfFiles" : 1,
      "totalNumberOfFilesIndexedByExtensions" : 0,
      "totalFilesSize" : 218,
      "indexValueChangerEvaluationSpeed" : {
        "totalBytes" : 218,
        "totalCpuTime" : 8108
      }
    }, {
      "indexId" : "php.class.alias.to.class",
      "partOfTotalIndexingTime" : {
        "part" : 7530,
        "total" : 9816019154
      },
      "totalNumberOfFiles" : 1,
      "totalNumberOfFilesIndexedByExtensions" : 0,
      "totalFilesSize" : 218,
      "indexValueChangerEvaluationSpeed" : {
        "totalBytes" : 218,
        "totalCpuTime" : 7530
      }
    }, {
      "indexId" : "wordpress.hook.callbacks",
      "partOfTotalIndexingTime" : {
        "part" : 7046,
        "total" : 9816019154
      },
      "totalNumberOfFiles" : 1,
      "totalNumberOfFilesIndexedByExtensions" : 0,
      "totalFilesSize" : 218,
      "indexValueChangerEvaluationSpeed" : {
        "totalBytes" : 218,
        "totalCpuTime" : 7046
      }
    } ],
    "statisticsOfChangedDuringIndexingFiles" : {
      "numberOfFiles" : 0,
      "retrievingTime" : 10953728
    },
    "fileProviderStatistics" : [ {
      "providerName" : "Indexable set contributor 'JS required libraries' (project)",
      "totalNumberOfIndexedFiles" : 90,
      "totalNumberOfFilesFullyIndexedByExtensions" : 0,
      "totalNumberOfNothingToWriteFiles" : 0,
      "totalIndexingVisibleTime" : 3667481606,
      "contentLoadingVisibleTime" : 96000270,
      "numberOfTooLargeForIndexingFiles" : 0,
      "slowIndexedFiles" : [ {
        "fileName" : "lib.es5.d.ts",
        "processingTime" : 745903855,
        "evaluationOfIndexValueChangerTime" : 730315085,
        "contentLoadingTime" : 3028296
      }, {
        "fileName" : "node.js",
        "processingTime" : 759392334,
        "evaluationOfIndexValueChangerTime" : 735001714,
        "contentLoadingTime" : 1124898
      }, {
        "fileName" : "react.d.ts",
        "processingTime" : 777108584,
        "evaluationOfIndexValueChangerTime" : 656972005,
        "contentLoadingTime" : 4616280
      }, {
        "fileName" : "lib.webworker.d.ts",
        "processingTime" : 1126196865,
        "evaluationOfIndexValueChangerTime" : 1079547023,
        "contentLoadingTime" : 4378254
      }, {
        "fileName" : "lib.dom.d.ts",
        "processingTime" : 1957984314,
        "evaluationOfIndexValueChangerTime" : 1843850752,
        "contentLoadingTime" : 18952155
      } ],
      "filesFullyIndexedByExtensions" : [ ],
      "separateApplyingIndexesVisibleTime" : 288198162
    }, {
      "providerName" : "Indexable set contributor 'com.intellij.javaee.ExternalResourcesRootsProvider@13f62ae2' (non-project)",
      "totalNumberOfIndexedFiles" : 147,
      "totalNumberOfFilesFullyIndexedByExtensions" : 0,
      "totalNumberOfNothingToWriteFiles" : 0,
      "totalIndexingVisibleTime" : 1095825203,
      "contentLoadingVisibleTime" : 56674150,
      "numberOfTooLargeForIndexingFiles" : 0,
      "slowIndexedFiles" : [ {
        "fileName" : "doc-style.xhtml",
        "processingTime" : 643804930,
        "evaluationOfIndexValueChangerTime" : 638792064,
        "contentLoadingTime" : 1949911
      } ],
      "filesFullyIndexedByExtensions" : [ ],
      "separateApplyingIndexesVisibleTime" : 167284162
    }, {
      "providerName" : "Module 'untitled' (all roots)",
      "totalNumberOfIndexedFiles" : 2,
      "totalNumberOfFilesFullyIndexedByExtensions" : 0,
      "totalNumberOfNothingToWriteFiles" : 0,
      "totalIndexingVisibleTime" : 9550785,
      "contentLoadingVisibleTime" : 458916,
      "numberOfTooLargeForIndexingFiles" : 0,
      "slowIndexedFiles" : [ ],
      "filesFullyIndexedByExtensions" : [ ],
      "separateApplyingIndexesVisibleTime" : 1579259
    }, {
      "providerName" : "Refreshed files",
      "totalNumberOfIndexedFiles" : 0,
      "totalNumberOfFilesFullyIndexedByExtensions" : 0,
      "totalNumberOfNothingToWriteFiles" : 0,
      "totalIndexingVisibleTime" : 0,
      "contentLoadingVisibleTime" : 0,
      "numberOfTooLargeForIndexingFiles" : 0,
      "slowIndexedFiles" : [ ],
      "filesFullyIndexedByExtensions" : [ ],
      "separateApplyingIndexesVisibleTime" : 0
    } ],
    "visibleTimeToAllThreadTimeRatio" : 0.0
  }
}