{
  "appInfo" : {
    "build" : "233.13135.108",
    "buildDate" : "2023-12-21T08:17:00Z[UTC]",
    "productCode" : "PS",
    "generated" : "2024-01-24T00:15:33.554448Z",
    "os" : "macOS 13.6",
    "runtime" : "JetBrains s.r.o. 17.0.9 17.0.9+7-b1087.9"
  },
  "runtimeInfo" : {
    "maxMemory" : 2147483648,
    "numberOfProcessors" : 4,
    "maxNumberOfIndexingThreads" : 3,
    "maxSizeOfFileForIntelliSense" : 2560000,
    "maxSizeOfFileForContentLoading" : 20971520
  },
  "type" : "Scanning",
  "projectIndexingActivityHistory" : {
    "projectName" : "untitled",
    "times" : {
      "scanningReason" : "changes in: \"Custom kind roots from entity (extensions, scratches, empty)\", \"Custom kind roots from entity (sass_functions.scss, sass_color.scss, sass_list.scss, ..., empty)\"",
      "scanningType" : "PARTIAL",
      "scanningId" : 4,
      "creatingIteratorsTime" : 9000,
      "concurrentHandlingWallTimeWithoutPauses" : 27595000,
      "concurrentHandlingWallTimeWithPauses" : 27637000,
      "concurrentHandlingSumOfThreadTimesWithPauses" : 32293417,
      "concurrentIterationAndScannersApplicationSumOfThreadTimesWithPauses" : 148285,
      "concurrentFileCheckSumOfThreadTimesWithPauses" : 31637695,
      "delayedPushPropertiesStageTime" : 6000,
      "indexExtensionsTime" : 103176,
      "dumbModeStart" : "2024-01-24T00:15:33.522363Z",
      "dumbWallTimeWithPauses" : 29978000,
      "dumbWallTimeWithoutPauses" : 29936000,
      "updatingStart" : "2024-01-24T00:15:33.52078Z",
      "updatingEnd" : "2024-01-24T00:15:33.552341Z",
      "totalWallTimeWithPauses" : 31600382,
      "wallTimeOnPause" : 42000,
      "wasInterrupted" : false,
      "totalWallTimeWithoutPauses" : 31558382
    },
    "fileCount" : {
      "numberOfFileProviders" : 2,
      "numberOfScannedFiles" : 36,
      "numberOfFilesIndexedByInfrastructureExtensionsDuringScan" : 0,
      "numberOfFilesScheduledForIndexingAfterScan" : 8
    },
    "scanningStatistics" : [ {
      "providerName" : "Custom kind roots from entity (extensions, scratches, empty)",
      "numberOfScannedFiles" : 28,
      "numberOfSkippedFiles" : 0,
      "numberOfFilesForIndexing" : 0,
      "numberOfFilesFullyIndexedByInfrastructureExtensions" : 0,
      "filesFullyIndexedByInfrastructureExtensions" : [ ],
      "statusTime" : 26167014,
      "totalOneThreadTimeWithPauses" : 27337842,
      "iterationAndScannersApplicationTime" : 116632,
      "filesCheckTime" : 26770271,
      "timeProcessingUpToDateFiles" : 2445845,
      "timeUpdatingContentLessIndexes" : 0,
      "timeIndexingWithoutContentViaInfrastructureExtension" : 0,
      "roots" : [ ]
    }, {
      "providerName" : "Custom kind roots from entity (sass_functions.scss, sass_color.scss, sass_list.scss, ..., empty)",
      "numberOfScannedFiles" : 8,
      "numberOfSkippedFiles" : 0,
      "numberOfFilesForIndexing" : 8,
      "numberOfFilesFullyIndexedByInfrastructureExtensions" : 0,
      "filesFullyIndexedByInfrastructureExtensions" : [ ],
      "statusTime" : 3438569,
      "totalOneThreadTimeWithPauses" : 4955575,
      "iterationAndScannersApplicationTime" : 31653,
      "filesCheckTime" : 4867424,
      "timeProcessingUpToDateFiles" : 0,
      "timeUpdatingContentLessIndexes" : 0,
      "timeIndexingWithoutContentViaInfrastructureExtension" : 103176,
      "roots" : [ ]
    } ]
  }
}