{
  "appInfo" : {
    "build" : "233.13135.108",
    "buildDate" : "2023-12-21T08:17:00Z[UTC]",
    "productCode" : "PS",
    "generated" : "2024-01-24T00:15:33.77916Z",
    "os" : "macOS 13.6",
    "runtime" : "JetBrains s.r.o. 17.0.9 17.0.9+7-b1087.9"
  },
  "runtimeInfo" : {
    "maxMemory" : 2147483648,
    "numberOfProcessors" : 4,
    "maxNumberOfIndexingThreads" : 3,
    "maxSizeOfFileForIntelliSense" : 2560000,
    "maxSizeOfFileForContentLoading" : 20971520
  },
  "type" : "Scanning",
  "projectIndexingActivityHistory" : {
    "projectName" : "untitled",
    "times" : {
      "scanningReason" : "changes in: \"Custom kind roots from entity (pspell, zip, rar, ..., empty)\"",
      "scanningType" : "PARTIAL",
      "scanningId" : 5,
      "creatingIteratorsTime" : 2000,
      "concurrentHandlingWallTimeWithoutPauses" : 210167000,
      "concurrentHandlingWallTimeWithPauses" : 210167000,
      "concurrentHandlingSumOfThreadTimesWithPauses" : 209770389,
      "concurrentIterationAndScannersApplicationSumOfThreadTimesWithPauses" : 43481204,
      "concurrentFileCheckSumOfThreadTimesWithPauses" : 166210753,
      "delayedPushPropertiesStageTime" : 6000,
      "indexExtensionsTime" : 33972321,
      "dumbModeStart" : "2024-01-24T00:15:33.56652Z",
      "dumbWallTimeWithPauses" : 210937000,
      "dumbWallTimeWithoutPauses" : 210937000,
      "updatingStart" : "2024-01-24T00:15:33.566027Z",
      "updatingEnd" : "2024-01-24T00:15:33.777457Z",
      "totalWallTimeWithPauses" : 211416281,
      "wallTimeOnPause" : 48000,
      "wasInterrupted" : false,
      "totalWallTimeWithoutPauses" : 211368281
    },
    "fileCount" : {
      "numberOfFileProviders" : 1,
      "numberOfScannedFiles" : 313,
      "numberOfFilesIndexedByInfrastructureExtensionsDuringScan" : 0,
      "numberOfFilesScheduledForIndexingAfterScan" : 313
    },
    "scanningStatistics" : [ {
      "providerName" : "Custom kind roots from entity (pspell, zip, rar, ..., empty)",
      "numberOfScannedFiles" : 313,
      "numberOfSkippedFiles" : 0,
      "numberOfFilesForIndexing" : 313,
      "numberOfFilesFullyIndexedByInfrastructureExtensions" : 0,
      "filesFullyIndexedByInfrastructureExtensions" : [ ],
      "statusTime" : 151419231,
      "totalOneThreadTimeWithPauses" : 209770389,
      "iterationAndScannersApplicationTime" : 43481204,
      "filesCheckTime" : 166210753,
      "timeProcessingUpToDateFiles" : 0,
      "timeUpdatingContentLessIndexes" : 28246779,
      "timeIndexingWithoutContentViaInfrastructureExtension" : 33972321,
      "roots" : [ ]
    } ]
  }
}