{
  "appInfo" : {
    "build" : "233.13135.108",
    "buildDate" : "2023-12-21T08:17:00Z[UTC]",
    "productCode" : "PS",
    "generated" : "2024-01-24T00:15:39.326565Z",
    "os" : "macOS 13.6",
    "runtime" : "JetBrains s.r.o. 17.0.9 17.0.9+7-b1087.9"
  },
  "runtimeInfo" : {
    "maxMemory" : 2147483648,
    "numberOfProcessors" : 4,
    "maxNumberOfIndexingThreads" : 3,
    "maxSizeOfFileForIntelliSense" : 2560000,
    "maxSizeOfFileForContentLoading" : 20971520
  },
  "type" : "DumbIndexing",
  "projectIndexingActivityHistory" : {
    "projectName" : "untitled",
    "times" : {
      "scanningIds" : [ 6 ],
      "contentLoadingVisibleTime" : 1792892,
      "retrievingChangedDuringIndexingFilesTime" : 15393545,
      "separateApplyingIndexesVisibleTime" : 9083586,
      "updatingStart" : "2024-01-24T00:15:39.254865Z",
      "updatingEnd" : "2024-01-24T00:15:39.29186Z",
      "totalWallTimeWithPauses" : 36991163,
      "wallTimeOnPause" : 0,
      "wasInterrupted" : false,
      "dumbWallTimeWithoutPauses" : 36991163,
      "dumbModeStart" : "2024-01-24T00:15:39.254865Z",
      "dumbWallTimeWithPauses" : 36991163,
      "totalWallTimeWithoutPauses" : 36991163
    },
    "fileCount" : {
      "numberOfChangedDuringIndexingFiles" : 0,
      "numberOfFilesIndexedByInfrastructureExtensionsDuringIndexingStage" : 0,
      "numberOfFilesIndexedWithLoadingContent" : 2,
      "numberOfNothingToWriteFiles" : 0
    },
    "totalStatsPerFileType" : [ {
      "fileType" : "PHP",
      "partOfTotalProcessingTime" : {
        "part" : 39843134,
        "total" : 39843134
      },
      "partOfTotalContentLoadingTime" : {
        "part" : 3550399,
        "total" : 3550399
      },
      "totalNumberOfFiles" : 2,
      "totalFilesSize" : 223,
      "totalProcessingSpeed" : {
        "totalBytes" : 223,
        "totalCpuTime" : 39843134
      },
      "biggestContributors" : [ {
        "providerName" : "External roots from entity (empty; empty; phpstorm-meta; empty)",
        "numberOfFiles" : 1,
        "totalFilesSize" : 109,
        "partOfTotalProcessingTimeOfThisFileType" : {
          "part" : 19943712,
          "total" : 39843134
        }
      }, {
        "providerName" : "External roots from entity (empty; empty; Pest; empty)",
        "numberOfFiles" : 1,
        "totalFilesSize" : 114,
        "partOfTotalProcessingTimeOfThisFileType" : {
          "part" : 19899422,
          "total" : 39843134
        }
      } ]
    } ],
    "totalStatsPerBaseLanguage" : [ {
      "language" : "PHP",
      "partOfTotalProcessingTime" : {
        "part" : 39843134,
        "total" : 39843134
      },
      "partOfTotalContentLoadingTime" : {
        "part" : 7100798,
        "total" : 3550399
      },
      "totalNumberOfFiles" : 2,
      "totalFilesSize" : 223,
      "totalProcessingSpeed" : {
        "totalBytes" : 223,
        "totalCpuTime" : 39843134
      }
    } ],
    "totalStatsPerIndexer" : [ {
      "indexId" : "php.meta.type.inference.mapping",
      "partOfTotalIndexingTime" : {
        "part" : 4889775,
        "total" : 16871639
      },
      "totalNumberOfFiles" : 2,
      "totalNumberOfFilesIndexedByExtensions" : 0,
      "totalFilesSize" : 223,
      "indexValueChangerEvaluationSpeed" : {
        "totalBytes" : 223,
        "totalCpuTime" : 4889775
      }
    }, {
      "indexId" : "php.class.name",
      "partOfTotalIndexingTime" : {
        "part" : 4303618,
        "total" : 16871639
      },
      "totalNumberOfFiles" : 2,
      "totalNumberOfFilesIndexedByExtensions" : 0,
      "totalFilesSize" : 223,
      "indexValueChangerEvaluationSpeed" : {
        "totalBytes" : 223,
        "totalCpuTime" : 4303618
      }
    }, {
      "indexId" : "js.custom.single.entry.index",
      "partOfTotalIndexingTime" : {
        "part" : 1225077,
        "total" : 16871639
      },
      "totalNumberOfFiles" : 2,
      "totalNumberOfFilesIndexedByExtensions" : 0,
      "totalFilesSize" : 223,
      "indexValueChangerEvaluationSpeed" : {
        "totalBytes" : 223,
        "totalCpuTime" : 1225077
      }
    }, {
      "indexId" : "php.invoke.calls.offsets",
      "partOfTotalIndexingTime" : {
        "part" : 1194465,
        "total" : 16871639
      },
      "totalNumberOfFiles" : 2,
      "totalNumberOfFilesIndexedByExtensions" : 0,
      "totalFilesSize" : 223,
      "indexValueChangerEvaluationSpeed" : {
        "totalBytes" : 223,
        "totalCpuTime" : 1194465
      }
    }, {
      "indexId" : "php.expected.function.arguments",
      "partOfTotalIndexingTime" : {
        "part" : 705336,
        "total" : 16871639
      },
      "totalNumberOfFiles" : 2,
      "totalNumberOfFilesIndexedByExtensions" : 0,
      "totalFilesSize" : 223,
      "indexValueChangerEvaluationSpeed" : {
        "totalBytes" : 223,
        "totalCpuTime" : 705336
      }
    }, {
      "indexId" : "Stubs",
      "partOfTotalIndexingTime" : {
        "part" : 700157,
        "total" : 16871639
      },
      "totalNumberOfFiles" : 2,
      "totalNumberOfFilesIndexedByExtensions" : 0,
      "totalFilesSize" : 223,
      "indexValueChangerEvaluationSpeed" : {
        "totalBytes" : 223,
        "totalCpuTime" : 700157
      }
    }, {
      "indexId" : "php.serialize.function.calls.offsets",
      "partOfTotalIndexingTime" : {
        "part" : 431080,
        "total" : 16871639
      },
      "totalNumberOfFiles" : 2,
      "totalNumberOfFilesIndexedByExtensions" : 0,
      "totalFilesSize" : 223,
      "indexValueChangerEvaluationSpeed" : {
        "totalBytes" : 223,
        "totalCpuTime" : 431080
      }
    }, {
      "indexId" : "IdIndex",
      "partOfTotalIndexingTime" : {
        "part" : 371535,
        "total" : 16871639
      },
      "totalNumberOfFiles" : 2,
      "totalNumberOfFilesIndexedByExtensions" : 0,
      "totalFilesSize" : 223,
      "indexValueChangerEvaluationSpeed" : {
        "totalBytes" : 223,
        "totalCpuTime" : 371535
      }
    }, {
      "indexId" : "php.max.language.level",
      "partOfTotalIndexingTime" : {
        "part" : 369635,
        "total" : 16871639
      },
      "totalNumberOfFiles" : 2,
      "totalNumberOfFilesIndexedByExtensions" : 0,
      "totalFilesSize" : 223,
      "indexValueChangerEvaluationSpeed" : {
        "totalBytes" : 223,
        "totalCpuTime" : 369635
      }
    }, {
      "indexId" : "php.doctag.user.name",
      "partOfTotalIndexingTime" : {
        "part" : 350107,
        "total" : 16871639
      },
      "totalNumberOfFiles" : 2,
      "totalNumberOfFilesIndexedByExtensions" : 0,
      "totalFilesSize" : 223,
      "indexValueChangerEvaluationSpeed" : {
        "totalBytes" : 223,
        "totalCpuTime" : 350107
      }
    }, {
      "indexId" : "php.expected.function.return.values",
      "partOfTotalIndexingTime" : {
        "part" : 161488,
        "total" : 16871639
      },
      "totalNumberOfFiles" : 2,
      "totalNumberOfFilesIndexedByExtensions" : 0,
      "totalFilesSize" : 223,
      "indexValueChangerEvaluationSpeed" : {
        "totalBytes" : 223,
        "totalCpuTime" : 161488
      }
    }, {
      "indexId" : "php.class.alias.fqn",
      "partOfTotalIndexingTime" : {
        "part" : 140981,
        "total" : 16871639
      },
      "totalNumberOfFiles" : 2,
      "totalNumberOfFilesIndexedByExtensions" : 0,
      "totalFilesSize" : 223,
      "indexValueChangerEvaluationSpeed" : {
        "totalBytes" : 223,
        "totalCpuTime" : 140981
      }
    }, {
      "indexId" : "php.exit.point.function.index",
      "partOfTotalIndexingTime" : {
        "part" : 122430,
        "total" : 16871639
      },
      "totalNumberOfFiles" : 2,
      "totalNumberOfFilesIndexedByExtensions" : 0,
      "totalFilesSize" : 223,
      "indexValueChangerEvaluationSpeed" : {
        "totalBytes" : 223,
        "totalCpuTime" : 122430
      }
    }, {
      "indexId" : "php.pest.custom_expectations",
      "partOfTotalIndexingTime" : {
        "part" : 108478,
        "total" : 16871639
      },
      "totalNumberOfFiles" : 2,
      "totalNumberOfFilesIndexedByExtensions" : 0,
      "totalFilesSize" : 223,
      "indexValueChangerEvaluationSpeed" : {
        "totalBytes" : 223,
        "totalCpuTime" : 108478
      }
    }, {
      "indexId" : "php.class.attributes.name",
      "partOfTotalIndexingTime" : {
        "part" : 107053,
        "total" : 16871639
      },
      "totalNumberOfFiles" : 2,
      "totalNumberOfFilesIndexedByExtensions" : 0,
      "totalFilesSize" : 223,
      "indexValueChangerEvaluationSpeed" : {
        "totalBytes" : 223,
        "totalCpuTime" : 107053
      }
    }, {
      "indexId" : "php.global.assignment.index",
      "partOfTotalIndexingTime" : {
        "part" : 101318,
        "total" : 16871639
      },
      "totalNumberOfFiles" : 2,
      "totalNumberOfFilesIndexedByExtensions" : 0,
      "totalFilesSize" : 223,
      "indexValueChangerEvaluationSpeed" : {
        "totalBytes" : 223,
        "totalCpuTime" : 101318
      }
    }, {
      "indexId" : "psalm.constant.reference.wildcard",
      "partOfTotalIndexingTime" : {
        "part" : 96137,
        "total" : 16871639
      },
      "totalNumberOfFiles" : 2,
      "totalNumberOfFilesIndexedByExtensions" : 0,
      "totalFilesSize" : 223,
      "indexValueChangerEvaluationSpeed" : {
        "totalBytes" : 223,
        "totalCpuTime" : 96137
      }
    }, {
      "indexId" : "php.not.used.parameters",
      "partOfTotalIndexingTime" : {
        "part" : 89746,
        "total" : 16871639
      },
      "totalNumberOfFiles" : 2,
      "totalNumberOfFilesIndexedByExtensions" : 0,
      "totalFilesSize" : 223,
      "indexValueChangerEvaluationSpeed" : {
        "totalBytes" : 223,
        "totalCpuTime" : 89746
      }
    }, {
      "indexId" : "php.doc.type.aliases.index",
      "partOfTotalIndexingTime" : {
        "part" : 77073,
        "total" : 16871639
      },
      "totalNumberOfFiles" : 2,
      "totalNumberOfFilesIndexedByExtensions" : 0,
      "totalFilesSize" : 223,
      "indexValueChangerEvaluationSpeed" : {
        "totalBytes" : 223,
        "totalCpuTime" : 77073
      }
    }, {
      "indexId" : "Trigram.Index",
      "partOfTotalIndexingTime" : {
        "part" : 76354,
        "total" : 16871639
      },
      "totalNumberOfFiles" : 2,
      "totalNumberOfFilesIndexedByExtensions" : 0,
      "totalFilesSize" : 223,
      "indexValueChangerEvaluationSpeed" : {
        "totalBytes" : 223,
        "totalCpuTime" : 76354
      }
    }, {
      "indexId" : "php.field.names.accessed.by.the.constructor",
      "partOfTotalIndexingTime" : {
        "part" : 62441,
        "total" : 16871639
      },
      "totalNumberOfFiles" : 2,
      "totalNumberOfFilesIndexedByExtensions" : 0,
      "totalFilesSize" : 223,
      "indexValueChangerEvaluationSpeed" : {
        "totalBytes" : 223,
        "totalCpuTime" : 62441
      }
    }, {
      "indexId" : "php.fields.default.value.matchers",
      "partOfTotalIndexingTime" : {
        "part" : 59681,
        "total" : 16871639
      },
      "totalNumberOfFiles" : 2,
      "totalNumberOfFilesIndexedByExtensions" : 0,
      "totalFilesSize" : 223,
      "indexValueChangerEvaluationSpeed" : {
        "totalBytes" : 223,
        "totalCpuTime" : 59681
      }
    }, {
      "indexId" : "php.namespace.inheritance",
      "partOfTotalIndexingTime" : {
        "part" : 59004,
        "total" : 16871639
      },
      "totalNumberOfFiles" : 2,
      "totalNumberOfFilesIndexedByExtensions" : 0,
      "totalFilesSize" : 223,
      "indexValueChangerEvaluationSpeed" : {
        "totalBytes" : 223,
        "totalCpuTime" : 59004
      }
    }, {
      "indexId" : "php.function.always.re",
      "partOfTotalIndexingTime" : {
        "part" : 58955,
        "total" : 16871639
      },
      "totalNumberOfFiles" : 2,
      "totalNumberOfFilesIndexedByExtensions" : 0,
      "totalFilesSize" : 223,
      "indexValueChangerEvaluationSpeed" : {
        "totalBytes" : 223,
        "totalCpuTime" : 58955
      }
    }, {
      "indexId" : "php.array.access.offsets",
      "partOfTotalIndexingTime" : {
        "part" : 57895,
        "total" : 16871639
      },
      "totalNumberOfFiles" : 2,
      "totalNumberOfFilesIndexedByExtensions" : 0,
      "totalFilesSize" : 223,
      "indexValueChangerEvaluationSpeed" : {
        "totalBytes" : 223,
        "totalCpuTime" : 57895
      }
    }, {
      "indexId" : "php.class.to.class.alias",
      "partOfTotalIndexingTime" : {
        "part" : 57303,
        "total" : 16871639
      },
      "totalNumberOfFiles" : 2,
      "totalNumberOfFilesIndexedByExtensions" : 0,
      "totalFilesSize" : 223,
      "indexValueChangerEvaluationSpeed" : {
        "totalBytes" : 223,
        "totalCpuTime" : 57303
      }
    }, {
      "indexId" : "php.used.parameters.array.keys",
      "partOfTotalIndexingTime" : {
        "part" : 56863,
        "total" : 16871639
      },
      "totalNumberOfFiles" : 2,
      "totalNumberOfFilesIndexedByExtensions" : 0,
      "totalFilesSize" : 223,
      "indexValueChangerEvaluationSpeed" : {
        "totalBytes" : 223,
        "totalCpuTime" : 56863
      }
    }, {
      "indexId" : "rector.config.files",
      "partOfTotalIndexingTime" : {
        "part" : 49676,
        "total" : 16871639
      },
      "totalNumberOfFiles" : 2,
      "totalNumberOfFilesIndexedByExtensions" : 0,
      "totalFilesSize" : 223,
      "indexValueChangerEvaluationSpeed" : {
        "totalBytes" : 223,
        "totalCpuTime" : 49676
      }
    }, {
      "indexId" : "php.function.parameters.used.as.regexp",
      "partOfTotalIndexingTime" : {
        "part" : 47800,
        "total" : 16871639
      },
      "totalNumberOfFiles" : 2,
      "totalNumberOfFilesIndexedByExtensions" : 0,
      "totalFilesSize" : 223,
      "indexValueChangerEvaluationSpeed" : {
        "totalBytes" : 223,
        "totalCpuTime" : 47800
      }
    }, {
      "indexId" : "php.parameters.default.value.matchers",
      "partOfTotalIndexingTime" : {
        "part" : 46839,
        "total" : 16871639
      },
      "totalNumberOfFiles" : 2,
      "totalNumberOfFilesIndexedByExtensions" : 0,
      "totalFilesSize" : 223,
      "indexValueChangerEvaluationSpeed" : {
        "totalBytes" : 223,
        "totalCpuTime" : 46839
      }
    }, {
      "indexId" : "php.inferred.meta.pattern.index",
      "partOfTotalIndexingTime" : {
        "part" : 46226,
        "total" : 16871639
      },
      "totalNumberOfFiles" : 2,
      "totalNumberOfFilesIndexedByExtensions" : 0,
      "totalFilesSize" : 223,
      "indexValueChangerEvaluationSpeed" : {
        "totalBytes" : 223,
        "totalCpuTime" : 46226
      }
    }, {
      "indexId" : "php.class.fqn",
      "partOfTotalIndexingTime" : {
        "part" : 44793,
        "total" : 16871639
      },
      "totalNumberOfFiles" : 2,
      "totalNumberOfFilesIndexedByExtensions" : 0,
      "totalFilesSize" : 223,
      "indexValueChangerEvaluationSpeed" : {
        "totalBytes" : 223,
        "totalCpuTime" : 44793
      }
    }, {
      "indexId" : "php.putenv.arguments",
      "partOfTotalIndexingTime" : {
        "part" : 44713,
        "total" : 16871639
      },
      "totalNumberOfFiles" : 2,
      "totalNumberOfFilesIndexedByExtensions" : 0,
      "totalFilesSize" : 223,
      "indexValueChangerEvaluationSpeed" : {
        "totalBytes" : 223,
        "totalCpuTime" : 44713
      }
    }, {
      "indexId" : "php.generic.template.index",
      "partOfTotalIndexingTime" : {
        "part" : 43249,
        "total" : 16871639
      },
      "totalNumberOfFiles" : 2,
      "totalNumberOfFilesIndexedByExtensions" : 0,
      "totalFilesSize" : 223,
      "indexValueChangerEvaluationSpeed" : {
        "totalBytes" : 223,
        "totalCpuTime" : 43249
      }
    }, {
      "indexId" : "php.generator.operands.type.index",
      "partOfTotalIndexingTime" : {
        "part" : 42697,
        "total" : 16871639
      },
      "totalNumberOfFiles" : 2,
      "totalNumberOfFilesIndexedByExtensions" : 0,
      "totalFilesSize" : 223,
      "indexValueChangerEvaluationSpeed" : {
        "totalBytes" : 223,
        "totalCpuTime" : 42697
      }
    }, {
      "indexId" : "php.func.get.arg.usage.index",
      "partOfTotalIndexingTime" : {
        "part" : 40586,
        "total" : 16871639
      },
      "totalNumberOfFiles" : 2,
      "totalNumberOfFilesIndexedByExtensions" : 0,
      "totalFilesSize" : 223,
      "indexValueChangerEvaluationSpeed" : {
        "totalBytes" : 223,
        "totalCpuTime" : 40586
      }
    }, {
      "indexId" : "php.class.alias.name",
      "partOfTotalIndexingTime" : {
        "part" : 37219,
        "total" : 16871639
      },
      "totalNumberOfFiles" : 2,
      "totalNumberOfFilesIndexedByExtensions" : 0,
      "totalFilesSize" : 223,
      "indexValueChangerEvaluationSpeed" : {
        "totalBytes" : 223,
        "totalCpuTime" : 37219
      }
    }, {
      "indexId" : "php.array.shapes.entries",
      "partOfTotalIndexingTime" : {
        "part" : 36006,
        "total" : 16871639
      },
      "totalNumberOfFiles" : 2,
      "totalNumberOfFilesIndexedByExtensions" : 0,
      "totalFilesSize" : 223,
      "indexValueChangerEvaluationSpeed" : {
        "totalBytes" : 223,
        "totalCpuTime" : 36006
      }
    }, {
      "indexId" : "php.functions.with.not.catched.dynamic.passed.calls",
      "partOfTotalIndexingTime" : {
        "part" : 34696,
        "total" : 16871639
      },
      "totalNumberOfFiles" : 2,
      "totalNumberOfFilesIndexedByExtensions" : 0,
      "totalFilesSize" : 223,
      "indexValueChangerEvaluationSpeed" : {
        "totalBytes" : 223,
        "totalCpuTime" : 34696
      }
    }, {
      "indexId" : "psalm.no.return",
      "partOfTotalIndexingTime" : {
        "part" : 29359,
        "total" : 16871639
      },
      "totalNumberOfFiles" : 2,
      "totalNumberOfFilesIndexedByExtensions" : 0,
      "totalFilesSize" : 223,
      "indexValueChangerEvaluationSpeed" : {
        "totalBytes" : 223,
        "totalCpuTime" : 29359
      }
    }, {
      "indexId" : "php.aliased.trait.method.name",
      "partOfTotalIndexingTime" : {
        "part" : 24672,
        "total" : 16871639
      },
      "totalNumberOfFiles" : 2,
      "totalNumberOfFilesIndexedByExtensions" : 0,
      "totalFilesSize" : 223,
      "indexValueChangerEvaluationSpeed" : {
        "totalBytes" : 223,
        "totalCpuTime" : 24672
      }
    }, {
      "indexId" : "php.constants.default.expected.arguments",
      "partOfTotalIndexingTime" : {
        "part" : 22794,
        "total" : 16871639
      },
      "totalNumberOfFiles" : 2,
      "totalNumberOfFilesIndexedByExtensions" : 0,
      "totalFilesSize" : 223,
      "indexValueChangerEvaluationSpeed" : {
        "totalBytes" : 223,
        "totalCpuTime" : 22794
      }
    }, {
      "indexId" : "php.constant.name",
      "partOfTotalIndexingTime" : {
        "part" : 21993,
        "total" : 16871639
      },
      "totalNumberOfFiles" : 2,
      "totalNumberOfFilesIndexedByExtensions" : 0,
      "totalFilesSize" : 223,
      "indexValueChangerEvaluationSpeed" : {
        "totalBytes" : 223,
        "totalCpuTime" : 21993
      }
    }, {
      "indexId" : "php.unit.covers",
      "partOfTotalIndexingTime" : {
        "part" : 21537,
        "total" : 16871639
      },
      "totalNumberOfFiles" : 2,
      "totalNumberOfFilesIndexedByExtensions" : 0,
      "totalFilesSize" : 223,
      "indexValueChangerEvaluationSpeed" : {
        "totalBytes" : 223,
        "totalCpuTime" : 21537
      }
    }, {
      "indexId" : "php.interface.fqn",
      "partOfTotalIndexingTime" : {
        "part" : 21430,
        "total" : 16871639
      },
      "totalNumberOfFiles" : 2,
      "totalNumberOfFilesIndexedByExtensions" : 0,
      "totalFilesSize" : 223,
      "indexValueChangerEvaluationSpeed" : {
        "totalBytes" : 223,
        "totalCpuTime" : 21430
      }
    }, {
      "indexId" : "php.file.constants.default.value.matchers",
      "partOfTotalIndexingTime" : {
        "part" : 20554,
        "total" : 16871639
      },
      "totalNumberOfFiles" : 2,
      "totalNumberOfFilesIndexedByExtensions" : 0,
      "totalFilesSize" : 223,
      "indexValueChangerEvaluationSpeed" : {
        "totalBytes" : 223,
        "totalCpuTime" : 20554
      }
    }, {
      "indexId" : "php.unit.data.providers",
      "partOfTotalIndexingTime" : {
        "part" : 20093,
        "total" : 16871639
      },
      "totalNumberOfFiles" : 2,
      "totalNumberOfFilesIndexedByExtensions" : 0,
      "totalFilesSize" : 223,
      "indexValueChangerEvaluationSpeed" : {
        "totalBytes" : 223,
        "totalCpuTime" : 20093
      }
    }, {
      "indexId" : "php.function.name",
      "partOfTotalIndexingTime" : {
        "part" : 18298,
        "total" : 16871639
      },
      "totalNumberOfFiles" : 2,
      "totalNumberOfFilesIndexedByExtensions" : 0,
      "totalFilesSize" : 223,
      "indexValueChangerEvaluationSpeed" : {
        "totalBytes" : 223,
        "totalCpuTime" : 18298
      }
    }, {
      "indexId" : "drupal.hook.name",
      "partOfTotalIndexingTime" : {
        "part" : 17829,
        "total" : 16871639
      },
      "totalNumberOfFiles" : 2,
      "totalNumberOfFilesIndexedByExtensions" : 0,
      "totalFilesSize" : 223,
      "indexValueChangerEvaluationSpeed" : {
        "totalBytes" : 223,
        "totalCpuTime" : 17829
      }
    }, {
      "indexId" : "php.class.alias.to.class",
      "partOfTotalIndexingTime" : {
        "part" : 17098,
        "total" : 16871639
      },
      "totalNumberOfFiles" : 2,
      "totalNumberOfFilesIndexedByExtensions" : 0,
      "totalFilesSize" : 223,
      "indexValueChangerEvaluationSpeed" : {
        "totalBytes" : 223,
        "totalCpuTime" : 17098
      }
    }, {
      "indexId" : "php.variable.name",
      "partOfTotalIndexingTime" : {
        "part" : 16642,
        "total" : 16871639
      },
      "totalNumberOfFiles" : 2,
      "totalNumberOfFilesIndexedByExtensions" : 0,
      "totalFilesSize" : 223,
      "indexValueChangerEvaluationSpeed" : {
        "totalBytes" : 223,
        "totalCpuTime" : 16642
      }
    }, {
      "indexId" : "wordpress.hook.invocations",
      "partOfTotalIndexingTime" : {
        "part" : 16046,
        "total" : 16871639
      },
      "totalNumberOfFiles" : 2,
      "totalNumberOfFilesIndexedByExtensions" : 0,
      "totalFilesSize" : 223,
      "indexValueChangerEvaluationSpeed" : {
        "totalBytes" : 223,
        "totalCpuTime" : 16046
      }
    }, {
      "indexId" : "php.trait.usage",
      "partOfTotalIndexingTime" : {
        "part" : 14776,
        "total" : 16871639
      },
      "totalNumberOfFiles" : 2,
      "totalNumberOfFilesIndexedByExtensions" : 0,
      "totalFilesSize" : 223,
      "indexValueChangerEvaluationSpeed" : {
        "totalBytes" : 223,
        "totalCpuTime" : 14776
      }
    }, {
      "indexId" : "php.method.name",
      "partOfTotalIndexingTime" : {
        "part" : 14459,
        "total" : 16871639
      },
      "totalNumberOfFiles" : 2,
      "totalNumberOfFilesIndexedByExtensions" : 0,
      "totalFilesSize" : 223,
      "indexValueChangerEvaluationSpeed" : {
        "totalBytes" : 223,
        "totalCpuTime" : 14459
      }
    }, {
      "indexId" : "php.constants.default.array.shapes",
      "partOfTotalIndexingTime" : {
        "part" : 14330,
        "total" : 16871639
      },
      "totalNumberOfFiles" : 2,
      "totalNumberOfFilesIndexedByExtensions" : 0,
      "totalFilesSize" : 223,
      "indexValueChangerEvaluationSpeed" : {
        "totalBytes" : 223,
        "totalCpuTime" : 14330
      }
    }, {
      "indexId" : "wordpress.hook.callbacks",
      "partOfTotalIndexingTime" : {
        "part" : 11244,
        "total" : 16871639
      },
      "totalNumberOfFiles" : 2,
      "totalNumberOfFilesIndexedByExtensions" : 0,
      "totalFilesSize" : 223,
      "indexValueChangerEvaluationSpeed" : {
        "totalBytes" : 223,
        "totalCpuTime" : 11244
      }
    } ],
    "statisticsOfChangedDuringIndexingFiles" : {
      "numberOfFiles" : 0,
      "retrievingTime" : 15393545
    },
    "fileProviderStatistics" : [ {
      "providerName" : "External roots from entity (empty; empty; phpstorm-meta; empty)",
      "totalNumberOfIndexedFiles" : 1,
      "totalNumberOfFilesFullyIndexedByExtensions" : 0,
      "totalNumberOfNothingToWriteFiles" : 0,
      "totalIndexingVisibleTime" : 10071250,
      "contentLoadingVisibleTime" : 1602814,
      "numberOfTooLargeForIndexingFiles" : 0,
      "slowIndexedFiles" : [ ],
      "filesFullyIndexedByExtensions" : [ ],
      "separateApplyingIndexesVisibleTime" : 4552229
    }, {
      "providerName" : "External roots from entity (empty; empty; Pest; empty)",
      "totalNumberOfIndexedFiles" : 1,
      "totalNumberOfFilesFullyIndexedByExtensions" : 0,
      "totalNumberOfNothingToWriteFiles" : 0,
      "totalIndexingVisibleTime" : 10048885,
      "contentLoadingVisibleTime" : 190078,
      "numberOfTooLargeForIndexingFiles" : 0,
      "slowIndexedFiles" : [ ],
      "filesFullyIndexedByExtensions" : [ ],
      "separateApplyingIndexesVisibleTime" : 4531357
    }, {
      "providerName" : "Refreshed files",
      "totalNumberOfIndexedFiles" : 0,
      "totalNumberOfFilesFullyIndexedByExtensions" : 0,
      "totalNumberOfNothingToWriteFiles" : 0,
      "totalIndexingVisibleTime" : 0,
      "contentLoadingVisibleTime" : 0,
      "numberOfTooLargeForIndexingFiles" : 0,
      "slowIndexedFiles" : [ ],
      "filesFullyIndexedByExtensions" : [ ],
      "separateApplyingIndexesVisibleTime" : 0
    } ],
    "visibleTimeToAllThreadTimeRatio" : 0.0
  }
}