{"@type":"excluded","time":"2024-01-24T01:15:33.134621+01:00[Europe/Zagreb]","kind":"bundled","chunkUniqueId":"bundled-js-predefined-1d06a55b98c1-c44b541a36ca-JavaScript-PS-233.13135.108"}
{"@type":"attached","time":"2024-01-24T01:15:33.436279+01:00[Europe/Zagreb]","kind":"bundled","chunkUniqueId":"bundled-php-predefined-ba97393d7c68-b4dcf6bb9de9-com.jetbrains.php.sharedIndexes-PS-233.13135.108","indexName":"php_predefined_stubs","fbMatch":{"part":95,"total":96},"stubMatch":{"part":114,"total":114}}
