{
  "appInfo" : {
    "build" : "233.11799.241",
    "buildDate" : "2023-12-02T05:05:00Z[UTC]",
    "productCode" : "IU",
    "generated" : "2024-01-06T15:41:51.626975Z",
    "os" : "macOS 13.6",
    "runtime" : "JetBrains s.r.o. 17.0.9 17.0.9+7-b1087.7"
  },
  "runtimeInfo" : {
    "maxMemory" : 3170893824,
    "numberOfProcessors" : 4,
    "maxNumberOfIndexingThreads" : 3,
    "maxSizeOfFileForIntelliSense" : 2560000,
    "maxSizeOfFileForContentLoading" : 20971520
  },
  "type" : "Scanning",
  "projectIndexingActivityHistory" : {
    "projectName" : "backend",
    "times" : {
      "scanningReason" : "Merged changes in: \"Module 'backend' (src, test)\" with changes in: \"Module 'backend' (src, test)\"",
      "scanningType" : "PARTIAL",
      "scanningId" : 26,
      "creatingIteratorsTime" : 2000,
      "concurrentHandlingWallTimeWithoutPauses" : 216783000,
      "concurrentHandlingWallTimeWithPauses" : 216783000,
      "concurrentHandlingSumOfThreadTimesWithPauses" : 216497972,
      "concurrentIterationAndScannersApplicationSumOfThreadTimesWithPauses" : 10998506,
      "concurrentFileCheckSumOfThreadTimesWithPauses" : 205394102,
      "delayedPushPropertiesStageTime" : 14000,
      "indexExtensionsTime" : 1323329,
      "dumbModeStart" : "2024-01-06T15:41:51.133514Z",
      "dumbWallTimeWithPauses" : 219179000,
      "dumbWallTimeWithoutPauses" : 219179000,
      "updatingStart" : "2024-01-06T15:41:51.133006Z",
      "updatingEnd" : "2024-01-06T15:41:51.352693Z",
      "totalWallTimeWithPauses" : 219701757,
      "wallTimeOnPause" : 0,
      "wasInterrupted" : false,
      "totalWallTimeWithoutPauses" : 219701757
    },
    "fileCount" : {
      "numberOfFileProviders" : 1,
      "numberOfScannedFiles" : 191,
      "numberOfFilesIndexedByInfrastructureExtensionsDuringScan" : 0,
      "numberOfFilesScheduledForIndexingAfterScan" : 74
    },
    "scanningStatistics" : [ {
      "providerName" : "Module 'backend' (src, test)",
      "numberOfScannedFiles" : 191,
      "numberOfSkippedFiles" : 0,
      "numberOfFilesForIndexing" : 74,
      "numberOfFilesFullyIndexedByInfrastructureExtensions" : 0,
      "filesFullyIndexedByInfrastructureExtensions" : [ ],
      "statusTime" : 140701406,
      "totalOneThreadTimeWithPauses" : 216497972,
      "iterationAndScannersApplicationTime" : 10998506,
      "filesCheckTime" : 205394102,
      "timeProcessingUpToDateFiles" : 47247539,
      "timeUpdatingContentLessIndexes" : 2574,
      "timeIndexingWithoutContentViaInfrastructureExtension" : 1323329,
      "roots" : [ ]
    } ]
  }
}