{
  "appInfo" : {
    "build" : "233.11799.241",
    "buildDate" : "2023-12-02T05:05:00Z[UTC]",
    "productCode" : "IU",
    "generated" : "2024-01-05T10:59:33.402094Z",
    "os" : "macOS 13.6",
    "runtime" : "JetBrains s.r.o. 17.0.9 17.0.9+7-b1087.7"
  },
  "runtimeInfo" : {
    "maxMemory" : 3170893824,
    "numberOfProcessors" : 4,
    "maxNumberOfIndexingThreads" : 3,
    "maxSizeOfFileForIntelliSense" : 2560000,
    "maxSizeOfFileForContentLoading" : 20971520
  },
  "type" : "DumbIndexing",
  "projectIndexingActivityHistory" : {
    "projectName" : "backend",
    "times" : {
      "scanningIds" : [ 4 ],
      "contentLoadingVisibleTime" : 4813613,
      "retrievingChangedDuringIndexingFilesTime" : 150705,
      "separateApplyingIndexesVisibleTime" : 57847884,
      "updatingStart" : "2024-01-05T10:59:32.231274Z",
      "updatingEnd" : "2024-01-05T10:59:33.401673Z",
      "totalWallTimeWithPauses" : 1170376897,
      "wallTimeOnPause" : 0,
      "wasInterrupted" : false,
      "dumbWallTimeWithPauses" : 1170376897,
      "dumbWallTimeWithoutPauses" : 1170376897,
      "dumbModeStart" : "2024-01-05T10:59:32.231274Z",
      "totalWallTimeWithoutPauses" : 1170376897
    },
    "fileCount" : {
      "numberOfChangedDuringIndexingFiles" : 4,
      "numberOfFilesIndexedByInfrastructureExtensionsDuringIndexingStage" : 0,
      "numberOfFilesIndexedWithLoadingContent" : 11,
      "numberOfNothingToWriteFiles" : 4
    },
    "totalStatsPerFileType" : [ {
      "fileType" : "PHP",
      "partOfTotalProcessingTime" : {
        "part" : 1315343996,
        "total" : 1907234683
      },
      "partOfTotalContentLoadingTime" : {
        "part" : 3610940,
        "total" : 7931157
      },
      "totalNumberOfFiles" : 4,
      "totalFilesSize" : 212995,
      "totalProcessingSpeed" : {
        "totalBytes" : 212995,
        "totalCpuTime" : 1315343996
      },
      "biggestContributors" : [ {
        "providerName" : "Refreshed files",
        "numberOfFiles" : 2,
        "totalFilesSize" : 203776,
        "partOfTotalProcessingTimeOfThisFileType" : {
          "part" : 1215982781,
          "total" : 1315343996
        }
      }, {
        "providerName" : "External roots from entity (empty; empty; ndjson-react; empty)",
        "numberOfFiles" : 2,
        "totalFilesSize" : 9219,
        "partOfTotalProcessingTimeOfThisFileType" : {
          "part" : 99361215,
          "total" : 1315343996
        }
      } ]
    }, {
      "fileType" : "JSON",
      "partOfTotalProcessingTime" : {
        "part" : 515063723,
        "total" : 1907234683
      },
      "partOfTotalContentLoadingTime" : {
        "part" : 3729365,
        "total" : 7931157
      },
      "totalNumberOfFiles" : 3,
      "totalFilesSize" : 301424,
      "totalProcessingSpeed" : {
        "totalBytes" : 301424,
        "totalCpuTime" : 515063723
      },
      "biggestContributors" : [ {
        "providerName" : "Refreshed files",
        "numberOfFiles" : 2,
        "totalFilesSize" : 300587,
        "partOfTotalProcessingTimeOfThisFileType" : {
          "part" : 507020827,
          "total" : 515063723
        }
      }, {
        "providerName" : "External roots from entity (empty; empty; ndjson-react; empty)",
        "numberOfFiles" : 1,
        "totalFilesSize" : 837,
        "partOfTotalProcessingTimeOfThisFileType" : {
          "part" : 8042896,
          "total" : 515063723
        }
      } ]
    }, {
      "fileType" : "Markdown",
      "partOfTotalProcessingTime" : {
        "part" : 75032767,
        "total" : 1907234683
      },
      "partOfTotalContentLoadingTime" : {
        "part" : 254946,
        "total" : 7931157
      },
      "totalNumberOfFiles" : 2,
      "totalFilesSize" : 16772,
      "totalProcessingSpeed" : {
        "totalBytes" : 16772,
        "totalCpuTime" : 75032767
      },
      "biggestContributors" : [ {
        "providerName" : "External roots from entity (empty; empty; ndjson-react; empty)",
        "numberOfFiles" : 2,
        "totalFilesSize" : 16772,
        "partOfTotalProcessingTimeOfThisFileType" : {
          "part" : 75032767,
          "total" : 75032767
        }
      } ]
    }, {
      "fileType" : "YAML",
      "partOfTotalProcessingTime" : {
        "part" : 1140361,
        "total" : 1907234683
      },
      "partOfTotalContentLoadingTime" : {
        "part" : 77384,
        "total" : 7931157
      },
      "totalNumberOfFiles" : 1,
      "totalFilesSize" : 54,
      "totalProcessingSpeed" : {
        "totalBytes" : 54,
        "totalCpuTime" : 1140361
      },
      "biggestContributors" : [ {
        "providerName" : "External roots from entity (empty; empty; ndjson-react; empty)",
        "numberOfFiles" : 1,
        "totalFilesSize" : 54,
        "partOfTotalProcessingTimeOfThisFileType" : {
          "part" : 1140361,
          "total" : 1140361
        }
      } ]
    }, {
      "fileType" : "PLAIN_TEXT",
      "partOfTotalProcessingTime" : {
        "part" : 653836,
        "total" : 1907234683
      },
      "partOfTotalContentLoadingTime" : {
        "part" : 258522,
        "total" : 7931157
      },
      "totalNumberOfFiles" : 1,
      "totalFilesSize" : 1082,
      "totalProcessingSpeed" : {
        "totalBytes" : 1082,
        "totalCpuTime" : 653836
      },
      "biggestContributors" : [ {
        "providerName" : "External roots from entity (empty; empty; ndjson-react; empty)",
        "numberOfFiles" : 1,
        "totalFilesSize" : 1082,
        "partOfTotalProcessingTimeOfThisFileType" : {
          "part" : 653836,
          "total" : 653836
        }
      } ]
    } ],
    "totalStatsPerBaseLanguage" : [ {
      "language" : "PHP",
      "partOfTotalProcessingTime" : {
        "part" : 1315343996,
        "total" : 1907234683
      },
      "partOfTotalContentLoadingTime" : {
        "part" : 11542097,
        "total" : 7931157
      },
      "totalNumberOfFiles" : 4,
      "totalFilesSize" : 212995,
      "totalProcessingSpeed" : {
        "totalBytes" : 212995,
        "totalCpuTime" : 1315343996
      }
    }, {
      "language" : "JSON",
      "partOfTotalProcessingTime" : {
        "part" : 515063723,
        "total" : 1907234683
      },
      "partOfTotalContentLoadingTime" : {
        "part" : 11660522,
        "total" : 7931157
      },
      "totalNumberOfFiles" : 3,
      "totalFilesSize" : 301424,
      "totalProcessingSpeed" : {
        "totalBytes" : 301424,
        "totalCpuTime" : 515063723
      }
    }, {
      "language" : "Markdown",
      "partOfTotalProcessingTime" : {
        "part" : 75032767,
        "total" : 1907234683
      },
      "partOfTotalContentLoadingTime" : {
        "part" : 8186103,
        "total" : 7931157
      },
      "totalNumberOfFiles" : 2,
      "totalFilesSize" : 16772,
      "totalProcessingSpeed" : {
        "totalBytes" : 16772,
        "totalCpuTime" : 75032767
      }
    }, {
      "language" : "yaml",
      "partOfTotalProcessingTime" : {
        "part" : 1140361,
        "total" : 1907234683
      },
      "partOfTotalContentLoadingTime" : {
        "part" : 8008541,
        "total" : 7931157
      },
      "totalNumberOfFiles" : 1,
      "totalFilesSize" : 54,
      "totalProcessingSpeed" : {
        "totalBytes" : 54,
        "totalCpuTime" : 1140361
      }
    }, {
      "language" : "TEXT",
      "partOfTotalProcessingTime" : {
        "part" : 653836,
        "total" : 1907234683
      },
      "partOfTotalContentLoadingTime" : {
        "part" : 8189679,
        "total" : 7931157
      },
      "totalNumberOfFiles" : 1,
      "totalFilesSize" : 1082,
      "totalProcessingSpeed" : {
        "totalBytes" : 1082,
        "totalCpuTime" : 653836
      }
    } ],
    "totalStatsPerIndexer" : [ {
      "indexId" : "SwReferencesIndex",
      "partOfTotalIndexingTime" : {
        "part" : 315816569,
        "total" : 1287060782
      },
      "totalNumberOfFiles" : 2,
      "totalNumberOfFilesIndexedByExtensions" : 0,
      "totalFilesSize" : 300587,
      "indexValueChangerEvaluationSpeed" : {
        "totalBytes" : 300587,
        "totalCpuTime" : 315816569
      }
    }, {
      "indexId" : "Stubs",
      "partOfTotalIndexingTime" : {
        "part" : 267539435,
        "total" : 1287060782
      },
      "totalNumberOfFiles" : 4,
      "totalNumberOfFilesIndexedByExtensions" : 0,
      "totalFilesSize" : 222989,
      "indexValueChangerEvaluationSpeed" : {
        "totalBytes" : 222989,
        "totalCpuTime" : 267539435
      }
    }, {
      "indexId" : "php.class.name",
      "partOfTotalIndexingTime" : {
        "part" : 209807943,
        "total" : 1287060782
      },
      "totalNumberOfFiles" : 3,
      "totalNumberOfFilesIndexedByExtensions" : 0,
      "totalFilesSize" : 208513,
      "indexValueChangerEvaluationSpeed" : {
        "totalBytes" : 208513,
        "totalCpuTime" : 209807943
      }
    }, {
      "indexId" : "php.max.language.level",
      "partOfTotalIndexingTime" : {
        "part" : 168767663,
        "total" : 1287060782
      },
      "totalNumberOfFiles" : 3,
      "totalNumberOfFilesIndexedByExtensions" : 0,
      "totalFilesSize" : 208513,
      "indexValueChangerEvaluationSpeed" : {
        "totalBytes" : 208513,
        "totalCpuTime" : 168767663
      }
    }, {
      "indexId" : "IdIndex",
      "partOfTotalIndexingTime" : {
        "part" : 139524484,
        "total" : 1287060782
      },
      "totalNumberOfFiles" : 6,
      "totalNumberOfFilesIndexedByExtensions" : 0,
      "totalFilesSize" : 523576,
      "indexValueChangerEvaluationSpeed" : {
        "totalBytes" : 523576,
        "totalCpuTime" : 139524484
      }
    }, {
      "indexId" : "Trigram.Index",
      "partOfTotalIndexingTime" : {
        "part" : 44496133,
        "total" : 1287060782
      },
      "totalNumberOfFiles" : 6,
      "totalNumberOfFilesIndexedByExtensions" : 0,
      "totalFilesSize" : 523576,
      "indexValueChangerEvaluationSpeed" : {
        "totalBytes" : 523576,
        "totalCpuTime" : 44496133
      }
    }, {
      "indexId" : "php.invoke.calls.offsets",
      "partOfTotalIndexingTime" : {
        "part" : 30485978,
        "total" : 1287060782
      },
      "totalNumberOfFiles" : 3,
      "totalNumberOfFilesIndexedByExtensions" : 0,
      "totalFilesSize" : 208513,
      "indexValueChangerEvaluationSpeed" : {
        "totalBytes" : 208513,
        "totalCpuTime" : 30485978
      }
    }, {
      "indexId" : "php.fields.default.value.matchers",
      "partOfTotalIndexingTime" : {
        "part" : 20221751,
        "total" : 1287060782
      },
      "totalNumberOfFiles" : 3,
      "totalNumberOfFilesIndexedByExtensions" : 0,
      "totalFilesSize" : 208513,
      "indexValueChangerEvaluationSpeed" : {
        "totalBytes" : 208513,
        "totalCpuTime" : 20221751
      }
    }, {
      "indexId" : "CssIndex",
      "partOfTotalIndexingTime" : {
        "part" : 20033747,
        "total" : 1287060782
      },
      "totalNumberOfFiles" : 3,
      "totalNumberOfFilesIndexedByExtensions" : 0,
      "totalFilesSize" : 208513,
      "indexValueChangerEvaluationSpeed" : {
        "totalBytes" : 208513,
        "totalCpuTime" : 20033747
      }
    }, {
      "indexId" : "css.template.selectors",
      "partOfTotalIndexingTime" : {
        "part" : 18798887,
        "total" : 1287060782
      },
      "totalNumberOfFiles" : 3,
      "totalNumberOfFilesIndexedByExtensions" : 0,
      "totalFilesSize" : 208513,
      "indexValueChangerEvaluationSpeed" : {
        "totalBytes" : 208513,
        "totalCpuTime" : 18798887
      }
    }, {
      "indexId" : "json.file.root.values",
      "partOfTotalIndexingTime" : {
        "part" : 15608069,
        "total" : 1287060782
      },
      "totalNumberOfFiles" : 2,
      "totalNumberOfFilesIndexedByExtensions" : 0,
      "totalFilesSize" : 300587,
      "indexValueChangerEvaluationSpeed" : {
        "totalBytes" : 300587,
        "totalCpuTime" : 15608069
      }
    }, {
      "indexId" : "php.global.assignment.index",
      "partOfTotalIndexingTime" : {
        "part" : 8210268,
        "total" : 1287060782
      },
      "totalNumberOfFiles" : 3,
      "totalNumberOfFilesIndexedByExtensions" : 0,
      "totalFilesSize" : 208513,
      "indexValueChangerEvaluationSpeed" : {
        "totalBytes" : 208513,
        "totalCpuTime" : 8210268
      }
    }, {
      "indexId" : "php.class.alias.fqn",
      "partOfTotalIndexingTime" : {
        "part" : 6790016,
        "total" : 1287060782
      },
      "totalNumberOfFiles" : 3,
      "totalNumberOfFilesIndexedByExtensions" : 0,
      "totalFilesSize" : 208513,
      "indexValueChangerEvaluationSpeed" : {
        "totalBytes" : 208513,
        "totalCpuTime" : 6790016
      }
    }, {
      "indexId" : "OpenapiSpecificationContentIndexer",
      "partOfTotalIndexingTime" : {
        "part" : 6743883,
        "total" : 1287060782
      },
      "totalNumberOfFiles" : 2,
      "totalNumberOfFilesIndexedByExtensions" : 0,
      "totalFilesSize" : 300587,
      "indexValueChangerEvaluationSpeed" : {
        "totalBytes" : 300587,
        "totalCpuTime" : 6743883
      }
    }, {
      "indexId" : "FrameworkDetectionIndex",
      "partOfTotalIndexingTime" : {
        "part" : 2472777,
        "total" : 1287060782
      },
      "totalNumberOfFiles" : 2,
      "totalNumberOfFilesIndexedByExtensions" : 0,
      "totalFilesSize" : 300587,
      "indexValueChangerEvaluationSpeed" : {
        "totalBytes" : 300587,
        "totalCpuTime" : 2472777
      }
    }, {
      "indexId" : "php.variable.name",
      "partOfTotalIndexingTime" : {
        "part" : 2049775,
        "total" : 1287060782
      },
      "totalNumberOfFiles" : 3,
      "totalNumberOfFilesIndexedByExtensions" : 0,
      "totalFilesSize" : 208513,
      "indexValueChangerEvaluationSpeed" : {
        "totalBytes" : 208513,
        "totalCpuTime" : 2049775
      }
    }, {
      "indexId" : "php.doctag.user.name",
      "partOfTotalIndexingTime" : {
        "part" : 1379277,
        "total" : 1287060782
      },
      "totalNumberOfFiles" : 3,
      "totalNumberOfFilesIndexedByExtensions" : 0,
      "totalFilesSize" : 208513,
      "indexValueChangerEvaluationSpeed" : {
        "totalBytes" : 208513,
        "totalCpuTime" : 1379277
      }
    }, {
      "indexId" : "espend.php.annotation.classes",
      "partOfTotalIndexingTime" : {
        "part" : 1321822,
        "total" : 1287060782
      },
      "totalNumberOfFiles" : 4,
      "totalNumberOfFilesIndexedByExtensions" : 0,
      "totalFilesSize" : 212995,
      "indexValueChangerEvaluationSpeed" : {
        "totalBytes" : 212995,
        "totalCpuTime" : 1321822
      }
    }, {
      "indexId" : "php.array.shapes.entries",
      "partOfTotalIndexingTime" : {
        "part" : 736071,
        "total" : 1287060782
      },
      "totalNumberOfFiles" : 3,
      "totalNumberOfFilesIndexedByExtensions" : 0,
      "totalFilesSize" : 208513,
      "indexValueChangerEvaluationSpeed" : {
        "totalBytes" : 208513,
        "totalCpuTime" : 736071
      }
    }, {
      "indexId" : "HtmlTagIdIndex",
      "partOfTotalIndexingTime" : {
        "part" : 498136,
        "total" : 1287060782
      },
      "totalNumberOfFiles" : 4,
      "totalNumberOfFilesIndexedByExtensions" : 0,
      "totalFilesSize" : 212995,
      "indexValueChangerEvaluationSpeed" : {
        "totalBytes" : 212995,
        "totalCpuTime" : 498136
      }
    }, {
      "indexId" : "php.not.used.parameters",
      "partOfTotalIndexingTime" : {
        "part" : 490112,
        "total" : 1287060782
      },
      "totalNumberOfFiles" : 3,
      "totalNumberOfFilesIndexedByExtensions" : 0,
      "totalFilesSize" : 208513,
      "indexValueChangerEvaluationSpeed" : {
        "totalBytes" : 208513,
        "totalCpuTime" : 490112
      }
    }, {
      "indexId" : "php.field.names.accessed.by.the.constructor",
      "partOfTotalIndexingTime" : {
        "part" : 410315,
        "total" : 1287060782
      },
      "totalNumberOfFiles" : 3,
      "totalNumberOfFilesIndexedByExtensions" : 0,
      "totalFilesSize" : 208513,
      "indexValueChangerEvaluationSpeed" : {
        "totalBytes" : 208513,
        "totalCpuTime" : 410315
      }
    }, {
      "indexId" : "php.generator.operands.type.index",
      "partOfTotalIndexingTime" : {
        "part" : 360836,
        "total" : 1287060782
      },
      "totalNumberOfFiles" : 3,
      "totalNumberOfFilesIndexedByExtensions" : 0,
      "totalFilesSize" : 208513,
      "indexValueChangerEvaluationSpeed" : {
        "totalBytes" : 208513,
        "totalCpuTime" : 360836
      }
    }, {
      "indexId" : "php.parameters.default.value.matchers",
      "partOfTotalIndexingTime" : {
        "part" : 348771,
        "total" : 1287060782
      },
      "totalNumberOfFiles" : 3,
      "totalNumberOfFilesIndexedByExtensions" : 0,
      "totalFilesSize" : 208513,
      "indexValueChangerEvaluationSpeed" : {
        "totalBytes" : 208513,
        "totalCpuTime" : 348771
      }
    }, {
      "indexId" : "php.function.parameters.used.as.regexp",
      "partOfTotalIndexingTime" : {
        "part" : 311550,
        "total" : 1287060782
      },
      "totalNumberOfFiles" : 3,
      "totalNumberOfFilesIndexedByExtensions" : 0,
      "totalFilesSize" : 208513,
      "indexValueChangerEvaluationSpeed" : {
        "totalBytes" : 208513,
        "totalCpuTime" : 311550
      }
    }, {
      "indexId" : "php.expected.function.arguments",
      "partOfTotalIndexingTime" : {
        "part" : 274974,
        "total" : 1287060782
      },
      "totalNumberOfFiles" : 3,
      "totalNumberOfFilesIndexedByExtensions" : 0,
      "totalFilesSize" : 208513,
      "indexValueChangerEvaluationSpeed" : {
        "totalBytes" : 208513,
        "totalCpuTime" : 274974
      }
    }, {
      "indexId" : "php.putenv.arguments",
      "partOfTotalIndexingTime" : {
        "part" : 272231,
        "total" : 1287060782
      },
      "totalNumberOfFiles" : 3,
      "totalNumberOfFilesIndexedByExtensions" : 0,
      "totalFilesSize" : 208513,
      "indexValueChangerEvaluationSpeed" : {
        "totalBytes" : 208513,
        "totalCpuTime" : 272231
      }
    }, {
      "indexId" : "js.custom.single.entry.index",
      "partOfTotalIndexingTime" : {
        "part" : 248137,
        "total" : 1287060782
      },
      "totalNumberOfFiles" : 3,
      "totalNumberOfFilesIndexedByExtensions" : 0,
      "totalFilesSize" : 208513,
      "indexValueChangerEvaluationSpeed" : {
        "totalBytes" : 208513,
        "totalCpuTime" : 248137
      }
    }, {
      "indexId" : "php.array.access.offsets",
      "partOfTotalIndexingTime" : {
        "part" : 234478,
        "total" : 1287060782
      },
      "totalNumberOfFiles" : 3,
      "totalNumberOfFilesIndexedByExtensions" : 0,
      "totalFilesSize" : 208513,
      "indexValueChangerEvaluationSpeed" : {
        "totalBytes" : 208513,
        "totalCpuTime" : 234478
      }
    }, {
      "indexId" : "php.used.parameters.array.keys",
      "partOfTotalIndexingTime" : {
        "part" : 206988,
        "total" : 1287060782
      },
      "totalNumberOfFiles" : 3,
      "totalNumberOfFilesIndexedByExtensions" : 0,
      "totalFilesSize" : 208513,
      "indexValueChangerEvaluationSpeed" : {
        "totalBytes" : 208513,
        "totalCpuTime" : 206988
      }
    }, {
      "indexId" : "php.inferred.meta.pattern.index",
      "partOfTotalIndexingTime" : {
        "part" : 205622,
        "total" : 1287060782
      },
      "totalNumberOfFiles" : 3,
      "totalNumberOfFilesIndexedByExtensions" : 0,
      "totalFilesSize" : 208513,
      "indexValueChangerEvaluationSpeed" : {
        "totalBytes" : 208513,
        "totalCpuTime" : 205622
      }
    }, {
      "indexId" : "php.func.get.arg.usage.index",
      "partOfTotalIndexingTime" : {
        "part" : 201895,
        "total" : 1287060782
      },
      "totalNumberOfFiles" : 3,
      "totalNumberOfFilesIndexedByExtensions" : 0,
      "totalFilesSize" : 208513,
      "indexValueChangerEvaluationSpeed" : {
        "totalBytes" : 208513,
        "totalCpuTime" : 201895
      }
    }, {
      "indexId" : "espend.php.annotation.usage",
      "partOfTotalIndexingTime" : {
        "part" : 197714,
        "total" : 1287060782
      },
      "totalNumberOfFiles" : 4,
      "totalNumberOfFilesIndexedByExtensions" : 0,
      "totalFilesSize" : 212995,
      "indexValueChangerEvaluationSpeed" : {
        "totalBytes" : 212995,
        "totalCpuTime" : 197714
      }
    }, {
      "indexId" : "php.method.name",
      "partOfTotalIndexingTime" : {
        "part" : 196127,
        "total" : 1287060782
      },
      "totalNumberOfFiles" : 3,
      "totalNumberOfFilesIndexedByExtensions" : 0,
      "totalFilesSize" : 208513,
      "indexValueChangerEvaluationSpeed" : {
        "totalBytes" : 208513,
        "totalCpuTime" : 196127
      }
    }, {
      "indexId" : "php.generic.template.index",
      "partOfTotalIndexingTime" : {
        "part" : 194240,
        "total" : 1287060782
      },
      "totalNumberOfFiles" : 3,
      "totalNumberOfFilesIndexedByExtensions" : 0,
      "totalFilesSize" : 208513,
      "indexValueChangerEvaluationSpeed" : {
        "totalBytes" : 208513,
        "totalCpuTime" : 194240
      }
    }, {
      "indexId" : "php.expected.function.return.values",
      "partOfTotalIndexingTime" : {
        "part" : 155945,
        "total" : 1287060782
      },
      "totalNumberOfFiles" : 3,
      "totalNumberOfFilesIndexedByExtensions" : 0,
      "totalFilesSize" : 208513,
      "indexValueChangerEvaluationSpeed" : {
        "totalBytes" : 208513,
        "totalCpuTime" : 155945
      }
    }, {
      "indexId" : "php.class.fqn",
      "partOfTotalIndexingTime" : {
        "part" : 142951,
        "total" : 1287060782
      },
      "totalNumberOfFiles" : 3,
      "totalNumberOfFilesIndexedByExtensions" : 0,
      "totalFilesSize" : 208513,
      "indexValueChangerEvaluationSpeed" : {
        "totalBytes" : 208513,
        "totalCpuTime" : 142951
      }
    }, {
      "indexId" : "php.functions.with.not.catched.dynamic.passed.calls",
      "partOfTotalIndexingTime" : {
        "part" : 129483,
        "total" : 1287060782
      },
      "totalNumberOfFiles" : 3,
      "totalNumberOfFilesIndexedByExtensions" : 0,
      "totalFilesSize" : 208513,
      "indexValueChangerEvaluationSpeed" : {
        "totalBytes" : 208513,
        "totalCpuTime" : 129483
      }
    }, {
      "indexId" : "php.aliased.trait.method.name",
      "partOfTotalIndexingTime" : {
        "part" : 110725,
        "total" : 1287060782
      },
      "totalNumberOfFiles" : 3,
      "totalNumberOfFilesIndexedByExtensions" : 0,
      "totalFilesSize" : 208513,
      "indexValueChangerEvaluationSpeed" : {
        "totalBytes" : 208513,
        "totalCpuTime" : 110725
      }
    }, {
      "indexId" : "php.unit.data.providers",
      "partOfTotalIndexingTime" : {
        "part" : 106686,
        "total" : 1287060782
      },
      "totalNumberOfFiles" : 3,
      "totalNumberOfFilesIndexedByExtensions" : 0,
      "totalFilesSize" : 208513,
      "indexValueChangerEvaluationSpeed" : {
        "totalBytes" : 208513,
        "totalCpuTime" : 106686
      }
    }, {
      "indexId" : "php.serialize.function.calls.offsets",
      "partOfTotalIndexingTime" : {
        "part" : 99455,
        "total" : 1287060782
      },
      "totalNumberOfFiles" : 3,
      "totalNumberOfFilesIndexedByExtensions" : 0,
      "totalFilesSize" : 208513,
      "indexValueChangerEvaluationSpeed" : {
        "totalBytes" : 208513,
        "totalCpuTime" : 99455
      }
    }, {
      "indexId" : "php.doc.type.aliases.index",
      "partOfTotalIndexingTime" : {
        "part" : 97538,
        "total" : 1287060782
      },
      "totalNumberOfFiles" : 3,
      "totalNumberOfFilesIndexedByExtensions" : 0,
      "totalFilesSize" : 208513,
      "indexValueChangerEvaluationSpeed" : {
        "totalBytes" : 208513,
        "totalCpuTime" : 97538
      }
    }, {
      "indexId" : "php.exit.point.function.index",
      "partOfTotalIndexingTime" : {
        "part" : 80919,
        "total" : 1287060782
      },
      "totalNumberOfFiles" : 3,
      "totalNumberOfFilesIndexedByExtensions" : 0,
      "totalFilesSize" : 208513,
      "indexValueChangerEvaluationSpeed" : {
        "totalBytes" : 208513,
        "totalCpuTime" : 80919
      }
    }, {
      "indexId" : "php.unit.covers",
      "partOfTotalIndexingTime" : {
        "part" : 80161,
        "total" : 1287060782
      },
      "totalNumberOfFiles" : 3,
      "totalNumberOfFilesIndexedByExtensions" : 0,
      "totalFilesSize" : 208513,
      "indexValueChangerEvaluationSpeed" : {
        "totalBytes" : 208513,
        "totalCpuTime" : 80161
      }
    }, {
      "indexId" : "php.class.attributes.name",
      "partOfTotalIndexingTime" : {
        "part" : 62898,
        "total" : 1287060782
      },
      "totalNumberOfFiles" : 3,
      "totalNumberOfFilesIndexedByExtensions" : 0,
      "totalFilesSize" : 208513,
      "indexValueChangerEvaluationSpeed" : {
        "totalBytes" : 208513,
        "totalCpuTime" : 62898
      }
    }, {
      "indexId" : "php.function.always.re",
      "partOfTotalIndexingTime" : {
        "part" : 61399,
        "total" : 1287060782
      },
      "totalNumberOfFiles" : 3,
      "totalNumberOfFilesIndexedByExtensions" : 0,
      "totalFilesSize" : 208513,
      "indexValueChangerEvaluationSpeed" : {
        "totalBytes" : 208513,
        "totalCpuTime" : 61399
      }
    }, {
      "indexId" : "php.trait.usage",
      "partOfTotalIndexingTime" : {
        "part" : 60314,
        "total" : 1287060782
      },
      "totalNumberOfFiles" : 3,
      "totalNumberOfFilesIndexedByExtensions" : 0,
      "totalFilesSize" : 208513,
      "indexValueChangerEvaluationSpeed" : {
        "totalBytes" : 208513,
        "totalCpuTime" : 60314
      }
    }, {
      "indexId" : "HtmlScriptSrcIndex",
      "partOfTotalIndexingTime" : {
        "part" : 59627,
        "total" : 1287060782
      },
      "totalNumberOfFiles" : 4,
      "totalNumberOfFilesIndexedByExtensions" : 0,
      "totalFilesSize" : 212995,
      "indexValueChangerEvaluationSpeed" : {
        "totalBytes" : 212995,
        "totalCpuTime" : 59627
      }
    }, {
      "indexId" : "php.namespace.inheritance",
      "partOfTotalIndexingTime" : {
        "part" : 59387,
        "total" : 1287060782
      },
      "totalNumberOfFiles" : 3,
      "totalNumberOfFilesIndexedByExtensions" : 0,
      "totalFilesSize" : 208513,
      "indexValueChangerEvaluationSpeed" : {
        "totalBytes" : 208513,
        "totalCpuTime" : 59387
      }
    }, {
      "indexId" : "php.constant.name",
      "partOfTotalIndexingTime" : {
        "part" : 56716,
        "total" : 1287060782
      },
      "totalNumberOfFiles" : 3,
      "totalNumberOfFilesIndexedByExtensions" : 0,
      "totalFilesSize" : 208513,
      "indexValueChangerEvaluationSpeed" : {
        "totalBytes" : 208513,
        "totalCpuTime" : 56716
      }
    }, {
      "indexId" : "php.interface.fqn",
      "partOfTotalIndexingTime" : {
        "part" : 52936,
        "total" : 1287060782
      },
      "totalNumberOfFiles" : 3,
      "totalNumberOfFilesIndexedByExtensions" : 0,
      "totalFilesSize" : 208513,
      "indexValueChangerEvaluationSpeed" : {
        "totalBytes" : 208513,
        "totalCpuTime" : 52936
      }
    }, {
      "indexId" : "php.constants.default.expected.arguments",
      "partOfTotalIndexingTime" : {
        "part" : 43057,
        "total" : 1287060782
      },
      "totalNumberOfFiles" : 3,
      "totalNumberOfFilesIndexedByExtensions" : 0,
      "totalFilesSize" : 208513,
      "indexValueChangerEvaluationSpeed" : {
        "totalBytes" : 208513,
        "totalCpuTime" : 43057
      }
    }, {
      "indexId" : "php.function.name",
      "partOfTotalIndexingTime" : {
        "part" : 35841,
        "total" : 1287060782
      },
      "totalNumberOfFiles" : 3,
      "totalNumberOfFilesIndexedByExtensions" : 0,
      "totalFilesSize" : 208513,
      "indexValueChangerEvaluationSpeed" : {
        "totalBytes" : 208513,
        "totalCpuTime" : 35841
      }
    }, {
      "indexId" : "php.file.constants.default.value.matchers",
      "partOfTotalIndexingTime" : {
        "part" : 32685,
        "total" : 1287060782
      },
      "totalNumberOfFiles" : 3,
      "totalNumberOfFilesIndexedByExtensions" : 0,
      "totalFilesSize" : 208513,
      "indexValueChangerEvaluationSpeed" : {
        "totalBytes" : 208513,
        "totalCpuTime" : 32685
      }
    }, {
      "indexId" : "php.constants.default.array.shapes",
      "partOfTotalIndexingTime" : {
        "part" : 22650,
        "total" : 1287060782
      },
      "totalNumberOfFiles" : 3,
      "totalNumberOfFilesIndexedByExtensions" : 0,
      "totalFilesSize" : 208513,
      "indexValueChangerEvaluationSpeed" : {
        "totalBytes" : 208513,
        "totalCpuTime" : 22650
      }
    }, {
      "indexId" : "php.class.alias.name",
      "partOfTotalIndexingTime" : {
        "part" : 22630,
        "total" : 1287060782
      },
      "totalNumberOfFiles" : 3,
      "totalNumberOfFilesIndexedByExtensions" : 0,
      "totalFilesSize" : 208513,
      "indexValueChangerEvaluationSpeed" : {
        "totalBytes" : 208513,
        "totalCpuTime" : 22630
      }
    }, {
      "indexId" : "php.class.alias.to.class",
      "partOfTotalIndexingTime" : {
        "part" : 16851,
        "total" : 1287060782
      },
      "totalNumberOfFiles" : 3,
      "totalNumberOfFilesIndexedByExtensions" : 0,
      "totalFilesSize" : 208513,
      "indexValueChangerEvaluationSpeed" : {
        "totalBytes" : 208513,
        "totalCpuTime" : 16851
      }
    }, {
      "indexId" : "php.class.to.class.alias",
      "partOfTotalIndexingTime" : {
        "part" : 13254,
        "total" : 1287060782
      },
      "totalNumberOfFiles" : 3,
      "totalNumberOfFilesIndexedByExtensions" : 0,
      "totalFilesSize" : 208513,
      "indexValueChangerEvaluationSpeed" : {
        "totalBytes" : 208513,
        "totalCpuTime" : 13254
      }
    }, {
      "indexId" : "HashFragmentIndex",
      "partOfTotalIndexingTime" : {
        "part" : 0,
        "total" : 1287060782
      },
      "totalNumberOfFiles" : 1,
      "totalNumberOfFilesIndexedByExtensions" : 0,
      "totalFilesSize" : 4482,
      "indexValueChangerEvaluationSpeed" : {
        "totalBytes" : 4482,
        "totalCpuTime" : 0
      }
    } ],
    "statisticsOfChangedDuringIndexingFiles" : {
      "numberOfFiles" : 4,
      "retrievingTime" : 150705
    },
    "fileProviderStatistics" : [ {
      "providerName" : "Refreshed files",
      "totalNumberOfIndexedFiles" : 4,
      "totalNumberOfFilesFullyIndexedByExtensions" : 0,
      "totalNumberOfNothingToWriteFiles" : 0,
      "totalIndexingVisibleTime" : 1073480878,
      "contentLoadingVisibleTime" : 4358001,
      "numberOfTooLargeForIndexingFiles" : 0,
      "slowIndexedFiles" : [ {
        "fileName" : "autoload_static.php",
        "processingTime" : 1069252039,
        "evaluationOfIndexValueChangerTime" : 556152878,
        "contentLoadingTime" : 2158908
      } ],
      "filesFullyIndexedByExtensions" : [ ],
      "separateApplyingIndexesVisibleTime" : 47640741
    }, {
      "providerName" : "External roots from entity (empty; empty; ndjson-react; empty)",
      "totalNumberOfIndexedFiles" : 7,
      "totalNumberOfFilesFullyIndexedByExtensions" : 0,
      "totalNumberOfNothingToWriteFiles" : 4,
      "totalIndexingVisibleTime" : 89649297,
      "contentLoadingVisibleTime" : 455612,
      "numberOfTooLargeForIndexingFiles" : 0,
      "slowIndexedFiles" : [ ],
      "filesFullyIndexedByExtensions" : [ ],
      "separateApplyingIndexesVisibleTime" : 10207143
    } ],
    "visibleTimeToAllThreadTimeRatio" : 0.6230288044759568
  }
}