{
  "appInfo" : {
    "build" : "233.11799.241",
    "buildDate" : "2023-12-02T05:05:00Z[UTC]",
    "productCode" : "IU",
    "generated" : "2024-01-07T17:21:56.340128Z",
    "os" : "macOS 13.6",
    "runtime" : "JetBrains s.r.o. 17.0.9 17.0.9+7-b1087.7"
  },
  "runtimeInfo" : {
    "maxMemory" : 3170893824,
    "numberOfProcessors" : 4,
    "maxNumberOfIndexingThreads" : 3,
    "maxSizeOfFileForIntelliSense" : 2560000,
    "maxSizeOfFileForContentLoading" : 20971520
  },
  "type" : "DumbIndexing",
  "projectIndexingActivityHistory" : {
    "projectName" : "backend",
    "times" : {
      "scanningIds" : [ 0 ],
      "contentLoadingVisibleTime" : 2362297,
      "retrievingChangedDuringIndexingFilesTime" : 773032,
      "separateApplyingIndexesVisibleTime" : 65807945,
      "updatingStart" : "2024-01-07T17:21:53.89926Z",
      "updatingEnd" : "2024-01-07T17:21:54.818871Z",
      "totalWallTimeWithPauses" : 919736962,
      "wallTimeOnPause" : 0,
      "wasInterrupted" : false,
      "dumbModeStart" : "2024-01-07T17:21:53.89926Z",
      "dumbWallTimeWithoutPauses" : 919736962,
      "dumbWallTimeWithPauses" : 919736962,
      "totalWallTimeWithoutPauses" : 919736962
    },
    "fileCount" : {
      "numberOfChangedDuringIndexingFiles" : 0,
      "numberOfFilesIndexedByInfrastructureExtensionsDuringIndexingStage" : 0,
      "numberOfFilesIndexedWithLoadingContent" : 1,
      "numberOfNothingToWriteFiles" : 0
    },
    "totalStatsPerFileType" : [ {
      "fileType" : "PHP",
      "partOfTotalProcessingTime" : {
        "part" : 836078624,
        "total" : 836078624
      },
      "partOfTotalContentLoadingTime" : {
        "part" : 2307749,
        "total" : 2307749
      },
      "totalNumberOfFiles" : 1,
      "totalFilesSize" : 2085,
      "totalProcessingSpeed" : {
        "totalBytes" : 2085,
        "totalCpuTime" : 836078624
      },
      "biggestContributors" : [ {
        "providerName" : "Module 'backend' (all roots)",
        "numberOfFiles" : 1,
        "totalFilesSize" : 2085,
        "partOfTotalProcessingTimeOfThisFileType" : {
          "part" : 836078624,
          "total" : 836078624
        }
      } ]
    } ],
    "totalStatsPerBaseLanguage" : [ {
      "language" : "PHP",
      "partOfTotalProcessingTime" : {
        "part" : 836078624,
        "total" : 836078624
      },
      "partOfTotalContentLoadingTime" : {
        "part" : 4615498,
        "total" : 2307749
      },
      "totalNumberOfFiles" : 1,
      "totalFilesSize" : 2085,
      "totalProcessingSpeed" : {
        "totalBytes" : 2085,
        "totalCpuTime" : 836078624
      }
    } ],
    "totalStatsPerIndexer" : [ {
      "indexId" : "js.custom.single.entry.index",
      "partOfTotalIndexingTime" : {
        "part" : 329293465,
        "total" : 744779805
      },
      "totalNumberOfFiles" : 1,
      "totalNumberOfFilesIndexedByExtensions" : 0,
      "totalFilesSize" : 2085,
      "indexValueChangerEvaluationSpeed" : {
        "totalBytes" : 2085,
        "totalCpuTime" : 329293465
      }
    }, {
      "indexId" : "Stubs",
      "partOfTotalIndexingTime" : {
        "part" : 202745146,
        "total" : 744779805
      },
      "totalNumberOfFiles" : 1,
      "totalNumberOfFilesIndexedByExtensions" : 0,
      "totalFilesSize" : 2085,
      "indexValueChangerEvaluationSpeed" : {
        "totalBytes" : 2085,
        "totalCpuTime" : 202745146
      }
    }, {
      "indexId" : "php.doctag.user.name",
      "partOfTotalIndexingTime" : {
        "part" : 56744760,
        "total" : 744779805
      },
      "totalNumberOfFiles" : 1,
      "totalNumberOfFilesIndexedByExtensions" : 0,
      "totalFilesSize" : 2085,
      "indexValueChangerEvaluationSpeed" : {
        "totalBytes" : 2085,
        "totalCpuTime" : 56744760
      }
    }, {
      "indexId" : "php.invoke.calls.offsets",
      "partOfTotalIndexingTime" : {
        "part" : 32608752,
        "total" : 744779805
      },
      "totalNumberOfFiles" : 1,
      "totalNumberOfFilesIndexedByExtensions" : 0,
      "totalFilesSize" : 2085,
      "indexValueChangerEvaluationSpeed" : {
        "totalBytes" : 2085,
        "totalCpuTime" : 32608752
      }
    }, {
      "indexId" : "HashFragmentIndex",
      "partOfTotalIndexingTime" : {
        "part" : 25113961,
        "total" : 744779805
      },
      "totalNumberOfFiles" : 1,
      "totalNumberOfFilesIndexedByExtensions" : 0,
      "totalFilesSize" : 2085,
      "indexValueChangerEvaluationSpeed" : {
        "totalBytes" : 2085,
        "totalCpuTime" : 25113961
      }
    }, {
      "indexId" : "php.method.name",
      "partOfTotalIndexingTime" : {
        "part" : 16629944,
        "total" : 744779805
      },
      "totalNumberOfFiles" : 1,
      "totalNumberOfFilesIndexedByExtensions" : 0,
      "totalFilesSize" : 2085,
      "indexValueChangerEvaluationSpeed" : {
        "totalBytes" : 2085,
        "totalCpuTime" : 16629944
      }
    }, {
      "indexId" : "IdIndex",
      "partOfTotalIndexingTime" : {
        "part" : 9561986,
        "total" : 744779805
      },
      "totalNumberOfFiles" : 1,
      "totalNumberOfFilesIndexedByExtensions" : 0,
      "totalFilesSize" : 2085,
      "indexValueChangerEvaluationSpeed" : {
        "totalBytes" : 2085,
        "totalCpuTime" : 9561986
      }
    }, {
      "indexId" : "php.max.language.level",
      "partOfTotalIndexingTime" : {
        "part" : 9225254,
        "total" : 744779805
      },
      "totalNumberOfFiles" : 1,
      "totalNumberOfFilesIndexedByExtensions" : 0,
      "totalFilesSize" : 2085,
      "indexValueChangerEvaluationSpeed" : {
        "totalBytes" : 2085,
        "totalCpuTime" : 9225254
      }
    }, {
      "indexId" : "CssIndex",
      "partOfTotalIndexingTime" : {
        "part" : 7016788,
        "total" : 744779805
      },
      "totalNumberOfFiles" : 1,
      "totalNumberOfFilesIndexedByExtensions" : 0,
      "totalFilesSize" : 2085,
      "indexValueChangerEvaluationSpeed" : {
        "totalBytes" : 2085,
        "totalCpuTime" : 7016788
      }
    }, {
      "indexId" : "php.global.assignment.index",
      "partOfTotalIndexingTime" : {
        "part" : 6956082,
        "total" : 744779805
      },
      "totalNumberOfFiles" : 1,
      "totalNumberOfFilesIndexedByExtensions" : 0,
      "totalFilesSize" : 2085,
      "indexValueChangerEvaluationSpeed" : {
        "totalBytes" : 2085,
        "totalCpuTime" : 6956082
      }
    }, {
      "indexId" : "Trigram.Index",
      "partOfTotalIndexingTime" : {
        "part" : 6350332,
        "total" : 744779805
      },
      "totalNumberOfFiles" : 1,
      "totalNumberOfFilesIndexedByExtensions" : 0,
      "totalFilesSize" : 2085,
      "indexValueChangerEvaluationSpeed" : {
        "totalBytes" : 2085,
        "totalCpuTime" : 6350332
      }
    }, {
      "indexId" : "php.generic.template.index",
      "partOfTotalIndexingTime" : {
        "part" : 6096340,
        "total" : 744779805
      },
      "totalNumberOfFiles" : 1,
      "totalNumberOfFilesIndexedByExtensions" : 0,
      "totalFilesSize" : 2085,
      "indexValueChangerEvaluationSpeed" : {
        "totalBytes" : 2085,
        "totalCpuTime" : 6096340
      }
    }, {
      "indexId" : "HtmlScriptSrcIndex",
      "partOfTotalIndexingTime" : {
        "part" : 3936643,
        "total" : 744779805
      },
      "totalNumberOfFiles" : 1,
      "totalNumberOfFilesIndexedByExtensions" : 0,
      "totalFilesSize" : 2085,
      "indexValueChangerEvaluationSpeed" : {
        "totalBytes" : 2085,
        "totalCpuTime" : 3936643
      }
    }, {
      "indexId" : "espend.php.annotation.classes",
      "partOfTotalIndexingTime" : {
        "part" : 3034261,
        "total" : 744779805
      },
      "totalNumberOfFiles" : 1,
      "totalNumberOfFilesIndexedByExtensions" : 0,
      "totalFilesSize" : 2085,
      "indexValueChangerEvaluationSpeed" : {
        "totalBytes" : 2085,
        "totalCpuTime" : 3034261
      }
    }, {
      "indexId" : "php.used.parameters.array.keys",
      "partOfTotalIndexingTime" : {
        "part" : 2790685,
        "total" : 744779805
      },
      "totalNumberOfFiles" : 1,
      "totalNumberOfFilesIndexedByExtensions" : 0,
      "totalFilesSize" : 2085,
      "indexValueChangerEvaluationSpeed" : {
        "totalBytes" : 2085,
        "totalCpuTime" : 2790685
      }
    }, {
      "indexId" : "php.array.shapes.entries",
      "partOfTotalIndexingTime" : {
        "part" : 2641630,
        "total" : 744779805
      },
      "totalNumberOfFiles" : 1,
      "totalNumberOfFilesIndexedByExtensions" : 0,
      "totalFilesSize" : 2085,
      "indexValueChangerEvaluationSpeed" : {
        "totalBytes" : 2085,
        "totalCpuTime" : 2641630
      }
    }, {
      "indexId" : "css.template.selectors",
      "partOfTotalIndexingTime" : {
        "part" : 2125421,
        "total" : 744779805
      },
      "totalNumberOfFiles" : 1,
      "totalNumberOfFilesIndexedByExtensions" : 0,
      "totalFilesSize" : 2085,
      "indexValueChangerEvaluationSpeed" : {
        "totalBytes" : 2085,
        "totalCpuTime" : 2125421
      }
    }, {
      "indexId" : "php.doc.type.aliases.index",
      "partOfTotalIndexingTime" : {
        "part" : 1953103,
        "total" : 744779805
      },
      "totalNumberOfFiles" : 1,
      "totalNumberOfFilesIndexedByExtensions" : 0,
      "totalFilesSize" : 2085,
      "indexValueChangerEvaluationSpeed" : {
        "totalBytes" : 2085,
        "totalCpuTime" : 1953103
      }
    }, {
      "indexId" : "php.exit.point.function.index",
      "partOfTotalIndexingTime" : {
        "part" : 1887105,
        "total" : 744779805
      },
      "totalNumberOfFiles" : 1,
      "totalNumberOfFilesIndexedByExtensions" : 0,
      "totalFilesSize" : 2085,
      "indexValueChangerEvaluationSpeed" : {
        "totalBytes" : 2085,
        "totalCpuTime" : 1887105
      }
    }, {
      "indexId" : "espend.php.annotation.usage",
      "partOfTotalIndexingTime" : {
        "part" : 1668924,
        "total" : 744779805
      },
      "totalNumberOfFiles" : 1,
      "totalNumberOfFilesIndexedByExtensions" : 0,
      "totalFilesSize" : 2085,
      "indexValueChangerEvaluationSpeed" : {
        "totalBytes" : 2085,
        "totalCpuTime" : 1668924
      }
    }, {
      "indexId" : "php.expected.function.return.values",
      "partOfTotalIndexingTime" : {
        "part" : 1628027,
        "total" : 744779805
      },
      "totalNumberOfFiles" : 1,
      "totalNumberOfFilesIndexedByExtensions" : 0,
      "totalFilesSize" : 2085,
      "indexValueChangerEvaluationSpeed" : {
        "totalBytes" : 2085,
        "totalCpuTime" : 1628027
      }
    }, {
      "indexId" : "HtmlTagIdIndex",
      "partOfTotalIndexingTime" : {
        "part" : 1369792,
        "total" : 744779805
      },
      "totalNumberOfFiles" : 1,
      "totalNumberOfFilesIndexedByExtensions" : 0,
      "totalFilesSize" : 2085,
      "indexValueChangerEvaluationSpeed" : {
        "totalBytes" : 2085,
        "totalCpuTime" : 1369792
      }
    }, {
      "indexId" : "php.generator.operands.type.index",
      "partOfTotalIndexingTime" : {
        "part" : 1322921,
        "total" : 744779805
      },
      "totalNumberOfFiles" : 1,
      "totalNumberOfFilesIndexedByExtensions" : 0,
      "totalFilesSize" : 2085,
      "indexValueChangerEvaluationSpeed" : {
        "totalBytes" : 2085,
        "totalCpuTime" : 1322921
      }
    }, {
      "indexId" : "php.function.parameters.used.as.regexp",
      "partOfTotalIndexingTime" : {
        "part" : 1308922,
        "total" : 744779805
      },
      "totalNumberOfFiles" : 1,
      "totalNumberOfFilesIndexedByExtensions" : 0,
      "totalFilesSize" : 2085,
      "indexValueChangerEvaluationSpeed" : {
        "totalBytes" : 2085,
        "totalCpuTime" : 1308922
      }
    }, {
      "indexId" : "php.not.used.parameters",
      "partOfTotalIndexingTime" : {
        "part" : 1283575,
        "total" : 744779805
      },
      "totalNumberOfFiles" : 1,
      "totalNumberOfFilesIndexedByExtensions" : 0,
      "totalFilesSize" : 2085,
      "indexValueChangerEvaluationSpeed" : {
        "totalBytes" : 2085,
        "totalCpuTime" : 1283575
      }
    }, {
      "indexId" : "php.fields.default.value.matchers",
      "partOfTotalIndexingTime" : {
        "part" : 1244531,
        "total" : 744779805
      },
      "totalNumberOfFiles" : 1,
      "totalNumberOfFilesIndexedByExtensions" : 0,
      "totalFilesSize" : 2085,
      "indexValueChangerEvaluationSpeed" : {
        "totalBytes" : 2085,
        "totalCpuTime" : 1244531
      }
    }, {
      "indexId" : "php.field.names.accessed.by.the.constructor",
      "partOfTotalIndexingTime" : {
        "part" : 1148373,
        "total" : 744779805
      },
      "totalNumberOfFiles" : 1,
      "totalNumberOfFilesIndexedByExtensions" : 0,
      "totalFilesSize" : 2085,
      "indexValueChangerEvaluationSpeed" : {
        "totalBytes" : 2085,
        "totalCpuTime" : 1148373
      }
    }, {
      "indexId" : "php.parameters.default.value.matchers",
      "partOfTotalIndexingTime" : {
        "part" : 969343,
        "total" : 744779805
      },
      "totalNumberOfFiles" : 1,
      "totalNumberOfFilesIndexedByExtensions" : 0,
      "totalFilesSize" : 2085,
      "indexValueChangerEvaluationSpeed" : {
        "totalBytes" : 2085,
        "totalCpuTime" : 969343
      }
    }, {
      "indexId" : "php.expected.function.arguments",
      "partOfTotalIndexingTime" : {
        "part" : 860800,
        "total" : 744779805
      },
      "totalNumberOfFiles" : 1,
      "totalNumberOfFilesIndexedByExtensions" : 0,
      "totalFilesSize" : 2085,
      "indexValueChangerEvaluationSpeed" : {
        "totalBytes" : 2085,
        "totalCpuTime" : 860800
      }
    }, {
      "indexId" : "php.function.always.re",
      "partOfTotalIndexingTime" : {
        "part" : 828398,
        "total" : 744779805
      },
      "totalNumberOfFiles" : 1,
      "totalNumberOfFilesIndexedByExtensions" : 0,
      "totalFilesSize" : 2085,
      "indexValueChangerEvaluationSpeed" : {
        "totalBytes" : 2085,
        "totalCpuTime" : 828398
      }
    }, {
      "indexId" : "php.class.fqn",
      "partOfTotalIndexingTime" : {
        "part" : 781763,
        "total" : 744779805
      },
      "totalNumberOfFiles" : 1,
      "totalNumberOfFilesIndexedByExtensions" : 0,
      "totalFilesSize" : 2085,
      "indexValueChangerEvaluationSpeed" : {
        "totalBytes" : 2085,
        "totalCpuTime" : 781763
      }
    }, {
      "indexId" : "php.class.alias.fqn",
      "partOfTotalIndexingTime" : {
        "part" : 734408,
        "total" : 744779805
      },
      "totalNumberOfFiles" : 1,
      "totalNumberOfFilesIndexedByExtensions" : 0,
      "totalFilesSize" : 2085,
      "indexValueChangerEvaluationSpeed" : {
        "totalBytes" : 2085,
        "totalCpuTime" : 734408
      }
    }, {
      "indexId" : "php.inferred.meta.pattern.index",
      "partOfTotalIndexingTime" : {
        "part" : 667066,
        "total" : 744779805
      },
      "totalNumberOfFiles" : 1,
      "totalNumberOfFilesIndexedByExtensions" : 0,
      "totalFilesSize" : 2085,
      "indexValueChangerEvaluationSpeed" : {
        "totalBytes" : 2085,
        "totalCpuTime" : 667066
      }
    }, {
      "indexId" : "php.functions.with.not.catched.dynamic.passed.calls",
      "partOfTotalIndexingTime" : {
        "part" : 419279,
        "total" : 744779805
      },
      "totalNumberOfFiles" : 1,
      "totalNumberOfFilesIndexedByExtensions" : 0,
      "totalFilesSize" : 2085,
      "indexValueChangerEvaluationSpeed" : {
        "totalBytes" : 2085,
        "totalCpuTime" : 419279
      }
    }, {
      "indexId" : "php.func.get.arg.usage.index",
      "partOfTotalIndexingTime" : {
        "part" : 281759,
        "total" : 744779805
      },
      "totalNumberOfFiles" : 1,
      "totalNumberOfFilesIndexedByExtensions" : 0,
      "totalFilesSize" : 2085,
      "indexValueChangerEvaluationSpeed" : {
        "totalBytes" : 2085,
        "totalCpuTime" : 281759
      }
    }, {
      "indexId" : "php.aliased.trait.method.name",
      "partOfTotalIndexingTime" : {
        "part" : 273876,
        "total" : 744779805
      },
      "totalNumberOfFiles" : 1,
      "totalNumberOfFilesIndexedByExtensions" : 0,
      "totalFilesSize" : 2085,
      "indexValueChangerEvaluationSpeed" : {
        "totalBytes" : 2085,
        "totalCpuTime" : 273876
      }
    }, {
      "indexId" : "php.array.access.offsets",
      "partOfTotalIndexingTime" : {
        "part" : 222390,
        "total" : 744779805
      },
      "totalNumberOfFiles" : 1,
      "totalNumberOfFilesIndexedByExtensions" : 0,
      "totalFilesSize" : 2085,
      "indexValueChangerEvaluationSpeed" : {
        "totalBytes" : 2085,
        "totalCpuTime" : 222390
      }
    }, {
      "indexId" : "php.serialize.function.calls.offsets",
      "partOfTotalIndexingTime" : {
        "part" : 149922,
        "total" : 744779805
      },
      "totalNumberOfFiles" : 1,
      "totalNumberOfFilesIndexedByExtensions" : 0,
      "totalFilesSize" : 2085,
      "indexValueChangerEvaluationSpeed" : {
        "totalBytes" : 2085,
        "totalCpuTime" : 149922
      }
    }, {
      "indexId" : "php.interface.fqn",
      "partOfTotalIndexingTime" : {
        "part" : 135110,
        "total" : 744779805
      },
      "totalNumberOfFiles" : 1,
      "totalNumberOfFilesIndexedByExtensions" : 0,
      "totalFilesSize" : 2085,
      "indexValueChangerEvaluationSpeed" : {
        "totalBytes" : 2085,
        "totalCpuTime" : 135110
      }
    }, {
      "indexId" : "php.file.constants.default.value.matchers",
      "partOfTotalIndexingTime" : {
        "part" : 119593,
        "total" : 744779805
      },
      "totalNumberOfFiles" : 1,
      "totalNumberOfFilesIndexedByExtensions" : 0,
      "totalFilesSize" : 2085,
      "indexValueChangerEvaluationSpeed" : {
        "totalBytes" : 2085,
        "totalCpuTime" : 119593
      }
    }, {
      "indexId" : "php.putenv.arguments",
      "partOfTotalIndexingTime" : {
        "part" : 98649,
        "total" : 744779805
      },
      "totalNumberOfFiles" : 1,
      "totalNumberOfFilesIndexedByExtensions" : 0,
      "totalFilesSize" : 2085,
      "indexValueChangerEvaluationSpeed" : {
        "totalBytes" : 2085,
        "totalCpuTime" : 98649
      }
    }, {
      "indexId" : "php.constants.default.expected.arguments",
      "partOfTotalIndexingTime" : {
        "part" : 96268,
        "total" : 744779805
      },
      "totalNumberOfFiles" : 1,
      "totalNumberOfFilesIndexedByExtensions" : 0,
      "totalFilesSize" : 2085,
      "indexValueChangerEvaluationSpeed" : {
        "totalBytes" : 2085,
        "totalCpuTime" : 96268
      }
    }, {
      "indexId" : "php.namespace.inheritance",
      "partOfTotalIndexingTime" : {
        "part" : 92042,
        "total" : 744779805
      },
      "totalNumberOfFiles" : 1,
      "totalNumberOfFilesIndexedByExtensions" : 0,
      "totalFilesSize" : 2085,
      "indexValueChangerEvaluationSpeed" : {
        "totalBytes" : 2085,
        "totalCpuTime" : 92042
      }
    }, {
      "indexId" : "php.trait.usage",
      "partOfTotalIndexingTime" : {
        "part" : 74546,
        "total" : 744779805
      },
      "totalNumberOfFiles" : 1,
      "totalNumberOfFilesIndexedByExtensions" : 0,
      "totalFilesSize" : 2085,
      "indexValueChangerEvaluationSpeed" : {
        "totalBytes" : 2085,
        "totalCpuTime" : 74546
      }
    }, {
      "indexId" : "php.unit.data.providers",
      "partOfTotalIndexingTime" : {
        "part" : 64906,
        "total" : 744779805
      },
      "totalNumberOfFiles" : 1,
      "totalNumberOfFilesIndexedByExtensions" : 0,
      "totalFilesSize" : 2085,
      "indexValueChangerEvaluationSpeed" : {
        "totalBytes" : 2085,
        "totalCpuTime" : 64906
      }
    }, {
      "indexId" : "php.class.alias.name",
      "partOfTotalIndexingTime" : {
        "part" : 61580,
        "total" : 744779805
      },
      "totalNumberOfFiles" : 1,
      "totalNumberOfFilesIndexedByExtensions" : 0,
      "totalFilesSize" : 2085,
      "indexValueChangerEvaluationSpeed" : {
        "totalBytes" : 2085,
        "totalCpuTime" : 61580
      }
    }, {
      "indexId" : "php.unit.covers",
      "partOfTotalIndexingTime" : {
        "part" : 55226,
        "total" : 744779805
      },
      "totalNumberOfFiles" : 1,
      "totalNumberOfFilesIndexedByExtensions" : 0,
      "totalFilesSize" : 2085,
      "indexValueChangerEvaluationSpeed" : {
        "totalBytes" : 2085,
        "totalCpuTime" : 55226
      }
    }, {
      "indexId" : "php.constants.default.array.shapes",
      "partOfTotalIndexingTime" : {
        "part" : 45092,
        "total" : 744779805
      },
      "totalNumberOfFiles" : 1,
      "totalNumberOfFilesIndexedByExtensions" : 0,
      "totalFilesSize" : 2085,
      "indexValueChangerEvaluationSpeed" : {
        "totalBytes" : 2085,
        "totalCpuTime" : 45092
      }
    }, {
      "indexId" : "php.class.to.class.alias",
      "partOfTotalIndexingTime" : {
        "part" : 33947,
        "total" : 744779805
      },
      "totalNumberOfFiles" : 1,
      "totalNumberOfFilesIndexedByExtensions" : 0,
      "totalFilesSize" : 2085,
      "indexValueChangerEvaluationSpeed" : {
        "totalBytes" : 2085,
        "totalCpuTime" : 33947
      }
    }, {
      "indexId" : "php.class.alias.to.class",
      "partOfTotalIndexingTime" : {
        "part" : 27119,
        "total" : 744779805
      },
      "totalNumberOfFiles" : 1,
      "totalNumberOfFilesIndexedByExtensions" : 0,
      "totalFilesSize" : 2085,
      "indexValueChangerEvaluationSpeed" : {
        "totalBytes" : 2085,
        "totalCpuTime" : 27119
      }
    } ],
    "statisticsOfChangedDuringIndexingFiles" : {
      "numberOfFiles" : 0,
      "retrievingTime" : 773032
    },
    "fileProviderStatistics" : [ {
      "providerName" : "Module 'backend' (all roots)",
      "totalNumberOfIndexedFiles" : 1,
      "totalNumberOfFilesFullyIndexedByExtensions" : 0,
      "totalNumberOfNothingToWriteFiles" : 0,
      "totalIndexingVisibleTime" : 855841108,
      "contentLoadingVisibleTime" : 2362297,
      "numberOfTooLargeForIndexingFiles" : 0,
      "slowIndexedFiles" : [ {
        "fileName" : "tunnel.php",
        "processingTime" : 836078624,
        "evaluationOfIndexValueChangerTime" : 744779805,
        "contentLoadingTime" : 2307749
      } ],
      "filesFullyIndexedByExtensions" : [ ],
      "separateApplyingIndexesVisibleTime" : 65807945
    }, {
      "providerName" : "Refreshed files",
      "totalNumberOfIndexedFiles" : 0,
      "totalNumberOfFilesFullyIndexedByExtensions" : 0,
      "totalNumberOfNothingToWriteFiles" : 0,
      "totalIndexingVisibleTime" : 0,
      "contentLoadingVisibleTime" : 0,
      "numberOfTooLargeForIndexingFiles" : 0,
      "slowIndexedFiles" : [ ],
      "filesFullyIndexedByExtensions" : [ ],
      "separateApplyingIndexesVisibleTime" : 0
    } ],
    "visibleTimeToAllThreadTimeRatio" : 0.0
  }
}