{
  "appInfo" : {
    "build" : "233.11799.241",
    "buildDate" : "2023-12-02T05:05:00Z[UTC]",
    "productCode" : "IU",
    "generated" : "2024-01-18T11:15:16.972111Z",
    "os" : "macOS 13.6",
    "runtime" : "JetBrains s.r.o. 17.0.9 17.0.9+7-b1087.7"
  },
  "runtimeInfo" : {
    "maxMemory" : 3170893824,
    "numberOfProcessors" : 4,
    "maxNumberOfIndexingThreads" : 3,
    "maxSizeOfFileForIntelliSense" : 2560000,
    "maxSizeOfFileForContentLoading" : 20971520
  },
  "type" : "DumbIndexing",
  "projectIndexingActivityHistory" : {
    "projectName" : "backend",
    "times" : {
      "scanningIds" : [ 8 ],
      "contentLoadingVisibleTime" : 894459,
      "retrievingChangedDuringIndexingFilesTime" : 171406,
      "separateApplyingIndexesVisibleTime" : 47264,
      "updatingStart" : "2024-01-18T11:15:14.789305Z",
      "updatingEnd" : "2024-01-18T11:15:14.799628Z",
      "totalWallTimeWithPauses" : 10322953,
      "wallTimeOnPause" : 0,
      "wasInterrupted" : false,
      "dumbWallTimeWithPauses" : 10322953,
      "dumbModeStart" : "2024-01-18T11:15:14.789305Z",
      "dumbWallTimeWithoutPauses" : 10322953,
      "totalWallTimeWithoutPauses" : 10322953
    },
    "fileCount" : {
      "numberOfChangedDuringIndexingFiles" : 0,
      "numberOfFilesIndexedByInfrastructureExtensionsDuringIndexingStage" : 0,
      "numberOfFilesIndexedWithLoadingContent" : 5,
      "numberOfNothingToWriteFiles" : 5
    },
    "totalStatsPerFileType" : [ {
      "fileType" : "PHP",
      "partOfTotalProcessingTime" : {
        "part" : 5941009,
        "total" : 5941009
      },
      "partOfTotalContentLoadingTime" : {
        "part" : 943678,
        "total" : 943678
      },
      "totalNumberOfFiles" : 5,
      "totalFilesSize" : 28561,
      "totalProcessingSpeed" : {
        "totalBytes" : 28561,
        "totalCpuTime" : 5941009
      },
      "biggestContributors" : [ {
        "providerName" : "Module 'backend' (all roots)",
        "numberOfFiles" : 5,
        "totalFilesSize" : 28561,
        "partOfTotalProcessingTimeOfThisFileType" : {
          "part" : 5941009,
          "total" : 5941009
        }
      } ]
    } ],
    "totalStatsPerBaseLanguage" : [ {
      "language" : "PHP",
      "partOfTotalProcessingTime" : {
        "part" : 5941009,
        "total" : 5941009
      },
      "partOfTotalContentLoadingTime" : {
        "part" : 1887356,
        "total" : 943678
      },
      "totalNumberOfFiles" : 5,
      "totalFilesSize" : 28561,
      "totalProcessingSpeed" : {
        "totalBytes" : 28561,
        "totalCpuTime" : 5941009
      }
    } ],
    "totalStatsPerIndexer" : [ ],
    "statisticsOfChangedDuringIndexingFiles" : {
      "numberOfFiles" : 0,
      "retrievingTime" : 171406
    },
    "fileProviderStatistics" : [ {
      "providerName" : "Module 'backend' (all roots)",
      "totalNumberOfIndexedFiles" : 5,
      "totalNumberOfFilesFullyIndexedByExtensions" : 0,
      "totalNumberOfNothingToWriteFiles" : 5,
      "totalIndexingVisibleTime" : 5631151,
      "contentLoadingVisibleTime" : 894459,
      "numberOfTooLargeForIndexingFiles" : 0,
      "slowIndexedFiles" : [ ],
      "filesFullyIndexedByExtensions" : [ ],
      "separateApplyingIndexesVisibleTime" : 47264
    }, {
      "providerName" : "Refreshed files",
      "totalNumberOfIndexedFiles" : 0,
      "totalNumberOfFilesFullyIndexedByExtensions" : 0,
      "totalNumberOfNothingToWriteFiles" : 0,
      "totalIndexingVisibleTime" : 0,
      "contentLoadingVisibleTime" : 0,
      "numberOfTooLargeForIndexingFiles" : 0,
      "slowIndexedFiles" : [ ],
      "filesFullyIndexedByExtensions" : [ ],
      "separateApplyingIndexesVisibleTime" : 0
    } ],
    "visibleTimeToAllThreadTimeRatio" : 0.0
  }
}