{
  "appInfo" : {
    "build" : "233.11799.241",
    "buildDate" : "2023-12-02T05:05:00Z[UTC]",
    "productCode" : "IU",
    "generated" : "2024-01-02T13:10:53.267367Z",
    "os" : "macOS 13.6",
    "runtime" : "JetBrains s.r.o. 17.0.9 17.0.9+7-b1087.7"
  },
  "runtimeInfo" : {
    "maxMemory" : 1572864000,
    "numberOfProcessors" : 4,
    "maxNumberOfIndexingThreads" : 3,
    "maxSizeOfFileForIntelliSense" : 2560000,
    "maxSizeOfFileForContentLoading" : 20971520
  },
  "type" : "DumbIndexing",
  "projectIndexingActivityHistory" : {
    "projectName" : "backend",
    "times" : {
      "scanningIds" : [ ],
      "contentLoadingVisibleTime" : 3720381,
      "retrievingChangedDuringIndexingFilesTime" : 53908,
      "separateApplyingIndexesVisibleTime" : 7469,
      "updatingStart" : "2024-01-02T13:10:53.259246Z",
      "updatingEnd" : "2024-01-02T13:10:53.265581Z",
      "totalWallTimeWithPauses" : 6330429,
      "wallTimeOnPause" : 0,
      "wasInterrupted" : false,
      "dumbModeStart" : "2024-01-02T13:10:53.259246Z",
      "dumbWallTimeWithPauses" : 6330429,
      "dumbWallTimeWithoutPauses" : 6330429,
      "totalWallTimeWithoutPauses" : 6330429
    },
    "fileCount" : {
      "numberOfChangedDuringIndexingFiles" : 1,
      "numberOfFilesIndexedByInfrastructureExtensionsDuringIndexingStage" : 0,
      "numberOfFilesIndexedWithLoadingContent" : 1,
      "numberOfNothingToWriteFiles" : 1
    },
    "totalStatsPerFileType" : [ {
      "fileType" : "MyNativeFile",
      "partOfTotalProcessingTime" : {
        "part" : 1887136,
        "total" : 1887136
      },
      "partOfTotalContentLoadingTime" : {
        "part" : 1387226,
        "total" : 1387226
      },
      "totalNumberOfFiles" : 1,
      "totalFilesSize" : 10,
      "totalProcessingSpeed" : {
        "totalBytes" : 10,
        "totalCpuTime" : 1887136
      },
      "biggestContributors" : [ {
        "providerName" : "Refreshed files",
        "numberOfFiles" : 1,
        "totalFilesSize" : 10,
        "partOfTotalProcessingTimeOfThisFileType" : {
          "part" : 1887136,
          "total" : 1887136
        }
      } ]
    } ],
    "totalStatsPerBaseLanguage" : [ ],
    "totalStatsPerIndexer" : [ ],
    "statisticsOfChangedDuringIndexingFiles" : {
      "numberOfFiles" : 1,
      "retrievingTime" : 53908
    },
    "fileProviderStatistics" : [ {
      "providerName" : "Refreshed files",
      "totalNumberOfIndexedFiles" : 1,
      "totalNumberOfFilesFullyIndexedByExtensions" : 0,
      "totalNumberOfNothingToWriteFiles" : 1,
      "totalIndexingVisibleTime" : 5061083,
      "contentLoadingVisibleTime" : 3720381,
      "numberOfTooLargeForIndexingFiles" : 0,
      "slowIndexedFiles" : [ ],
      "filesFullyIndexedByExtensions" : [ ],
      "separateApplyingIndexesVisibleTime" : 7469
    } ],
    "visibleTimeToAllThreadTimeRatio" : 2.6818856722567954
  }
}