{
  "appInfo" : {
    "build" : "233.11799.241",
    "buildDate" : "2023-12-02T05:05:00Z[UTC]",
    "productCode" : "IU",
    "generated" : "2024-01-17T14:35:39.205086Z",
    "os" : "macOS 13.6",
    "runtime" : "JetBrains s.r.o. 17.0.9 17.0.9+7-b1087.7"
  },
  "runtimeInfo" : {
    "maxMemory" : 3170893824,
    "numberOfProcessors" : 4,
    "maxNumberOfIndexingThreads" : 3,
    "maxSizeOfFileForIntelliSense" : 2560000,
    "maxSizeOfFileForContentLoading" : 20971520
  },
  "type" : "DumbIndexing",
  "projectIndexingActivityHistory" : {
    "projectName" : "backend",
    "times" : {
      "scanningIds" : [ 2 ],
      "contentLoadingVisibleTime" : 2339397,
      "retrievingChangedDuringIndexingFilesTime" : 4313880,
      "separateApplyingIndexesVisibleTime" : 29977640,
      "updatingStart" : "2024-01-17T14:35:38.777915Z",
      "updatingEnd" : "2024-01-17T14:35:39.204102Z",
      "totalWallTimeWithPauses" : 426182427,
      "wallTimeOnPause" : 0,
      "wasInterrupted" : false,
      "dumbModeStart" : "2024-01-17T14:35:38.777915Z",
      "dumbWallTimeWithoutPauses" : 426182427,
      "dumbWallTimeWithPauses" : 426182427,
      "totalWallTimeWithoutPauses" : 426182427
    },
    "fileCount" : {
      "numberOfChangedDuringIndexingFiles" : 0,
      "numberOfFilesIndexedByInfrastructureExtensionsDuringIndexingStage" : 0,
      "numberOfFilesIndexedWithLoadingContent" : 10,
      "numberOfNothingToWriteFiles" : 2
    },
    "totalStatsPerFileType" : [ {
      "fileType" : "PHP",
      "partOfTotalProcessingTime" : {
        "part" : 1031662296,
        "total" : 1031662296
      },
      "partOfTotalContentLoadingTime" : {
        "part" : 6072733,
        "total" : 6072733
      },
      "totalNumberOfFiles" : 10,
      "totalFilesSize" : 22957,
      "totalProcessingSpeed" : {
        "totalBytes" : 22957,
        "totalCpuTime" : 1031662296
      },
      "biggestContributors" : [ {
        "providerName" : "Module 'backend' (all roots)",
        "numberOfFiles" : 10,
        "totalFilesSize" : 22957,
        "partOfTotalProcessingTimeOfThisFileType" : {
          "part" : 1031662296,
          "total" : 1031662296
        }
      } ]
    } ],
    "totalStatsPerBaseLanguage" : [ {
      "language" : "PHP",
      "partOfTotalProcessingTime" : {
        "part" : 1031662296,
        "total" : 1031662296
      },
      "partOfTotalContentLoadingTime" : {
        "part" : 12145466,
        "total" : 6072733
      },
      "totalNumberOfFiles" : 10,
      "totalFilesSize" : 22957,
      "totalProcessingSpeed" : {
        "totalBytes" : 22957,
        "totalCpuTime" : 1031662296
      }
    } ],
    "totalStatsPerIndexer" : [ {
      "indexId" : "Stubs",
      "partOfTotalIndexingTime" : {
        "part" : 474470214,
        "total" : 877371732
      },
      "totalNumberOfFiles" : 8,
      "totalNumberOfFilesIndexedByExtensions" : 0,
      "totalFilesSize" : 22053,
      "indexValueChangerEvaluationSpeed" : {
        "totalBytes" : 22053,
        "totalCpuTime" : 474470214
      }
    }, {
      "indexId" : "php.invoke.calls.offsets",
      "partOfTotalIndexingTime" : {
        "part" : 74739221,
        "total" : 877371732
      },
      "totalNumberOfFiles" : 8,
      "totalNumberOfFilesIndexedByExtensions" : 0,
      "totalFilesSize" : 22053,
      "indexValueChangerEvaluationSpeed" : {
        "totalBytes" : 22053,
        "totalCpuTime" : 74739221
      }
    }, {
      "indexId" : "php.doctag.user.name",
      "partOfTotalIndexingTime" : {
        "part" : 71608132,
        "total" : 877371732
      },
      "totalNumberOfFiles" : 8,
      "totalNumberOfFilesIndexedByExtensions" : 0,
      "totalFilesSize" : 22053,
      "indexValueChangerEvaluationSpeed" : {
        "totalBytes" : 22053,
        "totalCpuTime" : 71608132
      }
    }, {
      "indexId" : "css.template.selectors",
      "partOfTotalIndexingTime" : {
        "part" : 46878292,
        "total" : 877371732
      },
      "totalNumberOfFiles" : 8,
      "totalNumberOfFilesIndexedByExtensions" : 0,
      "totalFilesSize" : 22053,
      "indexValueChangerEvaluationSpeed" : {
        "totalBytes" : 22053,
        "totalCpuTime" : 46878292
      }
    }, {
      "indexId" : "php.array.shapes.entries",
      "partOfTotalIndexingTime" : {
        "part" : 31241833,
        "total" : 877371732
      },
      "totalNumberOfFiles" : 8,
      "totalNumberOfFilesIndexedByExtensions" : 0,
      "totalFilesSize" : 22053,
      "indexValueChangerEvaluationSpeed" : {
        "totalBytes" : 22053,
        "totalCpuTime" : 31241833
      }
    }, {
      "indexId" : "php.max.language.level",
      "partOfTotalIndexingTime" : {
        "part" : 28783752,
        "total" : 877371732
      },
      "totalNumberOfFiles" : 8,
      "totalNumberOfFilesIndexedByExtensions" : 0,
      "totalFilesSize" : 22053,
      "indexValueChangerEvaluationSpeed" : {
        "totalBytes" : 22053,
        "totalCpuTime" : 28783752
      }
    }, {
      "indexId" : "IdIndex",
      "partOfTotalIndexingTime" : {
        "part" : 23440747,
        "total" : 877371732
      },
      "totalNumberOfFiles" : 8,
      "totalNumberOfFilesIndexedByExtensions" : 0,
      "totalFilesSize" : 22053,
      "indexValueChangerEvaluationSpeed" : {
        "totalBytes" : 22053,
        "totalCpuTime" : 23440747
      }
    }, {
      "indexId" : "php.class.attributes.name",
      "partOfTotalIndexingTime" : {
        "part" : 21867721,
        "total" : 877371732
      },
      "totalNumberOfFiles" : 8,
      "totalNumberOfFilesIndexedByExtensions" : 0,
      "totalFilesSize" : 22053,
      "indexValueChangerEvaluationSpeed" : {
        "totalBytes" : 22053,
        "totalCpuTime" : 21867721
      }
    }, {
      "indexId" : "js.custom.single.entry.index",
      "partOfTotalIndexingTime" : {
        "part" : 17329855,
        "total" : 877371732
      },
      "totalNumberOfFiles" : 8,
      "totalNumberOfFilesIndexedByExtensions" : 0,
      "totalFilesSize" : 22053,
      "indexValueChangerEvaluationSpeed" : {
        "totalBytes" : 22053,
        "totalCpuTime" : 17329855
      }
    }, {
      "indexId" : "php.used.parameters.array.keys",
      "partOfTotalIndexingTime" : {
        "part" : 11779497,
        "total" : 877371732
      },
      "totalNumberOfFiles" : 8,
      "totalNumberOfFilesIndexedByExtensions" : 0,
      "totalFilesSize" : 22053,
      "indexValueChangerEvaluationSpeed" : {
        "totalBytes" : 22053,
        "totalCpuTime" : 11779497
      }
    }, {
      "indexId" : "CssIndex",
      "partOfTotalIndexingTime" : {
        "part" : 11427247,
        "total" : 877371732
      },
      "totalNumberOfFiles" : 8,
      "totalNumberOfFilesIndexedByExtensions" : 0,
      "totalFilesSize" : 22053,
      "indexValueChangerEvaluationSpeed" : {
        "totalBytes" : 22053,
        "totalCpuTime" : 11427247
      }
    }, {
      "indexId" : "Trigram.Index",
      "partOfTotalIndexingTime" : {
        "part" : 7061412,
        "total" : 877371732
      },
      "totalNumberOfFiles" : 8,
      "totalNumberOfFilesIndexedByExtensions" : 0,
      "totalFilesSize" : 22053,
      "indexValueChangerEvaluationSpeed" : {
        "totalBytes" : 22053,
        "totalCpuTime" : 7061412
      }
    }, {
      "indexId" : "php.fields.default.value.matchers",
      "partOfTotalIndexingTime" : {
        "part" : 6669723,
        "total" : 877371732
      },
      "totalNumberOfFiles" : 8,
      "totalNumberOfFilesIndexedByExtensions" : 0,
      "totalFilesSize" : 22053,
      "indexValueChangerEvaluationSpeed" : {
        "totalBytes" : 22053,
        "totalCpuTime" : 6669723
      }
    }, {
      "indexId" : "php.parameters.default.value.matchers",
      "partOfTotalIndexingTime" : {
        "part" : 5324558,
        "total" : 877371732
      },
      "totalNumberOfFiles" : 8,
      "totalNumberOfFilesIndexedByExtensions" : 0,
      "totalFilesSize" : 22053,
      "indexValueChangerEvaluationSpeed" : {
        "totalBytes" : 22053,
        "totalCpuTime" : 5324558
      }
    }, {
      "indexId" : "php.doc.type.aliases.index",
      "partOfTotalIndexingTime" : {
        "part" : 4828124,
        "total" : 877371732
      },
      "totalNumberOfFiles" : 8,
      "totalNumberOfFilesIndexedByExtensions" : 0,
      "totalFilesSize" : 22053,
      "indexValueChangerEvaluationSpeed" : {
        "totalBytes" : 22053,
        "totalCpuTime" : 4828124
      }
    }, {
      "indexId" : "php.generator.operands.type.index",
      "partOfTotalIndexingTime" : {
        "part" : 3389153,
        "total" : 877371732
      },
      "totalNumberOfFiles" : 8,
      "totalNumberOfFilesIndexedByExtensions" : 0,
      "totalFilesSize" : 22053,
      "indexValueChangerEvaluationSpeed" : {
        "totalBytes" : 22053,
        "totalCpuTime" : 3389153
      }
    }, {
      "indexId" : "HtmlTagIdIndex",
      "partOfTotalIndexingTime" : {
        "part" : 3020051,
        "total" : 877371732
      },
      "totalNumberOfFiles" : 8,
      "totalNumberOfFilesIndexedByExtensions" : 0,
      "totalFilesSize" : 22053,
      "indexValueChangerEvaluationSpeed" : {
        "totalBytes" : 22053,
        "totalCpuTime" : 3020051
      }
    }, {
      "indexId" : "php.class.alias.fqn",
      "partOfTotalIndexingTime" : {
        "part" : 2784659,
        "total" : 877371732
      },
      "totalNumberOfFiles" : 8,
      "totalNumberOfFilesIndexedByExtensions" : 0,
      "totalFilesSize" : 22053,
      "indexValueChangerEvaluationSpeed" : {
        "totalBytes" : 22053,
        "totalCpuTime" : 2784659
      }
    }, {
      "indexId" : "php.not.used.parameters",
      "partOfTotalIndexingTime" : {
        "part" : 2209804,
        "total" : 877371732
      },
      "totalNumberOfFiles" : 8,
      "totalNumberOfFilesIndexedByExtensions" : 0,
      "totalFilesSize" : 22053,
      "indexValueChangerEvaluationSpeed" : {
        "totalBytes" : 22053,
        "totalCpuTime" : 2209804
      }
    }, {
      "indexId" : "php.global.assignment.index",
      "partOfTotalIndexingTime" : {
        "part" : 2198885,
        "total" : 877371732
      },
      "totalNumberOfFiles" : 8,
      "totalNumberOfFilesIndexedByExtensions" : 0,
      "totalFilesSize" : 22053,
      "indexValueChangerEvaluationSpeed" : {
        "totalBytes" : 22053,
        "totalCpuTime" : 2198885
      }
    }, {
      "indexId" : "php.namespace.inheritance",
      "partOfTotalIndexingTime" : {
        "part" : 2196535,
        "total" : 877371732
      },
      "totalNumberOfFiles" : 8,
      "totalNumberOfFilesIndexedByExtensions" : 0,
      "totalFilesSize" : 22053,
      "indexValueChangerEvaluationSpeed" : {
        "totalBytes" : 22053,
        "totalCpuTime" : 2196535
      }
    }, {
      "indexId" : "php.function.parameters.used.as.regexp",
      "partOfTotalIndexingTime" : {
        "part" : 2124484,
        "total" : 877371732
      },
      "totalNumberOfFiles" : 8,
      "totalNumberOfFilesIndexedByExtensions" : 0,
      "totalFilesSize" : 22053,
      "indexValueChangerEvaluationSpeed" : {
        "totalBytes" : 22053,
        "totalCpuTime" : 2124484
      }
    }, {
      "indexId" : "php.field.names.accessed.by.the.constructor",
      "partOfTotalIndexingTime" : {
        "part" : 1969919,
        "total" : 877371732
      },
      "totalNumberOfFiles" : 8,
      "totalNumberOfFilesIndexedByExtensions" : 0,
      "totalFilesSize" : 22053,
      "indexValueChangerEvaluationSpeed" : {
        "totalBytes" : 22053,
        "totalCpuTime" : 1969919
      }
    }, {
      "indexId" : "php.generic.template.index",
      "partOfTotalIndexingTime" : {
        "part" : 1949412,
        "total" : 877371732
      },
      "totalNumberOfFiles" : 8,
      "totalNumberOfFilesIndexedByExtensions" : 0,
      "totalFilesSize" : 22053,
      "indexValueChangerEvaluationSpeed" : {
        "totalBytes" : 22053,
        "totalCpuTime" : 1949412
      }
    }, {
      "indexId" : "php.expected.function.arguments",
      "partOfTotalIndexingTime" : {
        "part" : 1513663,
        "total" : 877371732
      },
      "totalNumberOfFiles" : 8,
      "totalNumberOfFilesIndexedByExtensions" : 0,
      "totalFilesSize" : 22053,
      "indexValueChangerEvaluationSpeed" : {
        "totalBytes" : 22053,
        "totalCpuTime" : 1513663
      }
    }, {
      "indexId" : "php.method.name",
      "partOfTotalIndexingTime" : {
        "part" : 1167336,
        "total" : 877371732
      },
      "totalNumberOfFiles" : 8,
      "totalNumberOfFilesIndexedByExtensions" : 0,
      "totalFilesSize" : 22053,
      "indexValueChangerEvaluationSpeed" : {
        "totalBytes" : 22053,
        "totalCpuTime" : 1167336
      }
    }, {
      "indexId" : "php.inferred.meta.pattern.index",
      "partOfTotalIndexingTime" : {
        "part" : 1149823,
        "total" : 877371732
      },
      "totalNumberOfFiles" : 8,
      "totalNumberOfFilesIndexedByExtensions" : 0,
      "totalFilesSize" : 22053,
      "indexValueChangerEvaluationSpeed" : {
        "totalBytes" : 22053,
        "totalCpuTime" : 1149823
      }
    }, {
      "indexId" : "espend.php.annotation.classes",
      "partOfTotalIndexingTime" : {
        "part" : 1109717,
        "total" : 877371732
      },
      "totalNumberOfFiles" : 8,
      "totalNumberOfFilesIndexedByExtensions" : 0,
      "totalFilesSize" : 22053,
      "indexValueChangerEvaluationSpeed" : {
        "totalBytes" : 22053,
        "totalCpuTime" : 1109717
      }
    }, {
      "indexId" : "php.functions.with.not.catched.dynamic.passed.calls",
      "partOfTotalIndexingTime" : {
        "part" : 1055986,
        "total" : 877371732
      },
      "totalNumberOfFiles" : 8,
      "totalNumberOfFilesIndexedByExtensions" : 0,
      "totalFilesSize" : 22053,
      "indexValueChangerEvaluationSpeed" : {
        "totalBytes" : 22053,
        "totalCpuTime" : 1055986
      }
    }, {
      "indexId" : "php.expected.function.return.values",
      "partOfTotalIndexingTime" : {
        "part" : 947356,
        "total" : 877371732
      },
      "totalNumberOfFiles" : 8,
      "totalNumberOfFilesIndexedByExtensions" : 0,
      "totalFilesSize" : 22053,
      "indexValueChangerEvaluationSpeed" : {
        "totalBytes" : 22053,
        "totalCpuTime" : 947356
      }
    }, {
      "indexId" : "php.exit.point.function.index",
      "partOfTotalIndexingTime" : {
        "part" : 933103,
        "total" : 877371732
      },
      "totalNumberOfFiles" : 8,
      "totalNumberOfFilesIndexedByExtensions" : 0,
      "totalFilesSize" : 22053,
      "indexValueChangerEvaluationSpeed" : {
        "totalBytes" : 22053,
        "totalCpuTime" : 933103
      }
    }, {
      "indexId" : "php.func.get.arg.usage.index",
      "partOfTotalIndexingTime" : {
        "part" : 908830,
        "total" : 877371732
      },
      "totalNumberOfFiles" : 8,
      "totalNumberOfFilesIndexedByExtensions" : 0,
      "totalFilesSize" : 22053,
      "indexValueChangerEvaluationSpeed" : {
        "totalBytes" : 22053,
        "totalCpuTime" : 908830
      }
    }, {
      "indexId" : "php.array.access.offsets",
      "partOfTotalIndexingTime" : {
        "part" : 827664,
        "total" : 877371732
      },
      "totalNumberOfFiles" : 8,
      "totalNumberOfFilesIndexedByExtensions" : 0,
      "totalFilesSize" : 22053,
      "indexValueChangerEvaluationSpeed" : {
        "totalBytes" : 22053,
        "totalCpuTime" : 827664
      }
    }, {
      "indexId" : "espend.php.annotation.usage",
      "partOfTotalIndexingTime" : {
        "part" : 762050,
        "total" : 877371732
      },
      "totalNumberOfFiles" : 8,
      "totalNumberOfFilesIndexedByExtensions" : 0,
      "totalFilesSize" : 22053,
      "indexValueChangerEvaluationSpeed" : {
        "totalBytes" : 22053,
        "totalCpuTime" : 762050
      }
    }, {
      "indexId" : "php.unit.covers",
      "partOfTotalIndexingTime" : {
        "part" : 691025,
        "total" : 877371732
      },
      "totalNumberOfFiles" : 8,
      "totalNumberOfFilesIndexedByExtensions" : 0,
      "totalFilesSize" : 22053,
      "indexValueChangerEvaluationSpeed" : {
        "totalBytes" : 22053,
        "totalCpuTime" : 691025
      }
    }, {
      "indexId" : "php.aliased.trait.method.name",
      "partOfTotalIndexingTime" : {
        "part" : 650419,
        "total" : 877371732
      },
      "totalNumberOfFiles" : 8,
      "totalNumberOfFilesIndexedByExtensions" : 0,
      "totalFilesSize" : 22053,
      "indexValueChangerEvaluationSpeed" : {
        "totalBytes" : 22053,
        "totalCpuTime" : 650419
      }
    }, {
      "indexId" : "php.unit.data.providers",
      "partOfTotalIndexingTime" : {
        "part" : 647245,
        "total" : 877371732
      },
      "totalNumberOfFiles" : 8,
      "totalNumberOfFilesIndexedByExtensions" : 0,
      "totalFilesSize" : 22053,
      "indexValueChangerEvaluationSpeed" : {
        "totalBytes" : 22053,
        "totalCpuTime" : 647245
      }
    }, {
      "indexId" : "php.serialize.function.calls.offsets",
      "partOfTotalIndexingTime" : {
        "part" : 624031,
        "total" : 877371732
      },
      "totalNumberOfFiles" : 8,
      "totalNumberOfFilesIndexedByExtensions" : 0,
      "totalFilesSize" : 22053,
      "indexValueChangerEvaluationSpeed" : {
        "totalBytes" : 22053,
        "totalCpuTime" : 624031
      }
    }, {
      "indexId" : "php.trait.usage",
      "partOfTotalIndexingTime" : {
        "part" : 607843,
        "total" : 877371732
      },
      "totalNumberOfFiles" : 8,
      "totalNumberOfFilesIndexedByExtensions" : 0,
      "totalFilesSize" : 22053,
      "indexValueChangerEvaluationSpeed" : {
        "totalBytes" : 22053,
        "totalCpuTime" : 607843
      }
    }, {
      "indexId" : "php.function.always.re",
      "partOfTotalIndexingTime" : {
        "part" : 554884,
        "total" : 877371732
      },
      "totalNumberOfFiles" : 8,
      "totalNumberOfFilesIndexedByExtensions" : 0,
      "totalFilesSize" : 22053,
      "indexValueChangerEvaluationSpeed" : {
        "totalBytes" : 22053,
        "totalCpuTime" : 554884
      }
    }, {
      "indexId" : "HtmlScriptSrcIndex",
      "partOfTotalIndexingTime" : {
        "part" : 461705,
        "total" : 877371732
      },
      "totalNumberOfFiles" : 8,
      "totalNumberOfFilesIndexedByExtensions" : 0,
      "totalFilesSize" : 22053,
      "indexValueChangerEvaluationSpeed" : {
        "totalBytes" : 22053,
        "totalCpuTime" : 461705
      }
    }, {
      "indexId" : "php.interface.fqn",
      "partOfTotalIndexingTime" : {
        "part" : 352327,
        "total" : 877371732
      },
      "totalNumberOfFiles" : 8,
      "totalNumberOfFilesIndexedByExtensions" : 0,
      "totalFilesSize" : 22053,
      "indexValueChangerEvaluationSpeed" : {
        "totalBytes" : 22053,
        "totalCpuTime" : 352327
      }
    }, {
      "indexId" : "php.constants.default.expected.arguments",
      "partOfTotalIndexingTime" : {
        "part" : 342888,
        "total" : 877371732
      },
      "totalNumberOfFiles" : 8,
      "totalNumberOfFilesIndexedByExtensions" : 0,
      "totalFilesSize" : 22053,
      "indexValueChangerEvaluationSpeed" : {
        "totalBytes" : 22053,
        "totalCpuTime" : 342888
      }
    }, {
      "indexId" : "php.class.name",
      "partOfTotalIndexingTime" : {
        "part" : 342875,
        "total" : 877371732
      },
      "totalNumberOfFiles" : 8,
      "totalNumberOfFilesIndexedByExtensions" : 0,
      "totalFilesSize" : 22053,
      "indexValueChangerEvaluationSpeed" : {
        "totalBytes" : 22053,
        "totalCpuTime" : 342875
      }
    }, {
      "indexId" : "php.class.fqn",
      "partOfTotalIndexingTime" : {
        "part" : 337600,
        "total" : 877371732
      },
      "totalNumberOfFiles" : 8,
      "totalNumberOfFilesIndexedByExtensions" : 0,
      "totalFilesSize" : 22053,
      "indexValueChangerEvaluationSpeed" : {
        "totalBytes" : 22053,
        "totalCpuTime" : 337600
      }
    }, {
      "indexId" : "php.constants.default.array.shapes",
      "partOfTotalIndexingTime" : {
        "part" : 333712,
        "total" : 877371732
      },
      "totalNumberOfFiles" : 8,
      "totalNumberOfFilesIndexedByExtensions" : 0,
      "totalFilesSize" : 22053,
      "indexValueChangerEvaluationSpeed" : {
        "totalBytes" : 22053,
        "totalCpuTime" : 333712
      }
    }, {
      "indexId" : "php.constant.name",
      "partOfTotalIndexingTime" : {
        "part" : 304193,
        "total" : 877371732
      },
      "totalNumberOfFiles" : 8,
      "totalNumberOfFilesIndexedByExtensions" : 0,
      "totalFilesSize" : 22053,
      "indexValueChangerEvaluationSpeed" : {
        "totalBytes" : 22053,
        "totalCpuTime" : 304193
      }
    }, {
      "indexId" : "php.putenv.arguments",
      "partOfTotalIndexingTime" : {
        "part" : 303016,
        "total" : 877371732
      },
      "totalNumberOfFiles" : 8,
      "totalNumberOfFilesIndexedByExtensions" : 0,
      "totalFilesSize" : 22053,
      "indexValueChangerEvaluationSpeed" : {
        "totalBytes" : 22053,
        "totalCpuTime" : 303016
      }
    }, {
      "indexId" : "php.file.constants.default.value.matchers",
      "partOfTotalIndexingTime" : {
        "part" : 261061,
        "total" : 877371732
      },
      "totalNumberOfFiles" : 8,
      "totalNumberOfFilesIndexedByExtensions" : 0,
      "totalFilesSize" : 22053,
      "indexValueChangerEvaluationSpeed" : {
        "totalBytes" : 22053,
        "totalCpuTime" : 261061
      }
    }, {
      "indexId" : "php.function.name",
      "partOfTotalIndexingTime" : {
        "part" : 193091,
        "total" : 877371732
      },
      "totalNumberOfFiles" : 8,
      "totalNumberOfFilesIndexedByExtensions" : 0,
      "totalFilesSize" : 22053,
      "indexValueChangerEvaluationSpeed" : {
        "totalBytes" : 22053,
        "totalCpuTime" : 193091
      }
    }, {
      "indexId" : "php.variable.name",
      "partOfTotalIndexingTime" : {
        "part" : 191256,
        "total" : 877371732
      },
      "totalNumberOfFiles" : 8,
      "totalNumberOfFilesIndexedByExtensions" : 0,
      "totalFilesSize" : 22053,
      "indexValueChangerEvaluationSpeed" : {
        "totalBytes" : 22053,
        "totalCpuTime" : 191256
      }
    }, {
      "indexId" : "php.class.alias.name",
      "partOfTotalIndexingTime" : {
        "part" : 185587,
        "total" : 877371732
      },
      "totalNumberOfFiles" : 8,
      "totalNumberOfFilesIndexedByExtensions" : 0,
      "totalFilesSize" : 22053,
      "indexValueChangerEvaluationSpeed" : {
        "totalBytes" : 22053,
        "totalCpuTime" : 185587
      }
    }, {
      "indexId" : "php.class.to.class.alias",
      "partOfTotalIndexingTime" : {
        "part" : 169143,
        "total" : 877371732
      },
      "totalNumberOfFiles" : 8,
      "totalNumberOfFilesIndexedByExtensions" : 0,
      "totalFilesSize" : 22053,
      "indexValueChangerEvaluationSpeed" : {
        "totalBytes" : 22053,
        "totalCpuTime" : 169143
      }
    }, {
      "indexId" : "php.class.alias.to.class",
      "partOfTotalIndexingTime" : {
        "part" : 149073,
        "total" : 877371732
      },
      "totalNumberOfFiles" : 8,
      "totalNumberOfFilesIndexedByExtensions" : 0,
      "totalFilesSize" : 22053,
      "indexValueChangerEvaluationSpeed" : {
        "totalBytes" : 22053,
        "totalCpuTime" : 149073
      }
    } ],
    "statisticsOfChangedDuringIndexingFiles" : {
      "numberOfFiles" : 0,
      "retrievingTime" : 4313880
    },
    "fileProviderStatistics" : [ {
      "providerName" : "Module 'backend' (all roots)",
      "totalNumberOfIndexedFiles" : 10,
      "totalNumberOfFilesFullyIndexedByExtensions" : 0,
      "totalNumberOfNothingToWriteFiles" : 2,
      "totalIndexingVisibleTime" : 397427106,
      "contentLoadingVisibleTime" : 2339397,
      "numberOfTooLargeForIndexingFiles" : 0,
      "slowIndexedFiles" : [ ],
      "filesFullyIndexedByExtensions" : [ ],
      "separateApplyingIndexesVisibleTime" : 29977640
    }, {
      "providerName" : "Refreshed files",
      "totalNumberOfIndexedFiles" : 0,
      "totalNumberOfFilesFullyIndexedByExtensions" : 0,
      "totalNumberOfNothingToWriteFiles" : 0,
      "totalIndexingVisibleTime" : 0,
      "contentLoadingVisibleTime" : 0,
      "numberOfTooLargeForIndexingFiles" : 0,
      "slowIndexedFiles" : [ ],
      "filesFullyIndexedByExtensions" : [ ],
      "separateApplyingIndexesVisibleTime" : 0
    } ],
    "visibleTimeToAllThreadTimeRatio" : 0.0
  }
}