{
  "appInfo" : {
    "build" : "233.11799.241",
    "buildDate" : "2023-12-02T05:05:00Z[UTC]",
    "productCode" : "IU",
    "generated" : "2024-01-08T11:48:11.792441Z",
    "os" : "macOS 13.6",
    "runtime" : "JetBrains s.r.o. 17.0.9 17.0.9+7-b1087.7"
  },
  "runtimeInfo" : {
    "maxMemory" : 3170893824,
    "numberOfProcessors" : 4,
    "maxNumberOfIndexingThreads" : 3,
    "maxSizeOfFileForIntelliSense" : 2560000,
    "maxSizeOfFileForContentLoading" : 20971520
  },
  "type" : "Scanning",
  "projectIndexingActivityHistory" : {
    "projectName" : "backend",
    "times" : {
      "scanningReason" : "changes in: \"Module 'backend' (src, test)\"",
      "scanningType" : "PARTIAL",
      "scanningId" : 4,
      "creatingIteratorsTime" : 2000,
      "concurrentHandlingWallTimeWithoutPauses" : 467617000,
      "concurrentHandlingWallTimeWithPauses" : 468022000,
      "concurrentHandlingSumOfThreadTimesWithPauses" : 466050401,
      "concurrentIterationAndScannersApplicationSumOfThreadTimesWithPauses" : 1825555,
      "concurrentFileCheckSumOfThreadTimesWithPauses" : 463935237,
      "delayedPushPropertiesStageTime" : 19000,
      "indexExtensionsTime" : 0,
      "dumbWallTimeWithPauses" : 0,
      "dumbWallTimeWithoutPauses" : 0,
      "updatingStart" : "2024-01-08T11:48:11.241948Z",
      "updatingEnd" : "2024-01-08T11:48:11.788255Z",
      "totalWallTimeWithPauses" : 546267937,
      "wallTimeOnPause" : 405000,
      "wasInterrupted" : false,
      "totalWallTimeWithoutPauses" : 545862937
    },
    "fileCount" : {
      "numberOfFileProviders" : 1,
      "numberOfScannedFiles" : 204,
      "numberOfFilesIndexedByInfrastructureExtensionsDuringScan" : 0,
      "numberOfFilesScheduledForIndexingAfterScan" : 0
    },
    "scanningStatistics" : [ {
      "providerName" : "Module 'backend' (src, test)",
      "numberOfScannedFiles" : 204,
      "numberOfSkippedFiles" : 0,
      "numberOfFilesForIndexing" : 0,
      "numberOfFilesFullyIndexedByInfrastructureExtensions" : 0,
      "filesFullyIndexedByInfrastructureExtensions" : [ ],
      "statusTime" : 325951516,
      "totalOneThreadTimeWithPauses" : 466050401,
      "iterationAndScannersApplicationTime" : 1825555,
      "filesCheckTime" : 463935237,
      "timeProcessingUpToDateFiles" : 135246110,
      "timeUpdatingContentLessIndexes" : 8691,
      "timeIndexingWithoutContentViaInfrastructureExtension" : 0,
      "roots" : [ ]
    } ]
  }
}