{
  "appInfo" : {
    "build" : "233.11799.241",
    "buildDate" : "2023-12-02T05:05:00Z[UTC]",
    "productCode" : "IU",
    "generated" : "2024-01-08T11:53:27.453103Z",
    "os" : "macOS 13.6",
    "runtime" : "JetBrains s.r.o. 17.0.9 17.0.9+7-b1087.7"
  },
  "runtimeInfo" : {
    "maxMemory" : 3170893824,
    "numberOfProcessors" : 4,
    "maxNumberOfIndexingThreads" : 3,
    "maxSizeOfFileForIntelliSense" : 2560000,
    "maxSizeOfFileForContentLoading" : 20971520
  },
  "type" : "DumbIndexing",
  "projectIndexingActivityHistory" : {
    "projectName" : "backend",
    "times" : {
      "scanningIds" : [ 9 ],
      "contentLoadingVisibleTime" : 27558118,
      "retrievingChangedDuringIndexingFilesTime" : 28052,
      "separateApplyingIndexesVisibleTime" : 159649992,
      "updatingStart" : "2024-01-08T11:53:24.303323Z",
      "updatingEnd" : "2024-01-08T11:53:27.450583Z",
      "totalWallTimeWithPauses" : 3147217709,
      "wallTimeOnPause" : 0,
      "wasInterrupted" : false,
      "dumbWallTimeWithPauses" : 3147217709,
      "dumbWallTimeWithoutPauses" : 3147217709,
      "dumbModeStart" : "2024-01-08T11:53:24.303323Z",
      "totalWallTimeWithoutPauses" : 3147217709
    },
    "fileCount" : {
      "numberOfChangedDuringIndexingFiles" : 0,
      "numberOfFilesIndexedByInfrastructureExtensionsDuringIndexingStage" : 0,
      "numberOfFilesIndexedWithLoadingContent" : 193,
      "numberOfNothingToWriteFiles" : 0
    },
    "totalStatsPerFileType" : [ {
      "fileType" : "PHP",
      "partOfTotalProcessingTime" : {
        "part" : 8923936212,
        "total" : 8923936212
      },
      "partOfTotalContentLoadingTime" : {
        "part" : 78272835,
        "total" : 78272835
      },
      "totalNumberOfFiles" : 193,
      "totalFilesSize" : 708361,
      "totalProcessingSpeed" : {
        "totalBytes" : 708361,
        "totalCpuTime" : 8923936212
      },
      "biggestContributors" : [ {
        "providerName" : "Module 'backend' (src, test)",
        "numberOfFiles" : 193,
        "totalFilesSize" : 708361,
        "partOfTotalProcessingTimeOfThisFileType" : {
          "part" : 8923936212,
          "total" : 8923936212
        }
      } ]
    } ],
    "totalStatsPerBaseLanguage" : [ {
      "language" : "PHP",
      "partOfTotalProcessingTime" : {
        "part" : 8923936212,
        "total" : 8923936212
      },
      "partOfTotalContentLoadingTime" : {
        "part" : 156545670,
        "total" : 78272835
      },
      "totalNumberOfFiles" : 193,
      "totalFilesSize" : 708361,
      "totalProcessingSpeed" : {
        "totalBytes" : 708361,
        "totalCpuTime" : 8923936212
      }
    } ],
    "totalStatsPerIndexer" : [ {
      "indexId" : "HashFragmentIndex",
      "partOfTotalIndexingTime" : {
        "part" : 6020488366,
        "total" : 6020488366
      },
      "totalNumberOfFiles" : 193,
      "totalNumberOfFilesIndexedByExtensions" : 0,
      "totalFilesSize" : 708361,
      "indexValueChangerEvaluationSpeed" : {
        "totalBytes" : 708361,
        "totalCpuTime" : 6020488366
      }
    } ],
    "statisticsOfChangedDuringIndexingFiles" : {
      "numberOfFiles" : 0,
      "retrievingTime" : 28052
    },
    "fileProviderStatistics" : [ {
      "providerName" : "Module 'backend' (src, test)",
      "totalNumberOfIndexedFiles" : 193,
      "totalNumberOfFilesFullyIndexedByExtensions" : 0,
      "totalNumberOfNothingToWriteFiles" : 0,
      "totalIndexingVisibleTime" : 3141918746,
      "contentLoadingVisibleTime" : 27558118,
      "numberOfTooLargeForIndexingFiles" : 0,
      "slowIndexedFiles" : [ {
        "fileName" : "SettlementFunctions.php",
        "processingTime" : 511335299,
        "evaluationOfIndexValueChangerTime" : 507353626,
        "contentLoadingTime" : 438239
      }, {
        "fileName" : "SettlementEntryTest.php",
        "processingTime" : 992221749,
        "evaluationOfIndexValueChangerTime" : 473245963,
        "contentLoadingTime" : 516229
      } ],
      "filesFullyIndexedByExtensions" : [ ],
      "separateApplyingIndexesVisibleTime" : 159649992
    }, {
      "providerName" : "Refreshed files",
      "totalNumberOfIndexedFiles" : 0,
      "totalNumberOfFilesFullyIndexedByExtensions" : 0,
      "totalNumberOfNothingToWriteFiles" : 0,
      "totalIndexingVisibleTime" : 0,
      "contentLoadingVisibleTime" : 0,
      "numberOfTooLargeForIndexingFiles" : 0,
      "slowIndexedFiles" : [ ],
      "filesFullyIndexedByExtensions" : [ ],
      "separateApplyingIndexesVisibleTime" : 0
    } ],
    "visibleTimeToAllThreadTimeRatio" : 0.0
  }
}