{
  "appInfo" : {
    "build" : "233.11799.241",
    "buildDate" : "2023-12-02T05:05:00Z[UTC]",
    "productCode" : "IU",
    "generated" : "2024-01-02T12:27:08.002899Z",
    "os" : "macOS 13.6",
    "runtime" : "JetBrains s.r.o. 17.0.9 17.0.9+7-b1087.7"
  },
  "runtimeInfo" : {
    "maxMemory" : 1572864000,
    "numberOfProcessors" : 4,
    "maxNumberOfIndexingThreads" : 3,
    "maxSizeOfFileForIntelliSense" : 2560000,
    "maxSizeOfFileForContentLoading" : 20971520
  },
  "type" : "DumbIndexing",
  "projectIndexingActivityHistory" : {
    "projectName" : "backend",
    "times" : {
      "scanningIds" : [ ],
      "contentLoadingVisibleTime" : 17528229,
      "retrievingChangedDuringIndexingFilesTime" : 56869,
      "separateApplyingIndexesVisibleTime" : 13790789,
      "updatingStart" : "2024-01-02T12:27:07.682287Z",
      "updatingEnd" : "2024-01-02T12:27:07.970666Z",
      "totalWallTimeWithPauses" : 288369760,
      "wallTimeOnPause" : 0,
      "wasInterrupted" : false,
      "dumbModeStart" : "2024-01-02T12:27:07.682287Z",
      "dumbWallTimeWithPauses" : 288369760,
      "dumbWallTimeWithoutPauses" : 288369760,
      "totalWallTimeWithoutPauses" : 288369760
    },
    "fileCount" : {
      "numberOfChangedDuringIndexingFiles" : 1,
      "numberOfFilesIndexedByInfrastructureExtensionsDuringIndexingStage" : 0,
      "numberOfFilesIndexedWithLoadingContent" : 1,
      "numberOfNothingToWriteFiles" : 0
    },
    "totalStatsPerFileType" : [ {
      "fileType" : "PLAIN_TEXT",
      "partOfTotalProcessingTime" : {
        "part" : 285592239,
        "total" : 285592239
      },
      "partOfTotalContentLoadingTime" : {
        "part" : 17488339,
        "total" : 17488339
      },
      "totalNumberOfFiles" : 1,
      "totalFilesSize" : 1203989,
      "totalProcessingSpeed" : {
        "totalBytes" : 1203989,
        "totalCpuTime" : 285592239
      },
      "biggestContributors" : [ {
        "providerName" : "Refreshed files",
        "numberOfFiles" : 1,
        "totalFilesSize" : 1203989,
        "partOfTotalProcessingTimeOfThisFileType" : {
          "part" : 285592239,
          "total" : 285592239
        }
      } ]
    } ],
    "totalStatsPerBaseLanguage" : [ {
      "language" : "TEXT",
      "partOfTotalProcessingTime" : {
        "part" : 285592239,
        "total" : 285592239
      },
      "partOfTotalContentLoadingTime" : {
        "part" : 34976678,
        "total" : 17488339
      },
      "totalNumberOfFiles" : 1,
      "totalFilesSize" : 1203989,
      "totalProcessingSpeed" : {
        "totalBytes" : 1203989,
        "totalCpuTime" : 285592239
      }
    } ],
    "totalStatsPerIndexer" : [ {
      "indexId" : "IdIndex",
      "partOfTotalIndexingTime" : {
        "part" : 142366587,
        "total" : 243048634
      },
      "totalNumberOfFiles" : 1,
      "totalNumberOfFilesIndexedByExtensions" : 0,
      "totalFilesSize" : 1203989,
      "indexValueChangerEvaluationSpeed" : {
        "totalBytes" : 1203989,
        "totalCpuTime" : 142366587
      }
    }, {
      "indexId" : "Trigram.Index",
      "partOfTotalIndexingTime" : {
        "part" : 100682047,
        "total" : 243048634
      },
      "totalNumberOfFiles" : 1,
      "totalNumberOfFilesIndexedByExtensions" : 0,
      "totalFilesSize" : 1203989,
      "indexValueChangerEvaluationSpeed" : {
        "totalBytes" : 1203989,
        "totalCpuTime" : 100682047
      }
    } ],
    "statisticsOfChangedDuringIndexingFiles" : {
      "numberOfFiles" : 1,
      "retrievingTime" : 56869
    },
    "fileProviderStatistics" : [ {
      "providerName" : "Refreshed files",
      "totalNumberOfIndexedFiles" : 1,
      "totalNumberOfFilesFullyIndexedByExtensions" : 0,
      "totalNumberOfNothingToWriteFiles" : 0,
      "totalIndexingVisibleTime" : 286243672,
      "contentLoadingVisibleTime" : 17528229,
      "numberOfTooLargeForIndexingFiles" : 0,
      "slowIndexedFiles" : [ ],
      "filesFullyIndexedByExtensions" : [ ],
      "separateApplyingIndexesVisibleTime" : 13790789
    } ],
    "visibleTimeToAllThreadTimeRatio" : 1.0022809898556102
  }
}