{
  "appInfo" : {
    "build" : "233.11799.241",
    "buildDate" : "2023-12-02T05:05:00Z[UTC]",
    "productCode" : "IU",
    "generated" : "2024-01-08T11:53:25.507942Z",
    "os" : "macOS 13.6",
    "runtime" : "JetBrains s.r.o. 17.0.9 17.0.9+7-b1087.7"
  },
  "runtimeInfo" : {
    "maxMemory" : 3170893824,
    "numberOfProcessors" : 4,
    "maxNumberOfIndexingThreads" : 3,
    "maxSizeOfFileForIntelliSense" : 2560000,
    "maxSizeOfFileForContentLoading" : 20971520
  },
  "type" : "Scanning",
  "projectIndexingActivityHistory" : {
    "projectName" : "backend",
    "times" : {
      "scanningReason" : "changes in: \"Module 'backend' (src, test)\"",
      "scanningType" : "PARTIAL",
      "scanningId" : 9,
      "creatingIteratorsTime" : 5000,
      "concurrentHandlingWallTimeWithoutPauses" : 1744286000,
      "concurrentHandlingWallTimeWithPauses" : 1744405000,
      "concurrentHandlingSumOfThreadTimesWithPauses" : 1734013239,
      "concurrentIterationAndScannersApplicationSumOfThreadTimesWithPauses" : 5681230,
      "concurrentFileCheckSumOfThreadTimesWithPauses" : 1721698265,
      "delayedPushPropertiesStageTime" : 11000,
      "indexExtensionsTime" : 47301588,
      "dumbModeStart" : "2024-01-08T11:53:21.591913Z",
      "dumbWallTimeWithPauses" : 1746584000,
      "dumbWallTimeWithoutPauses" : 1746584000,
      "updatingStart" : "2024-01-08T11:53:21.591381Z",
      "updatingEnd" : "2024-01-08T11:53:23.338497Z",
      "totalWallTimeWithPauses" : 1747095768,
      "wallTimeOnPause" : 119000,
      "wasInterrupted" : false,
      "totalWallTimeWithoutPauses" : 1746976768
    },
    "fileCount" : {
      "numberOfFileProviders" : 1,
      "numberOfScannedFiles" : 206,
      "numberOfFilesIndexedByInfrastructureExtensionsDuringScan" : 0,
      "numberOfFilesScheduledForIndexingAfterScan" : 193
    },
    "scanningStatistics" : [ {
      "providerName" : "Module 'backend' (src, test)",
      "numberOfScannedFiles" : 206,
      "numberOfSkippedFiles" : 0,
      "numberOfFilesForIndexing" : 193,
      "numberOfFilesFullyIndexedByInfrastructureExtensions" : 0,
      "filesFullyIndexedByInfrastructureExtensions" : [ ],
      "statusTime" : 998095784,
      "totalOneThreadTimeWithPauses" : 1734013239,
      "iterationAndScannersApplicationTime" : 5681230,
      "filesCheckTime" : 1721698265,
      "timeProcessingUpToDateFiles" : 270803307,
      "timeUpdatingContentLessIndexes" : 12533,
      "timeIndexingWithoutContentViaInfrastructureExtension" : 47301588,
      "roots" : [ ]
    } ]
  }
}