{
  "appInfo" : {
    "build" : "233.11799.241",
    "buildDate" : "2023-12-02T05:05:00Z[UTC]",
    "productCode" : "IU",
    "generated" : "2024-01-06T18:00:38.838446Z",
    "os" : "macOS 13.6",
    "runtime" : "JetBrains s.r.o. 17.0.9 17.0.9+7-b1087.7"
  },
  "runtimeInfo" : {
    "maxMemory" : 3170893824,
    "numberOfProcessors" : 4,
    "maxNumberOfIndexingThreads" : 3,
    "maxSizeOfFileForIntelliSense" : 2560000,
    "maxSizeOfFileForContentLoading" : 20971520
  },
  "type" : "DumbIndexing",
  "projectIndexingActivityHistory" : {
    "projectName" : "backend",
    "times" : {
      "scanningIds" : [ ],
      "contentLoadingVisibleTime" : 207448116,
      "retrievingChangedDuringIndexingFilesTime" : 5768600,
      "separateApplyingIndexesVisibleTime" : 1336495958,
      "updatingStart" : "2024-01-06T18:00:26.428Z",
      "updatingEnd" : "2024-01-06T18:00:38.810885Z",
      "totalWallTimeWithPauses" : 12382663237,
      "wallTimeOnPause" : 0,
      "wasInterrupted" : false,
      "dumbWallTimeWithPauses" : 12382663237,
      "dumbWallTimeWithoutPauses" : 12382663237,
      "dumbModeStart" : "2024-01-06T18:00:26.428Z",
      "totalWallTimeWithoutPauses" : 12382663237
    },
    "fileCount" : {
      "numberOfChangedDuringIndexingFiles" : 768,
      "numberOfFilesIndexedByInfrastructureExtensionsDuringIndexingStage" : 0,
      "numberOfFilesIndexedWithLoadingContent" : 768,
      "numberOfNothingToWriteFiles" : 0
    },
    "totalStatsPerFileType" : [ {
      "fileType" : "PHP",
      "partOfTotalProcessingTime" : {
        "part" : 23301389416,
        "total" : 35843484566
      },
      "partOfTotalContentLoadingTime" : {
        "part" : 556246977,
        "total" : 601110025
      },
      "totalNumberOfFiles" : 742,
      "totalFilesSize" : 1401049,
      "totalProcessingSpeed" : {
        "totalBytes" : 1401049,
        "totalCpuTime" : 23301389416
      },
      "biggestContributors" : [ {
        "providerName" : "Refreshed files",
        "numberOfFiles" : 742,
        "totalFilesSize" : 1401049,
        "partOfTotalProcessingTimeOfThisFileType" : {
          "part" : 23301389416,
          "total" : 23301389416
        }
      } ]
    }, {
      "fileType" : "JavaScript",
      "partOfTotalProcessingTime" : {
        "part" : 10455271549,
        "total" : 35843484566
      },
      "partOfTotalContentLoadingTime" : {
        "part" : 8377938,
        "total" : 601110025
      },
      "totalNumberOfFiles" : 6,
      "totalFilesSize" : 544532,
      "totalProcessingSpeed" : {
        "totalBytes" : 544532,
        "totalCpuTime" : 10455271549
      },
      "biggestContributors" : [ {
        "providerName" : "Refreshed files",
        "numberOfFiles" : 6,
        "totalFilesSize" : 544532,
        "partOfTotalProcessingTimeOfThisFileType" : {
          "part" : 10455271549,
          "total" : 10455271549
        }
      } ]
    }, {
      "fileType" : "CSS",
      "partOfTotalProcessingTime" : {
        "part" : 1959725915,
        "total" : 35843484566
      },
      "partOfTotalContentLoadingTime" : {
        "part" : 23161161,
        "total" : 601110025
      },
      "totalNumberOfFiles" : 5,
      "totalFilesSize" : 174544,
      "totalProcessingSpeed" : {
        "totalBytes" : 174544,
        "totalCpuTime" : 1959725915
      },
      "biggestContributors" : [ {
        "providerName" : "Refreshed files",
        "numberOfFiles" : 5,
        "totalFilesSize" : 174544,
        "partOfTotalProcessingTimeOfThisFileType" : {
          "part" : 1959725915,
          "total" : 1959725915
        }
      } ]
    }, {
      "fileType" : "Smarty",
      "partOfTotalProcessingTime" : {
        "part" : 96954679,
        "total" : 35843484566
      },
      "partOfTotalContentLoadingTime" : {
        "part" : 9741646,
        "total" : 601110025
      },
      "totalNumberOfFiles" : 12,
      "totalFilesSize" : 10180,
      "totalProcessingSpeed" : {
        "totalBytes" : 10180,
        "totalCpuTime" : 96954679
      },
      "biggestContributors" : [ {
        "providerName" : "Refreshed files",
        "numberOfFiles" : 12,
        "totalFilesSize" : 10180,
        "partOfTotalProcessingTimeOfThisFileType" : {
          "part" : 96954679,
          "total" : 96954679
        }
      } ]
    }, {
      "fileType" : "XML",
      "partOfTotalProcessingTime" : {
        "part" : 24959727,
        "total" : 35843484566
      },
      "partOfTotalContentLoadingTime" : {
        "part" : 396544,
        "total" : 601110025
      },
      "totalNumberOfFiles" : 1,
      "totalFilesSize" : 4761,
      "totalProcessingSpeed" : {
        "totalBytes" : 4761,
        "totalCpuTime" : 24959727
      },
      "biggestContributors" : [ {
        "providerName" : "Refreshed files",
        "numberOfFiles" : 1,
        "totalFilesSize" : 4761,
        "partOfTotalProcessingTimeOfThisFileType" : {
          "part" : 24959727,
          "total" : 24959727
        }
      } ]
    }, {
      "fileType" : "SVG",
      "partOfTotalProcessingTime" : {
        "part" : 5183280,
        "total" : 35843484566
      },
      "partOfTotalContentLoadingTime" : {
        "part" : 3185759,
        "total" : 601110025
      },
      "totalNumberOfFiles" : 2,
      "totalFilesSize" : 538,
      "totalProcessingSpeed" : {
        "totalBytes" : 538,
        "totalCpuTime" : 5183280
      },
      "biggestContributors" : [ {
        "providerName" : "Refreshed files",
        "numberOfFiles" : 2,
        "totalFilesSize" : 538,
        "partOfTotalProcessingTimeOfThisFileType" : {
          "part" : 5183280,
          "total" : 5183280
        }
      } ]
    } ],
    "totalStatsPerBaseLanguage" : [ {
      "language" : "PHP",
      "partOfTotalProcessingTime" : {
        "part" : 23301389416,
        "total" : 35843484566
      },
      "partOfTotalContentLoadingTime" : {
        "part" : 1157357002,
        "total" : 601110025
      },
      "totalNumberOfFiles" : 742,
      "totalFilesSize" : 1401049,
      "totalProcessingSpeed" : {
        "totalBytes" : 1401049,
        "totalCpuTime" : 23301389416
      }
    }, {
      "language" : "JavaScript",
      "partOfTotalProcessingTime" : {
        "part" : 10455271549,
        "total" : 35843484566
      },
      "partOfTotalContentLoadingTime" : {
        "part" : 609487963,
        "total" : 601110025
      },
      "totalNumberOfFiles" : 6,
      "totalFilesSize" : 544532,
      "totalProcessingSpeed" : {
        "totalBytes" : 544532,
        "totalCpuTime" : 10455271549
      }
    }, {
      "language" : "CSS",
      "partOfTotalProcessingTime" : {
        "part" : 1959725915,
        "total" : 35843484566
      },
      "partOfTotalContentLoadingTime" : {
        "part" : 624271186,
        "total" : 601110025
      },
      "totalNumberOfFiles" : 5,
      "totalFilesSize" : 174544,
      "totalProcessingSpeed" : {
        "totalBytes" : 174544,
        "totalCpuTime" : 1959725915
      }
    }, {
      "language" : "Smarty",
      "partOfTotalProcessingTime" : {
        "part" : 96954679,
        "total" : 35843484566
      },
      "partOfTotalContentLoadingTime" : {
        "part" : 610851671,
        "total" : 601110025
      },
      "totalNumberOfFiles" : 12,
      "totalFilesSize" : 10180,
      "totalProcessingSpeed" : {
        "totalBytes" : 10180,
        "totalCpuTime" : 96954679
      }
    }, {
      "language" : "XML",
      "partOfTotalProcessingTime" : {
        "part" : 30143007,
        "total" : 35843484566
      },
      "partOfTotalContentLoadingTime" : {
        "part" : 601506569,
        "total" : 601110025
      },
      "totalNumberOfFiles" : 3,
      "totalFilesSize" : 5299,
      "totalProcessingSpeed" : {
        "totalBytes" : 5299,
        "totalCpuTime" : 30143007
      }
    }, {
      "language" : "SVG",
      "partOfTotalProcessingTime" : {
        "part" : 5183280,
        "total" : 35843484566
      },
      "partOfTotalContentLoadingTime" : {
        "part" : 604295784,
        "total" : 601110025
      },
      "totalNumberOfFiles" : 2,
      "totalFilesSize" : 538,
      "totalProcessingSpeed" : {
        "totalBytes" : 538,
        "totalCpuTime" : 5183280
      }
    } ],
    "totalStatsPerIndexer" : [ {
      "indexId" : "Stubs",
      "partOfTotalIndexingTime" : {
        "part" : 16176646955,
        "total" : 29761730260
      },
      "totalNumberOfFiles" : 754,
      "totalNumberOfFilesIndexedByExtensions" : 0,
      "totalFilesSize" : 2124886,
      "indexValueChangerEvaluationSpeed" : {
        "totalBytes" : 2124886,
        "totalCpuTime" : 16176646955
      }
    }, {
      "indexId" : "php.invoke.calls.offsets",
      "partOfTotalIndexingTime" : {
        "part" : 2728561494,
        "total" : 29761730260
      },
      "totalNumberOfFiles" : 742,
      "totalNumberOfFilesIndexedByExtensions" : 0,
      "totalFilesSize" : 1401049,
      "indexValueChangerEvaluationSpeed" : {
        "totalBytes" : 1401049,
        "totalCpuTime" : 2728561494
      }
    }, {
      "indexId" : "js.test.names",
      "partOfTotalIndexingTime" : {
        "part" : 1413642037,
        "total" : 29761730260
      },
      "totalNumberOfFiles" : 6,
      "totalNumberOfFilesIndexedByExtensions" : 0,
      "totalFilesSize" : 544532,
      "indexValueChangerEvaluationSpeed" : {
        "totalBytes" : 544532,
        "totalCpuTime" : 1413642037
      }
    }, {
      "indexId" : "IdIndex",
      "partOfTotalIndexingTime" : {
        "part" : 1400499213,
        "total" : 29761730260
      },
      "totalNumberOfFiles" : 768,
      "totalNumberOfFilesIndexedByExtensions" : 0,
      "totalFilesSize" : 2135604,
      "indexValueChangerEvaluationSpeed" : {
        "totalBytes" : 2135604,
        "totalCpuTime" : 1400499213
      }
    }, {
      "indexId" : "php.class.name",
      "partOfTotalIndexingTime" : {
        "part" : 1196768938,
        "total" : 29761730260
      },
      "totalNumberOfFiles" : 742,
      "totalNumberOfFilesIndexedByExtensions" : 0,
      "totalFilesSize" : 1401049,
      "indexValueChangerEvaluationSpeed" : {
        "totalBytes" : 1401049,
        "totalCpuTime" : 1196768938
      }
    }, {
      "indexId" : "php.max.language.level",
      "partOfTotalIndexingTime" : {
        "part" : 943755698,
        "total" : 29761730260
      },
      "totalNumberOfFiles" : 742,
      "totalNumberOfFilesIndexedByExtensions" : 0,
      "totalFilesSize" : 1401049,
      "indexValueChangerEvaluationSpeed" : {
        "totalBytes" : 1401049,
        "totalCpuTime" : 943755698
      }
    }, {
      "indexId" : "CssIndex",
      "partOfTotalIndexingTime" : {
        "part" : 930002853,
        "total" : 29761730260
      },
      "totalNumberOfFiles" : 759,
      "totalNumberOfFilesIndexedByExtensions" : 0,
      "totalFilesSize" : 1585773,
      "indexValueChangerEvaluationSpeed" : {
        "totalBytes" : 1585773,
        "totalCpuTime" : 930002853
      }
    }, {
      "indexId" : "php.array.access.offsets",
      "partOfTotalIndexingTime" : {
        "part" : 671506573,
        "total" : 29761730260
      },
      "totalNumberOfFiles" : 742,
      "totalNumberOfFilesIndexedByExtensions" : 0,
      "totalFilesSize" : 1401049,
      "indexValueChangerEvaluationSpeed" : {
        "totalBytes" : 1401049,
        "totalCpuTime" : 671506573
      }
    }, {
      "indexId" : "php.doctag.user.name",
      "partOfTotalIndexingTime" : {
        "part" : 572408436,
        "total" : 29761730260
      },
      "totalNumberOfFiles" : 742,
      "totalNumberOfFilesIndexedByExtensions" : 0,
      "totalFilesSize" : 1401049,
      "indexValueChangerEvaluationSpeed" : {
        "totalBytes" : 1401049,
        "totalCpuTime" : 572408436
      }
    }, {
      "indexId" : "css.template.selectors",
      "partOfTotalIndexingTime" : {
        "part" : 394917258,
        "total" : 29761730260
      },
      "totalNumberOfFiles" : 754,
      "totalNumberOfFilesIndexedByExtensions" : 0,
      "totalFilesSize" : 1411229,
      "indexValueChangerEvaluationSpeed" : {
        "totalBytes" : 1411229,
        "totalCpuTime" : 394917258
      }
    }, {
      "indexId" : "fileIncludes",
      "partOfTotalIndexingTime" : {
        "part" : 342219827,
        "total" : 29761730260
      },
      "totalNumberOfFiles" : 12,
      "totalNumberOfFilesIndexedByExtensions" : 0,
      "totalFilesSize" : 723837,
      "indexValueChangerEvaluationSpeed" : {
        "totalBytes" : 723837,
        "totalCpuTime" : 342219827
      }
    }, {
      "indexId" : "php.method.name",
      "partOfTotalIndexingTime" : {
        "part" : 264165875,
        "total" : 29761730260
      },
      "totalNumberOfFiles" : 742,
      "totalNumberOfFilesIndexedByExtensions" : 0,
      "totalFilesSize" : 1401049,
      "indexValueChangerEvaluationSpeed" : {
        "totalBytes" : 1401049,
        "totalCpuTime" : 264165875
      }
    }, {
      "indexId" : "php.array.shapes.entries",
      "partOfTotalIndexingTime" : {
        "part" : 186178884,
        "total" : 29761730260
      },
      "totalNumberOfFiles" : 742,
      "totalNumberOfFilesIndexedByExtensions" : 0,
      "totalFilesSize" : 1401049,
      "indexValueChangerEvaluationSpeed" : {
        "totalBytes" : 1401049,
        "totalCpuTime" : 186178884
      }
    }, {
      "indexId" : "php.function.parameters.used.as.regexp",
      "partOfTotalIndexingTime" : {
        "part" : 170576783,
        "total" : 29761730260
      },
      "totalNumberOfFiles" : 742,
      "totalNumberOfFilesIndexedByExtensions" : 0,
      "totalFilesSize" : 1401049,
      "indexValueChangerEvaluationSpeed" : {
        "totalBytes" : 1401049,
        "totalCpuTime" : 170576783
      }
    }, {
      "indexId" : "Trigram.Index",
      "partOfTotalIndexingTime" : {
        "part" : 163826086,
        "total" : 29761730260
      },
      "totalNumberOfFiles" : 768,
      "totalNumberOfFilesIndexedByExtensions" : 0,
      "totalFilesSize" : 2135604,
      "indexValueChangerEvaluationSpeed" : {
        "totalBytes" : 2135604,
        "totalCpuTime" : 163826086
      }
    }, {
      "indexId" : "php.generator.operands.type.index",
      "partOfTotalIndexingTime" : {
        "part" : 153432221,
        "total" : 29761730260
      },
      "totalNumberOfFiles" : 742,
      "totalNumberOfFilesIndexedByExtensions" : 0,
      "totalFilesSize" : 1401049,
      "indexValueChangerEvaluationSpeed" : {
        "totalBytes" : 1401049,
        "totalCpuTime" : 153432221
      }
    }, {
      "indexId" : "php.not.used.parameters",
      "partOfTotalIndexingTime" : {
        "part" : 140577530,
        "total" : 29761730260
      },
      "totalNumberOfFiles" : 742,
      "totalNumberOfFilesIndexedByExtensions" : 0,
      "totalFilesSize" : 1401049,
      "indexValueChangerEvaluationSpeed" : {
        "totalBytes" : 1401049,
        "totalCpuTime" : 140577530
      }
    }, {
      "indexId" : "php.generic.template.index",
      "partOfTotalIndexingTime" : {
        "part" : 140088906,
        "total" : 29761730260
      },
      "totalNumberOfFiles" : 742,
      "totalNumberOfFilesIndexedByExtensions" : 0,
      "totalFilesSize" : 1401049,
      "indexValueChangerEvaluationSpeed" : {
        "totalBytes" : 1401049,
        "totalCpuTime" : 140088906
      }
    }, {
      "indexId" : "php.inferred.meta.pattern.index",
      "partOfTotalIndexingTime" : {
        "part" : 132374651,
        "total" : 29761730260
      },
      "totalNumberOfFiles" : 742,
      "totalNumberOfFilesIndexedByExtensions" : 0,
      "totalFilesSize" : 1401049,
      "indexValueChangerEvaluationSpeed" : {
        "totalBytes" : 1401049,
        "totalCpuTime" : 132374651
      }
    }, {
      "indexId" : "php.field.names.accessed.by.the.constructor",
      "partOfTotalIndexingTime" : {
        "part" : 110237853,
        "total" : 29761730260
      },
      "totalNumberOfFiles" : 742,
      "totalNumberOfFilesIndexedByExtensions" : 0,
      "totalFilesSize" : 1401049,
      "indexValueChangerEvaluationSpeed" : {
        "totalBytes" : 1401049,
        "totalCpuTime" : 110237853
      }
    }, {
      "indexId" : "php.class.alias.fqn",
      "partOfTotalIndexingTime" : {
        "part" : 100639802,
        "total" : 29761730260
      },
      "totalNumberOfFiles" : 742,
      "totalNumberOfFilesIndexedByExtensions" : 0,
      "totalFilesSize" : 1401049,
      "indexValueChangerEvaluationSpeed" : {
        "totalBytes" : 1401049,
        "totalCpuTime" : 100639802
      }
    }, {
      "indexId" : "php.global.assignment.index",
      "partOfTotalIndexingTime" : {
        "part" : 98522738,
        "total" : 29761730260
      },
      "totalNumberOfFiles" : 742,
      "totalNumberOfFilesIndexedByExtensions" : 0,
      "totalFilesSize" : 1401049,
      "indexValueChangerEvaluationSpeed" : {
        "totalBytes" : 1401049,
        "totalCpuTime" : 98522738
      }
    }, {
      "indexId" : "php.parameters.default.value.matchers",
      "partOfTotalIndexingTime" : {
        "part" : 94228035,
        "total" : 29761730260
      },
      "totalNumberOfFiles" : 742,
      "totalNumberOfFilesIndexedByExtensions" : 0,
      "totalFilesSize" : 1401049,
      "indexValueChangerEvaluationSpeed" : {
        "totalBytes" : 1401049,
        "totalCpuTime" : 94228035
      }
    }, {
      "indexId" : "HtmlTagIdIndex",
      "partOfTotalIndexingTime" : {
        "part" : 92439862,
        "total" : 29761730260
      },
      "totalNumberOfFiles" : 754,
      "totalNumberOfFilesIndexedByExtensions" : 0,
      "totalFilesSize" : 1411229,
      "indexValueChangerEvaluationSpeed" : {
        "totalBytes" : 1411229,
        "totalCpuTime" : 92439862
      }
    }, {
      "indexId" : "php.used.parameters.array.keys",
      "partOfTotalIndexingTime" : {
        "part" : 86993709,
        "total" : 29761730260
      },
      "totalNumberOfFiles" : 742,
      "totalNumberOfFilesIndexedByExtensions" : 0,
      "totalFilesSize" : 1401049,
      "indexValueChangerEvaluationSpeed" : {
        "totalBytes" : 1401049,
        "totalCpuTime" : 86993709
      }
    }, {
      "indexId" : "php.expected.function.arguments",
      "partOfTotalIndexingTime" : {
        "part" : 85736911,
        "total" : 29761730260
      },
      "totalNumberOfFiles" : 742,
      "totalNumberOfFilesIndexedByExtensions" : 0,
      "totalFilesSize" : 1401049,
      "indexValueChangerEvaluationSpeed" : {
        "totalBytes" : 1401049,
        "totalCpuTime" : 85736911
      }
    }, {
      "indexId" : "php.fields.default.value.matchers",
      "partOfTotalIndexingTime" : {
        "part" : 68927378,
        "total" : 29761730260
      },
      "totalNumberOfFiles" : 742,
      "totalNumberOfFilesIndexedByExtensions" : 0,
      "totalFilesSize" : 1401049,
      "indexValueChangerEvaluationSpeed" : {
        "totalBytes" : 1401049,
        "totalCpuTime" : 68927378
      }
    }, {
      "indexId" : "php.constants.default.array.shapes",
      "partOfTotalIndexingTime" : {
        "part" : 64325913,
        "total" : 29761730260
      },
      "totalNumberOfFiles" : 742,
      "totalNumberOfFilesIndexedByExtensions" : 0,
      "totalFilesSize" : 1401049,
      "indexValueChangerEvaluationSpeed" : {
        "totalBytes" : 1401049,
        "totalCpuTime" : 64325913
      }
    }, {
      "indexId" : "js.custom.single.entry.index",
      "partOfTotalIndexingTime" : {
        "part" : 63633393,
        "total" : 29761730260
      },
      "totalNumberOfFiles" : 760,
      "totalNumberOfFilesIndexedByExtensions" : 0,
      "totalFilesSize" : 1955761,
      "indexValueChangerEvaluationSpeed" : {
        "totalBytes" : 1955761,
        "totalCpuTime" : 63633393
      }
    }, {
      "indexId" : "php.expected.function.return.values",
      "partOfTotalIndexingTime" : {
        "part" : 62916681,
        "total" : 29761730260
      },
      "totalNumberOfFiles" : 742,
      "totalNumberOfFilesIndexedByExtensions" : 0,
      "totalFilesSize" : 1401049,
      "indexValueChangerEvaluationSpeed" : {
        "totalBytes" : 1401049,
        "totalCpuTime" : 62916681
      }
    }, {
      "indexId" : "php.doc.type.aliases.index",
      "partOfTotalIndexingTime" : {
        "part" : 61394327,
        "total" : 29761730260
      },
      "totalNumberOfFiles" : 742,
      "totalNumberOfFilesIndexedByExtensions" : 0,
      "totalFilesSize" : 1401049,
      "indexValueChangerEvaluationSpeed" : {
        "totalBytes" : 1401049,
        "totalCpuTime" : 61394327
      }
    }, {
      "indexId" : "php.func.get.arg.usage.index",
      "partOfTotalIndexingTime" : {
        "part" : 51808041,
        "total" : 29761730260
      },
      "totalNumberOfFiles" : 742,
      "totalNumberOfFilesIndexedByExtensions" : 0,
      "totalFilesSize" : 1401049,
      "indexValueChangerEvaluationSpeed" : {
        "totalBytes" : 1401049,
        "totalCpuTime" : 51808041
      }
    }, {
      "indexId" : "espend.php.annotation.usage",
      "partOfTotalIndexingTime" : {
        "part" : 50560735,
        "total" : 29761730260
      },
      "totalNumberOfFiles" : 742,
      "totalNumberOfFilesIndexedByExtensions" : 0,
      "totalFilesSize" : 1401049,
      "indexValueChangerEvaluationSpeed" : {
        "totalBytes" : 1401049,
        "totalCpuTime" : 50560735
      }
    }, {
      "indexId" : "php.unit.data.providers",
      "partOfTotalIndexingTime" : {
        "part" : 47260703,
        "total" : 29761730260
      },
      "totalNumberOfFiles" : 742,
      "totalNumberOfFilesIndexedByExtensions" : 0,
      "totalFilesSize" : 1401049,
      "indexValueChangerEvaluationSpeed" : {
        "totalBytes" : 1401049,
        "totalCpuTime" : 47260703
      }
    }, {
      "indexId" : "php.functions.with.not.catched.dynamic.passed.calls",
      "partOfTotalIndexingTime" : {
        "part" : 46745474,
        "total" : 29761730260
      },
      "totalNumberOfFiles" : 742,
      "totalNumberOfFilesIndexedByExtensions" : 0,
      "totalFilesSize" : 1401049,
      "indexValueChangerEvaluationSpeed" : {
        "totalBytes" : 1401049,
        "totalCpuTime" : 46745474
      }
    }, {
      "indexId" : "espend.php.annotation.classes",
      "partOfTotalIndexingTime" : {
        "part" : 44729571,
        "total" : 29761730260
      },
      "totalNumberOfFiles" : 742,
      "totalNumberOfFilesIndexedByExtensions" : 0,
      "totalFilesSize" : 1401049,
      "indexValueChangerEvaluationSpeed" : {
        "totalBytes" : 1401049,
        "totalCpuTime" : 44729571
      }
    }, {
      "indexId" : "php.unit.covers",
      "partOfTotalIndexingTime" : {
        "part" : 43019516,
        "total" : 29761730260
      },
      "totalNumberOfFiles" : 742,
      "totalNumberOfFilesIndexedByExtensions" : 0,
      "totalFilesSize" : 1401049,
      "indexValueChangerEvaluationSpeed" : {
        "totalBytes" : 1401049,
        "totalCpuTime" : 43019516
      }
    }, {
      "indexId" : "php.trait.usage",
      "partOfTotalIndexingTime" : {
        "part" : 37764247,
        "total" : 29761730260
      },
      "totalNumberOfFiles" : 742,
      "totalNumberOfFilesIndexedByExtensions" : 0,
      "totalFilesSize" : 1401049,
      "indexValueChangerEvaluationSpeed" : {
        "totalBytes" : 1401049,
        "totalCpuTime" : 37764247
      }
    }, {
      "indexId" : "php.aliased.trait.method.name",
      "partOfTotalIndexingTime" : {
        "part" : 35719781,
        "total" : 29761730260
      },
      "totalNumberOfFiles" : 742,
      "totalNumberOfFilesIndexedByExtensions" : 0,
      "totalFilesSize" : 1401049,
      "indexValueChangerEvaluationSpeed" : {
        "totalBytes" : 1401049,
        "totalCpuTime" : 35719781
      }
    }, {
      "indexId" : "php.exit.point.function.index",
      "partOfTotalIndexingTime" : {
        "part" : 35575539,
        "total" : 29761730260
      },
      "totalNumberOfFiles" : 742,
      "totalNumberOfFilesIndexedByExtensions" : 0,
      "totalFilesSize" : 1401049,
      "indexValueChangerEvaluationSpeed" : {
        "totalBytes" : 1401049,
        "totalCpuTime" : 35575539
      }
    }, {
      "indexId" : "php.class.attributes.name",
      "partOfTotalIndexingTime" : {
        "part" : 30050893,
        "total" : 29761730260
      },
      "totalNumberOfFiles" : 742,
      "totalNumberOfFilesIndexedByExtensions" : 0,
      "totalFilesSize" : 1401049,
      "indexValueChangerEvaluationSpeed" : {
        "totalBytes" : 1401049,
        "totalCpuTime" : 30050893
      }
    }, {
      "indexId" : "php.function.always.re",
      "partOfTotalIndexingTime" : {
        "part" : 23643448,
        "total" : 29761730260
      },
      "totalNumberOfFiles" : 742,
      "totalNumberOfFilesIndexedByExtensions" : 0,
      "totalFilesSize" : 1401049,
      "indexValueChangerEvaluationSpeed" : {
        "totalBytes" : 1401049,
        "totalCpuTime" : 23643448
      }
    }, {
      "indexId" : "php.namespace.inheritance",
      "partOfTotalIndexingTime" : {
        "part" : 22476848,
        "total" : 29761730260
      },
      "totalNumberOfFiles" : 742,
      "totalNumberOfFilesIndexedByExtensions" : 0,
      "totalFilesSize" : 1401049,
      "indexValueChangerEvaluationSpeed" : {
        "totalBytes" : 1401049,
        "totalCpuTime" : 22476848
      }
    }, {
      "indexId" : "php.serialize.function.calls.offsets",
      "partOfTotalIndexingTime" : {
        "part" : 21990827,
        "total" : 29761730260
      },
      "totalNumberOfFiles" : 742,
      "totalNumberOfFilesIndexedByExtensions" : 0,
      "totalFilesSize" : 1401049,
      "indexValueChangerEvaluationSpeed" : {
        "totalBytes" : 1401049,
        "totalCpuTime" : 21990827
      }
    }, {
      "indexId" : "php.putenv.arguments",
      "partOfTotalIndexingTime" : {
        "part" : 20199619,
        "total" : 29761730260
      },
      "totalNumberOfFiles" : 742,
      "totalNumberOfFilesIndexedByExtensions" : 0,
      "totalFilesSize" : 1401049,
      "indexValueChangerEvaluationSpeed" : {
        "totalBytes" : 1401049,
        "totalCpuTime" : 20199619
      }
    }, {
      "indexId" : "HtmlScriptSrcIndex",
      "partOfTotalIndexingTime" : {
        "part" : 18982039,
        "total" : 29761730260
      },
      "totalNumberOfFiles" : 754,
      "totalNumberOfFilesIndexedByExtensions" : 0,
      "totalFilesSize" : 1411229,
      "indexValueChangerEvaluationSpeed" : {
        "totalBytes" : 1411229,
        "totalCpuTime" : 18982039
      }
    }, {
      "indexId" : "php.class.fqn",
      "partOfTotalIndexingTime" : {
        "part" : 17252403,
        "total" : 29761730260
      },
      "totalNumberOfFiles" : 742,
      "totalNumberOfFilesIndexedByExtensions" : 0,
      "totalFilesSize" : 1401049,
      "indexValueChangerEvaluationSpeed" : {
        "totalBytes" : 1401049,
        "totalCpuTime" : 17252403
      }
    }, {
      "indexId" : "php.variable.name",
      "partOfTotalIndexingTime" : {
        "part" : 15558762,
        "total" : 29761730260
      },
      "totalNumberOfFiles" : 742,
      "totalNumberOfFilesIndexedByExtensions" : 0,
      "totalFilesSize" : 1401049,
      "indexValueChangerEvaluationSpeed" : {
        "totalBytes" : 1401049,
        "totalCpuTime" : 15558762
      }
    }, {
      "indexId" : "php.constants.default.expected.arguments",
      "partOfTotalIndexingTime" : {
        "part" : 11243851,
        "total" : 29761730260
      },
      "totalNumberOfFiles" : 742,
      "totalNumberOfFilesIndexedByExtensions" : 0,
      "totalFilesSize" : 1401049,
      "indexValueChangerEvaluationSpeed" : {
        "totalBytes" : 1401049,
        "totalCpuTime" : 11243851
      }
    }, {
      "indexId" : "php.file.constants.default.value.matchers",
      "partOfTotalIndexingTime" : {
        "part" : 11127456,
        "total" : 29761730260
      },
      "totalNumberOfFiles" : 742,
      "totalNumberOfFilesIndexedByExtensions" : 0,
      "totalFilesSize" : 1401049,
      "indexValueChangerEvaluationSpeed" : {
        "totalBytes" : 1401049,
        "totalCpuTime" : 11127456
      }
    }, {
      "indexId" : "php.class.alias.name",
      "partOfTotalIndexingTime" : {
        "part" : 10604405,
        "total" : 29761730260
      },
      "totalNumberOfFiles" : 742,
      "totalNumberOfFilesIndexedByExtensions" : 0,
      "totalFilesSize" : 1401049,
      "indexValueChangerEvaluationSpeed" : {
        "totalBytes" : 1401049,
        "totalCpuTime" : 10604405
      }
    }, {
      "indexId" : "php.function.name",
      "partOfTotalIndexingTime" : {
        "part" : 9813360,
        "total" : 29761730260
      },
      "totalNumberOfFiles" : 742,
      "totalNumberOfFilesIndexedByExtensions" : 0,
      "totalFilesSize" : 1401049,
      "indexValueChangerEvaluationSpeed" : {
        "totalBytes" : 1401049,
        "totalCpuTime" : 9813360
      }
    }, {
      "indexId" : "php.interface.fqn",
      "partOfTotalIndexingTime" : {
        "part" : 9081133,
        "total" : 29761730260
      },
      "totalNumberOfFiles" : 742,
      "totalNumberOfFilesIndexedByExtensions" : 0,
      "totalFilesSize" : 1401049,
      "indexValueChangerEvaluationSpeed" : {
        "totalBytes" : 1401049,
        "totalCpuTime" : 9081133
      }
    }, {
      "indexId" : "org.jetbrains.kotlin.idea.versions.KotlinJsMetadataVersionIndex",
      "partOfTotalIndexingTime" : {
        "part" : 7653582,
        "total" : 29761730260
      },
      "totalNumberOfFiles" : 6,
      "totalNumberOfFilesIndexedByExtensions" : 0,
      "totalFilesSize" : 544532,
      "indexValueChangerEvaluationSpeed" : {
        "totalBytes" : 544532,
        "totalCpuTime" : 7653582
      }
    }, {
      "indexId" : "php.class.alias.to.class",
      "partOfTotalIndexingTime" : {
        "part" : 6540359,
        "total" : 29761730260
      },
      "totalNumberOfFiles" : 742,
      "totalNumberOfFilesIndexedByExtensions" : 0,
      "totalFilesSize" : 1401049,
      "indexValueChangerEvaluationSpeed" : {
        "totalBytes" : 1401049,
        "totalCpuTime" : 6540359
      }
    }, {
      "indexId" : "php.constant.name",
      "partOfTotalIndexingTime" : {
        "part" : 5267912,
        "total" : 29761730260
      },
      "totalNumberOfFiles" : 742,
      "totalNumberOfFilesIndexedByExtensions" : 0,
      "totalFilesSize" : 1401049,
      "indexValueChangerEvaluationSpeed" : {
        "totalBytes" : 1401049,
        "totalCpuTime" : 5267912
      }
    }, {
      "indexId" : "XmlTagNames",
      "partOfTotalIndexingTime" : {
        "part" : 3141031,
        "total" : 29761730260
      },
      "totalNumberOfFiles" : 1,
      "totalNumberOfFilesIndexedByExtensions" : 0,
      "totalFilesSize" : 4761,
      "indexValueChangerEvaluationSpeed" : {
        "totalBytes" : 4761,
        "totalCpuTime" : 3141031
      }
    }, {
      "indexId" : "php.class.to.class.alias",
      "partOfTotalIndexingTime" : {
        "part" : 3135470,
        "total" : 29761730260
      },
      "totalNumberOfFiles" : 742,
      "totalNumberOfFilesIndexedByExtensions" : 0,
      "totalFilesSize" : 1401049,
      "indexValueChangerEvaluationSpeed" : {
        "totalBytes" : 1401049,
        "totalCpuTime" : 3135470
      }
    }, {
      "indexId" : "SchemaTypeInheritance",
      "partOfTotalIndexingTime" : {
        "part" : 2573329,
        "total" : 29761730260
      },
      "totalNumberOfFiles" : 1,
      "totalNumberOfFilesIndexedByExtensions" : 0,
      "totalFilesSize" : 4761,
      "indexValueChangerEvaluationSpeed" : {
        "totalBytes" : 4761,
        "totalCpuTime" : 2573329
      }
    }, {
      "indexId" : "XmlNamespaces",
      "partOfTotalIndexingTime" : {
        "part" : 1887300,
        "total" : 29761730260
      },
      "totalNumberOfFiles" : 1,
      "totalNumberOfFilesIndexedByExtensions" : 0,
      "totalFilesSize" : 4761,
      "indexValueChangerEvaluationSpeed" : {
        "totalBytes" : 4761,
        "totalCpuTime" : 1887300
      }
    }, {
      "indexId" : "DomFileIndex",
      "partOfTotalIndexingTime" : {
        "part" : 1797965,
        "total" : 29761730260
      },
      "totalNumberOfFiles" : 1,
      "totalNumberOfFilesIndexedByExtensions" : 0,
      "totalFilesSize" : 4761,
      "indexValueChangerEvaluationSpeed" : {
        "totalBytes" : 4761,
        "totalCpuTime" : 1797965
      }
    }, {
      "indexId" : "DjangoBlockInheritanceIndex",
      "partOfTotalIndexingTime" : {
        "part" : 1339544,
        "total" : 29761730260
      },
      "totalNumberOfFiles" : 1,
      "totalNumberOfFilesIndexedByExtensions" : 0,
      "totalFilesSize" : 4761,
      "indexValueChangerEvaluationSpeed" : {
        "totalBytes" : 4761,
        "totalCpuTime" : 1339544
      }
    }, {
      "indexId" : "FrameworkDetectionIndex",
      "partOfTotalIndexingTime" : {
        "part" : 433311,
        "total" : 29761730260
      },
      "totalNumberOfFiles" : 1,
      "totalNumberOfFilesIndexedByExtensions" : 0,
      "totalFilesSize" : 4761,
      "indexValueChangerEvaluationSpeed" : {
        "totalBytes" : 4761,
        "totalCpuTime" : 433311
      }
    }, {
      "indexId" : "SpringXmlBeansIndex",
      "partOfTotalIndexingTime" : {
        "part" : 187698,
        "total" : 29761730260
      },
      "totalNumberOfFiles" : 1,
      "totalNumberOfFilesIndexedByExtensions" : 0,
      "totalFilesSize" : 4761,
      "indexValueChangerEvaluationSpeed" : {
        "totalBytes" : 4761,
        "totalCpuTime" : 187698
      }
    }, {
      "indexId" : "js.string.literal.words.index",
      "partOfTotalIndexingTime" : {
        "part" : 161679,
        "total" : 29761730260
      },
      "totalNumberOfFiles" : 6,
      "totalNumberOfFilesIndexedByExtensions" : 0,
      "totalFilesSize" : 544532,
      "indexValueChangerEvaluationSpeed" : {
        "totalBytes" : 544532,
        "totalCpuTime" : 161679
      }
    }, {
      "indexId" : "XsltSymbolIndex",
      "partOfTotalIndexingTime" : {
        "part" : 153556,
        "total" : 29761730260
      },
      "totalNumberOfFiles" : 1,
      "totalNumberOfFilesIndexedByExtensions" : 0,
      "totalFilesSize" : 4761,
      "indexValueChangerEvaluationSpeed" : {
        "totalBytes" : 4761,
        "totalCpuTime" : 153556
      }
    }, {
      "indexId" : "RelaxSymbolIndex",
      "partOfTotalIndexingTime" : {
        "part" : 102053,
        "total" : 29761730260
      },
      "totalNumberOfFiles" : 1,
      "totalNumberOfFilesIndexedByExtensions" : 0,
      "totalFilesSize" : 4761,
      "indexValueChangerEvaluationSpeed" : {
        "totalBytes" : 4761,
        "totalCpuTime" : 102053
      }
    } ],
    "statisticsOfChangedDuringIndexingFiles" : {
      "numberOfFiles" : 768,
      "retrievingTime" : 5768600
    },
    "fileProviderStatistics" : [ {
      "providerName" : "Refreshed files",
      "totalNumberOfIndexedFiles" : 768,
      "totalNumberOfFilesFullyIndexedByExtensions" : 0,
      "totalNumberOfNothingToWriteFiles" : 0,
      "totalIndexingVisibleTime" : 12369887479,
      "contentLoadingVisibleTime" : 207448116,
      "numberOfTooLargeForIndexingFiles" : 0,
      "slowIndexedFiles" : [ {
        "fileName" : "MetadataCollection.php",
        "processingTime" : 541783607,
        "evaluationOfIndexValueChangerTime" : 539815742,
        "contentLoadingTime" : 277212
      }, {
        "fileName" : "AbstractObjectNormalizer.php",
        "processingTime" : 795759807,
        "evaluationOfIndexValueChangerTime" : 770435161,
        "contentLoadingTime" : 1061689
      }, {
        "fileName" : "RequiresSetting.php",
        "processingTime" : 842125647,
        "evaluationOfIndexValueChangerTime" : 717724561,
        "contentLoadingTime" : 994079
      }, {
        "fileName" : "CoversDefaultClass.php",
        "processingTime" : 879342495,
        "evaluationOfIndexValueChangerTime" : 164024700,
        "contentLoadingTime" : 567910
      }, {
        "fileName" : "Group.php",
        "processingTime" : 834417723,
        "evaluationOfIndexValueChangerTime" : 6559379,
        "contentLoadingTime" : 211275
      }, {
        "fileName" : "jquery.min.js",
        "processingTime" : 1016403384,
        "evaluationOfIndexValueChangerTime" : 1004156358,
        "contentLoadingTime" : 1048000
      }, {
        "fileName" : "bootstrap.min.js",
        "processingTime" : 1724270304,
        "evaluationOfIndexValueChangerTime" : 1718554479,
        "contentLoadingTime" : 1120837
      }, {
        "fileName" : "d3.min.js",
        "processingTime" : 3105881496,
        "evaluationOfIndexValueChangerTime" : 3071315775,
        "contentLoadingTime" : 2128800
      }, {
        "fileName" : "nv.d3.min.js",
        "processingTime" : 4160704653,
        "evaluationOfIndexValueChangerTime" : 4138447045,
        "contentLoadingTime" : 2131697
      }, {
        "fileName" : "bootstrap.min.css",
        "processingTime" : 1727796982,
        "evaluationOfIndexValueChangerTime" : 1712943072,
        "contentLoadingTime" : 3223822
      } ],
      "filesFullyIndexedByExtensions" : [ ],
      "separateApplyingIndexesVisibleTime" : 1336495958
    } ],
    "visibleTimeToAllThreadTimeRatio" : 0.34510839637320545
  }
}