{
  "appInfo" : {
    "build" : "233.11799.241",
    "buildDate" : "2023-12-02T05:05:00Z[UTC]",
    "productCode" : "IU",
    "generated" : "2024-01-23T14:56:50.509659Z",
    "os" : "macOS 13.6",
    "runtime" : "JetBrains s.r.o. 17.0.9 17.0.9+7-b1087.7"
  },
  "runtimeInfo" : {
    "maxMemory" : 3170893824,
    "numberOfProcessors" : 4,
    "maxNumberOfIndexingThreads" : 3,
    "maxSizeOfFileForIntelliSense" : 2560000,
    "maxSizeOfFileForContentLoading" : 20971520
  },
  "type" : "DumbIndexing",
  "projectIndexingActivityHistory" : {
    "projectName" : "backend",
    "times" : {
      "scanningIds" : [ 17 ],
      "contentLoadingVisibleTime" : 1169047,
      "retrievingChangedDuringIndexingFilesTime" : 56206,
      "separateApplyingIndexesVisibleTime" : 4586,
      "updatingStart" : "2024-01-23T14:56:49.222001Z",
      "updatingEnd" : "2024-01-23T14:56:49.232416Z",
      "totalWallTimeWithPauses" : 10414189,
      "wallTimeOnPause" : 0,
      "wasInterrupted" : false,
      "dumbWallTimeWithoutPauses" : 10414189,
      "dumbWallTimeWithPauses" : 10414189,
      "dumbModeStart" : "2024-01-23T14:56:49.222001Z",
      "totalWallTimeWithoutPauses" : 10414189
    },
    "fileCount" : {
      "numberOfChangedDuringIndexingFiles" : 0,
      "numberOfFilesIndexedByInfrastructureExtensionsDuringIndexingStage" : 0,
      "numberOfFilesIndexedWithLoadingContent" : 2,
      "numberOfNothingToWriteFiles" : 2
    },
    "totalStatsPerFileType" : [ {
      "fileType" : "PHP",
      "partOfTotalProcessingTime" : {
        "part" : 9826746,
        "total" : 9826746
      },
      "partOfTotalContentLoadingTime" : {
        "part" : 1841221,
        "total" : 1841221
      },
      "totalNumberOfFiles" : 2,
      "totalFilesSize" : 43502,
      "totalProcessingSpeed" : {
        "totalBytes" : 43502,
        "totalCpuTime" : 9826746
      },
      "biggestContributors" : [ {
        "providerName" : "Module 'backend' (all roots)",
        "numberOfFiles" : 2,
        "totalFilesSize" : 43502,
        "partOfTotalProcessingTimeOfThisFileType" : {
          "part" : 9826746,
          "total" : 9826746
        }
      } ]
    } ],
    "totalStatsPerBaseLanguage" : [ {
      "language" : "PHP",
      "partOfTotalProcessingTime" : {
        "part" : 9826746,
        "total" : 9826746
      },
      "partOfTotalContentLoadingTime" : {
        "part" : 3682442,
        "total" : 1841221
      },
      "totalNumberOfFiles" : 2,
      "totalFilesSize" : 43502,
      "totalProcessingSpeed" : {
        "totalBytes" : 43502,
        "totalCpuTime" : 9826746
      }
    } ],
    "totalStatsPerIndexer" : [ ],
    "statisticsOfChangedDuringIndexingFiles" : {
      "numberOfFiles" : 0,
      "retrievingTime" : 56206
    },
    "fileProviderStatistics" : [ {
      "providerName" : "Module 'backend' (all roots)",
      "totalNumberOfIndexedFiles" : 2,
      "totalNumberOfFilesFullyIndexedByExtensions" : 0,
      "totalNumberOfNothingToWriteFiles" : 2,
      "totalIndexingVisibleTime" : 6239300,
      "contentLoadingVisibleTime" : 1169047,
      "numberOfTooLargeForIndexingFiles" : 0,
      "slowIndexedFiles" : [ ],
      "filesFullyIndexedByExtensions" : [ ],
      "separateApplyingIndexesVisibleTime" : 4586
    }, {
      "providerName" : "Refreshed files",
      "totalNumberOfIndexedFiles" : 0,
      "totalNumberOfFilesFullyIndexedByExtensions" : 0,
      "totalNumberOfNothingToWriteFiles" : 0,
      "totalIndexingVisibleTime" : 0,
      "contentLoadingVisibleTime" : 0,
      "numberOfTooLargeForIndexingFiles" : 0,
      "slowIndexedFiles" : [ ],
      "filesFullyIndexedByExtensions" : [ ],
      "separateApplyingIndexesVisibleTime" : 0
    } ],
    "visibleTimeToAllThreadTimeRatio" : 0.0
  }
}