{
  "appInfo" : {
    "build" : "233.11799.241",
    "buildDate" : "2023-12-02T05:05:00Z[UTC]",
    "productCode" : "IU",
    "generated" : "2024-01-08T19:41:54.72165Z",
    "os" : "macOS 13.6",
    "runtime" : "JetBrains s.r.o. 17.0.9 17.0.9+7-b1087.7"
  },
  "runtimeInfo" : {
    "maxMemory" : 3170893824,
    "numberOfProcessors" : 4,
    "maxNumberOfIndexingThreads" : 3,
    "maxSizeOfFileForIntelliSense" : 2560000,
    "maxSizeOfFileForContentLoading" : 20971520
  },
  "type" : "DumbIndexing",
  "projectIndexingActivityHistory" : {
    "projectName" : "backend",
    "times" : {
      "scanningIds" : [ 3 ],
      "contentLoadingVisibleTime" : 388940,
      "retrievingChangedDuringIndexingFilesTime" : 19086,
      "separateApplyingIndexesVisibleTime" : 14428,
      "updatingStart" : "2024-01-08T19:41:54.254401Z",
      "updatingEnd" : "2024-01-08T19:41:54.258934Z",
      "totalWallTimeWithPauses" : 4533682,
      "wallTimeOnPause" : 0,
      "wasInterrupted" : false,
      "dumbModeStart" : "2024-01-08T19:41:54.254401Z",
      "dumbWallTimeWithPauses" : 4533682,
      "dumbWallTimeWithoutPauses" : 4533682,
      "totalWallTimeWithoutPauses" : 4533682
    },
    "fileCount" : {
      "numberOfChangedDuringIndexingFiles" : 0,
      "numberOfFilesIndexedByInfrastructureExtensionsDuringIndexingStage" : 0,
      "numberOfFilesIndexedWithLoadingContent" : 9,
      "numberOfNothingToWriteFiles" : 9
    },
    "totalStatsPerFileType" : [ {
      "fileType" : "PHP",
      "partOfTotalProcessingTime" : {
        "part" : 6692599,
        "total" : 6692599
      },
      "partOfTotalContentLoadingTime" : {
        "part" : 932402,
        "total" : 932402
      },
      "totalNumberOfFiles" : 9,
      "totalFilesSize" : 31999,
      "totalProcessingSpeed" : {
        "totalBytes" : 31999,
        "totalCpuTime" : 6692599
      },
      "biggestContributors" : [ {
        "providerName" : "Module 'backend' (all roots)",
        "numberOfFiles" : 9,
        "totalFilesSize" : 31999,
        "partOfTotalProcessingTimeOfThisFileType" : {
          "part" : 6692599,
          "total" : 6692599
        }
      } ]
    } ],
    "totalStatsPerBaseLanguage" : [ {
      "language" : "PHP",
      "partOfTotalProcessingTime" : {
        "part" : 6692599,
        "total" : 6692599
      },
      "partOfTotalContentLoadingTime" : {
        "part" : 1864804,
        "total" : 932402
      },
      "totalNumberOfFiles" : 9,
      "totalFilesSize" : 31999,
      "totalProcessingSpeed" : {
        "totalBytes" : 31999,
        "totalCpuTime" : 6692599
      }
    } ],
    "totalStatsPerIndexer" : [ ],
    "statisticsOfChangedDuringIndexingFiles" : {
      "numberOfFiles" : 0,
      "retrievingTime" : 19086
    },
    "fileProviderStatistics" : [ {
      "providerName" : "Module 'backend' (all roots)",
      "totalNumberOfIndexedFiles" : 9,
      "totalNumberOfFilesFullyIndexedByExtensions" : 0,
      "totalNumberOfNothingToWriteFiles" : 9,
      "totalIndexingVisibleTime" : 2791742,
      "contentLoadingVisibleTime" : 388940,
      "numberOfTooLargeForIndexingFiles" : 0,
      "slowIndexedFiles" : [ ],
      "filesFullyIndexedByExtensions" : [ ],
      "separateApplyingIndexesVisibleTime" : 14428
    }, {
      "providerName" : "Refreshed files",
      "totalNumberOfIndexedFiles" : 0,
      "totalNumberOfFilesFullyIndexedByExtensions" : 0,
      "totalNumberOfNothingToWriteFiles" : 0,
      "totalIndexingVisibleTime" : 0,
      "contentLoadingVisibleTime" : 0,
      "numberOfTooLargeForIndexingFiles" : 0,
      "slowIndexedFiles" : [ ],
      "filesFullyIndexedByExtensions" : [ ],
      "separateApplyingIndexesVisibleTime" : 0
    } ],
    "visibleTimeToAllThreadTimeRatio" : 0.0
  }
}