{
  "appInfo" : {
    "build" : "233.11799.241",
    "buildDate" : "2023-12-02T05:05:00Z[UTC]",
    "productCode" : "IU",
    "generated" : "2024-01-06T17:00:20.744957Z",
    "os" : "macOS 13.6",
    "runtime" : "JetBrains s.r.o. 17.0.9 17.0.9+7-b1087.7"
  },
  "runtimeInfo" : {
    "maxMemory" : 3170893824,
    "numberOfProcessors" : 4,
    "maxNumberOfIndexingThreads" : 3,
    "maxSizeOfFileForIntelliSense" : 2560000,
    "maxSizeOfFileForContentLoading" : 20971520
  },
  "type" : "DumbIndexing",
  "projectIndexingActivityHistory" : {
    "projectName" : "backend",
    "times" : {
      "scanningIds" : [ ],
      "contentLoadingVisibleTime" : 58539755,
      "retrievingChangedDuringIndexingFilesTime" : 4973807,
      "separateApplyingIndexesVisibleTime" : 1079617880,
      "updatingStart" : "2024-01-06T17:00:14.148685Z",
      "updatingEnd" : "2024-01-06T17:00:20.743679Z",
      "totalWallTimeWithPauses" : 6594903426,
      "wallTimeOnPause" : 0,
      "wasInterrupted" : false,
      "dumbWallTimeWithPauses" : 6594903426,
      "dumbWallTimeWithoutPauses" : 6594903426,
      "dumbModeStart" : "2024-01-06T17:00:14.148685Z",
      "totalWallTimeWithoutPauses" : 6594903426
    },
    "fileCount" : {
      "numberOfChangedDuringIndexingFiles" : 463,
      "numberOfFilesIndexedByInfrastructureExtensionsDuringIndexingStage" : 0,
      "numberOfFilesIndexedWithLoadingContent" : 463,
      "numberOfNothingToWriteFiles" : 0
    },
    "totalStatsPerFileType" : [ {
      "fileType" : "PHP",
      "partOfTotalProcessingTime" : {
        "part" : 18476114427,
        "total" : 19490810048
      },
      "partOfTotalContentLoadingTime" : {
        "part" : 146709761,
        "total" : 173303831
      },
      "totalNumberOfFiles" : 398,
      "totalFilesSize" : 1857947,
      "totalProcessingSpeed" : {
        "totalBytes" : 1857947,
        "totalCpuTime" : 18476114427
      },
      "biggestContributors" : [ {
        "providerName" : "Refreshed files",
        "numberOfFiles" : 398,
        "totalFilesSize" : 1857947,
        "partOfTotalProcessingTimeOfThisFileType" : {
          "part" : 18476114427,
          "total" : 18476114427
        }
      } ]
    }, {
      "fileType" : "Markdown",
      "partOfTotalProcessingTime" : {
        "part" : 397676501,
        "total" : 19490810048
      },
      "partOfTotalContentLoadingTime" : {
        "part" : 10577648,
        "total" : 173303831
      },
      "totalNumberOfFiles" : 21,
      "totalFilesSize" : 78535,
      "totalProcessingSpeed" : {
        "totalBytes" : 78535,
        "totalCpuTime" : 397676501
      },
      "biggestContributors" : [ {
        "providerName" : "Refreshed files",
        "numberOfFiles" : 21,
        "totalFilesSize" : 78535,
        "partOfTotalProcessingTimeOfThisFileType" : {
          "part" : 397676501,
          "total" : 397676501
        }
      } ]
    }, {
      "fileType" : "JSON",
      "partOfTotalProcessingTime" : {
        "part" : 359331813,
        "total" : 19490810048
      },
      "partOfTotalContentLoadingTime" : {
        "part" : 4447777,
        "total" : 173303831
      },
      "totalNumberOfFiles" : 11,
      "totalFilesSize" : 421576,
      "totalProcessingSpeed" : {
        "totalBytes" : 421576,
        "totalCpuTime" : 359331813
      },
      "biggestContributors" : [ {
        "providerName" : "Refreshed files",
        "numberOfFiles" : 11,
        "totalFilesSize" : 421576,
        "partOfTotalProcessingTimeOfThisFileType" : {
          "part" : 359331813,
          "total" : 359331813
        }
      } ]
    }, {
      "fileType" : "XML",
      "partOfTotalProcessingTime" : {
        "part" : 212288745,
        "total" : 19490810048
      },
      "partOfTotalContentLoadingTime" : {
        "part" : 5144805,
        "total" : 173303831
      },
      "totalNumberOfFiles" : 5,
      "totalFilesSize" : 85699,
      "totalProcessingSpeed" : {
        "totalBytes" : 85699,
        "totalCpuTime" : 212288745
      },
      "biggestContributors" : [ {
        "providerName" : "Refreshed files",
        "numberOfFiles" : 5,
        "totalFilesSize" : 85699,
        "partOfTotalProcessingTimeOfThisFileType" : {
          "part" : 212288745,
          "total" : 212288745
        }
      } ]
    }, {
      "fileType" : "PLAIN_TEXT",
      "partOfTotalProcessingTime" : {
        "part" : 45398562,
        "total" : 19490810048
      },
      "partOfTotalContentLoadingTime" : {
        "part" : 6423840,
        "total" : 173303831
      },
      "totalNumberOfFiles" : 28,
      "totalFilesSize" : 43244,
      "totalProcessingSpeed" : {
        "totalBytes" : 43244,
        "totalCpuTime" : 45398562
      },
      "biggestContributors" : [ {
        "providerName" : "Refreshed files",
        "numberOfFiles" : 28,
        "totalFilesSize" : 43244,
        "partOfTotalProcessingTimeOfThisFileType" : {
          "part" : 45398562,
          "total" : 45398562
        }
      } ]
    } ],
    "totalStatsPerBaseLanguage" : [ {
      "language" : "PHP",
      "partOfTotalProcessingTime" : {
        "part" : 18476114427,
        "total" : 19490810048
      },
      "partOfTotalContentLoadingTime" : {
        "part" : 320013592,
        "total" : 173303831
      },
      "totalNumberOfFiles" : 398,
      "totalFilesSize" : 1857947,
      "totalProcessingSpeed" : {
        "totalBytes" : 1857947,
        "totalCpuTime" : 18476114427
      }
    }, {
      "language" : "Markdown",
      "partOfTotalProcessingTime" : {
        "part" : 397676501,
        "total" : 19490810048
      },
      "partOfTotalContentLoadingTime" : {
        "part" : 183881479,
        "total" : 173303831
      },
      "totalNumberOfFiles" : 21,
      "totalFilesSize" : 78535,
      "totalProcessingSpeed" : {
        "totalBytes" : 78535,
        "totalCpuTime" : 397676501
      }
    }, {
      "language" : "JSON",
      "partOfTotalProcessingTime" : {
        "part" : 359331813,
        "total" : 19490810048
      },
      "partOfTotalContentLoadingTime" : {
        "part" : 177751608,
        "total" : 173303831
      },
      "totalNumberOfFiles" : 11,
      "totalFilesSize" : 421576,
      "totalProcessingSpeed" : {
        "totalBytes" : 421576,
        "totalCpuTime" : 359331813
      }
    }, {
      "language" : "XML",
      "partOfTotalProcessingTime" : {
        "part" : 212288745,
        "total" : 19490810048
      },
      "partOfTotalContentLoadingTime" : {
        "part" : 178448636,
        "total" : 173303831
      },
      "totalNumberOfFiles" : 5,
      "totalFilesSize" : 85699,
      "totalProcessingSpeed" : {
        "totalBytes" : 85699,
        "totalCpuTime" : 212288745
      }
    }, {
      "language" : "TEXT",
      "partOfTotalProcessingTime" : {
        "part" : 45398562,
        "total" : 19490810048
      },
      "partOfTotalContentLoadingTime" : {
        "part" : 179727671,
        "total" : 173303831
      },
      "totalNumberOfFiles" : 28,
      "totalFilesSize" : 43244,
      "totalProcessingSpeed" : {
        "totalBytes" : 43244,
        "totalCpuTime" : 45398562
      }
    } ],
    "totalStatsPerIndexer" : [ {
      "indexId" : "Stubs",
      "partOfTotalIndexingTime" : {
        "part" : 4871028978,
        "total" : 12922406230
      },
      "totalNumberOfFiles" : 424,
      "totalNumberOfFilesIndexedByExtensions" : 0,
      "totalFilesSize" : 2022181,
      "indexValueChangerEvaluationSpeed" : {
        "totalBytes" : 2022181,
        "totalCpuTime" : 4871028978
      }
    }, {
      "indexId" : "php.invoke.calls.offsets",
      "partOfTotalIndexingTime" : {
        "part" : 1911659398,
        "total" : 12922406230
      },
      "totalNumberOfFiles" : 398,
      "totalNumberOfFilesIndexedByExtensions" : 0,
      "totalFilesSize" : 1857947,
      "indexValueChangerEvaluationSpeed" : {
        "totalBytes" : 1857947,
        "totalCpuTime" : 1911659398
      }
    }, {
      "indexId" : "php.class.name",
      "partOfTotalIndexingTime" : {
        "part" : 1156589369,
        "total" : 12922406230
      },
      "totalNumberOfFiles" : 398,
      "totalNumberOfFilesIndexedByExtensions" : 0,
      "totalFilesSize" : 1857947,
      "indexValueChangerEvaluationSpeed" : {
        "totalBytes" : 1857947,
        "totalCpuTime" : 1156589369
      }
    }, {
      "indexId" : "php.max.language.level",
      "partOfTotalIndexingTime" : {
        "part" : 856850003,
        "total" : 12922406230
      },
      "totalNumberOfFiles" : 398,
      "totalNumberOfFilesIndexedByExtensions" : 0,
      "totalFilesSize" : 1857947,
      "indexValueChangerEvaluationSpeed" : {
        "totalBytes" : 1857947,
        "totalCpuTime" : 856850003
      }
    }, {
      "indexId" : "IdIndex",
      "partOfTotalIndexingTime" : {
        "part" : 782946047,
        "total" : 12922406230
      },
      "totalNumberOfFiles" : 463,
      "totalNumberOfFilesIndexedByExtensions" : 0,
      "totalFilesSize" : 2487001,
      "indexValueChangerEvaluationSpeed" : {
        "totalBytes" : 2487001,
        "totalCpuTime" : 782946047
      }
    }, {
      "indexId" : "php.doctag.user.name",
      "partOfTotalIndexingTime" : {
        "part" : 403925480,
        "total" : 12922406230
      },
      "totalNumberOfFiles" : 398,
      "totalNumberOfFilesIndexedByExtensions" : 0,
      "totalFilesSize" : 1857947,
      "indexValueChangerEvaluationSpeed" : {
        "totalBytes" : 1857947,
        "totalCpuTime" : 403925480
      }
    }, {
      "indexId" : "CssIndex",
      "partOfTotalIndexingTime" : {
        "part" : 370990371,
        "total" : 12922406230
      },
      "totalNumberOfFiles" : 398,
      "totalNumberOfFilesIndexedByExtensions" : 0,
      "totalFilesSize" : 1857947,
      "indexValueChangerEvaluationSpeed" : {
        "totalBytes" : 1857947,
        "totalCpuTime" : 370990371
      }
    }, {
      "indexId" : "SwReferencesIndex",
      "partOfTotalIndexingTime" : {
        "part" : 209916806,
        "total" : 12922406230
      },
      "totalNumberOfFiles" : 11,
      "totalNumberOfFilesIndexedByExtensions" : 0,
      "totalFilesSize" : 421576,
      "indexValueChangerEvaluationSpeed" : {
        "totalBytes" : 421576,
        "totalCpuTime" : 209916806
      }
    }, {
      "indexId" : "css.template.selectors",
      "partOfTotalIndexingTime" : {
        "part" : 176908160,
        "total" : 12922406230
      },
      "totalNumberOfFiles" : 398,
      "totalNumberOfFilesIndexedByExtensions" : 0,
      "totalFilesSize" : 1857947,
      "indexValueChangerEvaluationSpeed" : {
        "totalBytes" : 1857947,
        "totalCpuTime" : 176908160
      }
    }, {
      "indexId" : "php.function.parameters.used.as.regexp",
      "partOfTotalIndexingTime" : {
        "part" : 153130862,
        "total" : 12922406230
      },
      "totalNumberOfFiles" : 398,
      "totalNumberOfFilesIndexedByExtensions" : 0,
      "totalFilesSize" : 1857947,
      "indexValueChangerEvaluationSpeed" : {
        "totalBytes" : 1857947,
        "totalCpuTime" : 153130862
      }
    }, {
      "indexId" : "Trigram.Index",
      "partOfTotalIndexingTime" : {
        "part" : 149708551,
        "total" : 12922406230
      },
      "totalNumberOfFiles" : 463,
      "totalNumberOfFilesIndexedByExtensions" : 0,
      "totalFilesSize" : 2487001,
      "indexValueChangerEvaluationSpeed" : {
        "totalBytes" : 2487001,
        "totalCpuTime" : 149708551
      }
    }, {
      "indexId" : "php.array.shapes.entries",
      "partOfTotalIndexingTime" : {
        "part" : 144790857,
        "total" : 12922406230
      },
      "totalNumberOfFiles" : 398,
      "totalNumberOfFilesIndexedByExtensions" : 0,
      "totalFilesSize" : 1857947,
      "indexValueChangerEvaluationSpeed" : {
        "totalBytes" : 1857947,
        "totalCpuTime" : 144790857
      }
    }, {
      "indexId" : "php.global.assignment.index",
      "partOfTotalIndexingTime" : {
        "part" : 133866306,
        "total" : 12922406230
      },
      "totalNumberOfFiles" : 398,
      "totalNumberOfFilesIndexedByExtensions" : 0,
      "totalFilesSize" : 1857947,
      "indexValueChangerEvaluationSpeed" : {
        "totalBytes" : 1857947,
        "totalCpuTime" : 133866306
      }
    }, {
      "indexId" : "php.method.name",
      "partOfTotalIndexingTime" : {
        "part" : 122257589,
        "total" : 12922406230
      },
      "totalNumberOfFiles" : 398,
      "totalNumberOfFilesIndexedByExtensions" : 0,
      "totalFilesSize" : 1857947,
      "indexValueChangerEvaluationSpeed" : {
        "totalBytes" : 1857947,
        "totalCpuTime" : 122257589
      }
    }, {
      "indexId" : "php.generator.operands.type.index",
      "partOfTotalIndexingTime" : {
        "part" : 94314514,
        "total" : 12922406230
      },
      "totalNumberOfFiles" : 398,
      "totalNumberOfFilesIndexedByExtensions" : 0,
      "totalFilesSize" : 1857947,
      "indexValueChangerEvaluationSpeed" : {
        "totalBytes" : 1857947,
        "totalCpuTime" : 94314514
      }
    }, {
      "indexId" : "php.generic.template.index",
      "partOfTotalIndexingTime" : {
        "part" : 88020897,
        "total" : 12922406230
      },
      "totalNumberOfFiles" : 398,
      "totalNumberOfFilesIndexedByExtensions" : 0,
      "totalFilesSize" : 1857947,
      "indexValueChangerEvaluationSpeed" : {
        "totalBytes" : 1857947,
        "totalCpuTime" : 88020897
      }
    }, {
      "indexId" : "php.expected.function.arguments",
      "partOfTotalIndexingTime" : {
        "part" : 83614563,
        "total" : 12922406230
      },
      "totalNumberOfFiles" : 398,
      "totalNumberOfFilesIndexedByExtensions" : 0,
      "totalFilesSize" : 1857947,
      "indexValueChangerEvaluationSpeed" : {
        "totalBytes" : 1857947,
        "totalCpuTime" : 83614563
      }
    }, {
      "indexId" : "php.not.used.parameters",
      "partOfTotalIndexingTime" : {
        "part" : 74241371,
        "total" : 12922406230
      },
      "totalNumberOfFiles" : 398,
      "totalNumberOfFilesIndexedByExtensions" : 0,
      "totalFilesSize" : 1857947,
      "indexValueChangerEvaluationSpeed" : {
        "totalBytes" : 1857947,
        "totalCpuTime" : 74241371
      }
    }, {
      "indexId" : "php.field.names.accessed.by.the.constructor",
      "partOfTotalIndexingTime" : {
        "part" : 73107592,
        "total" : 12922406230
      },
      "totalNumberOfFiles" : 398,
      "totalNumberOfFilesIndexedByExtensions" : 0,
      "totalFilesSize" : 1857947,
      "indexValueChangerEvaluationSpeed" : {
        "totalBytes" : 1857947,
        "totalCpuTime" : 73107592
      }
    }, {
      "indexId" : "php.class.alias.fqn",
      "partOfTotalIndexingTime" : {
        "part" : 72387699,
        "total" : 12922406230
      },
      "totalNumberOfFiles" : 398,
      "totalNumberOfFilesIndexedByExtensions" : 0,
      "totalFilesSize" : 1857947,
      "indexValueChangerEvaluationSpeed" : {
        "totalBytes" : 1857947,
        "totalCpuTime" : 72387699
      }
    }, {
      "indexId" : "php.fields.default.value.matchers",
      "partOfTotalIndexingTime" : {
        "part" : 66502916,
        "total" : 12922406230
      },
      "totalNumberOfFiles" : 398,
      "totalNumberOfFilesIndexedByExtensions" : 0,
      "totalFilesSize" : 1857947,
      "indexValueChangerEvaluationSpeed" : {
        "totalBytes" : 1857947,
        "totalCpuTime" : 66502916
      }
    }, {
      "indexId" : "php.used.parameters.array.keys",
      "partOfTotalIndexingTime" : {
        "part" : 64443731,
        "total" : 12922406230
      },
      "totalNumberOfFiles" : 398,
      "totalNumberOfFilesIndexedByExtensions" : 0,
      "totalFilesSize" : 1857947,
      "indexValueChangerEvaluationSpeed" : {
        "totalBytes" : 1857947,
        "totalCpuTime" : 64443731
      }
    }, {
      "indexId" : "php.parameters.default.value.matchers",
      "partOfTotalIndexingTime" : {
        "part" : 61800518,
        "total" : 12922406230
      },
      "totalNumberOfFiles" : 398,
      "totalNumberOfFilesIndexedByExtensions" : 0,
      "totalFilesSize" : 1857947,
      "indexValueChangerEvaluationSpeed" : {
        "totalBytes" : 1857947,
        "totalCpuTime" : 61800518
      }
    }, {
      "indexId" : "php.func.get.arg.usage.index",
      "partOfTotalIndexingTime" : {
        "part" : 61524797,
        "total" : 12922406230
      },
      "totalNumberOfFiles" : 398,
      "totalNumberOfFilesIndexedByExtensions" : 0,
      "totalFilesSize" : 1857947,
      "indexValueChangerEvaluationSpeed" : {
        "totalBytes" : 1857947,
        "totalCpuTime" : 61524797
      }
    }, {
      "indexId" : "XmlNamespaces",
      "partOfTotalIndexingTime" : {
        "part" : 51828477,
        "total" : 12922406230
      },
      "totalNumberOfFiles" : 5,
      "totalNumberOfFilesIndexedByExtensions" : 0,
      "totalFilesSize" : 85699,
      "indexValueChangerEvaluationSpeed" : {
        "totalBytes" : 85699,
        "totalCpuTime" : 51828477
      }
    }, {
      "indexId" : "SchemaTypeInheritance",
      "partOfTotalIndexingTime" : {
        "part" : 51088547,
        "total" : 12922406230
      },
      "totalNumberOfFiles" : 5,
      "totalNumberOfFilesIndexedByExtensions" : 0,
      "totalFilesSize" : 85699,
      "indexValueChangerEvaluationSpeed" : {
        "totalBytes" : 85699,
        "totalCpuTime" : 51088547
      }
    }, {
      "indexId" : "php.inferred.meta.pattern.index",
      "partOfTotalIndexingTime" : {
        "part" : 47517196,
        "total" : 12922406230
      },
      "totalNumberOfFiles" : 398,
      "totalNumberOfFilesIndexedByExtensions" : 0,
      "totalFilesSize" : 1857947,
      "indexValueChangerEvaluationSpeed" : {
        "totalBytes" : 1857947,
        "totalCpuTime" : 47517196
      }
    }, {
      "indexId" : "php.functions.with.not.catched.dynamic.passed.calls",
      "partOfTotalIndexingTime" : {
        "part" : 43333733,
        "total" : 12922406230
      },
      "totalNumberOfFiles" : 398,
      "totalNumberOfFilesIndexedByExtensions" : 0,
      "totalFilesSize" : 1857947,
      "indexValueChangerEvaluationSpeed" : {
        "totalBytes" : 1857947,
        "totalCpuTime" : 43333733
      }
    }, {
      "indexId" : "php.serialize.function.calls.offsets",
      "partOfTotalIndexingTime" : {
        "part" : 33611444,
        "total" : 12922406230
      },
      "totalNumberOfFiles" : 398,
      "totalNumberOfFilesIndexedByExtensions" : 0,
      "totalFilesSize" : 1857947,
      "indexValueChangerEvaluationSpeed" : {
        "totalBytes" : 1857947,
        "totalCpuTime" : 33611444
      }
    }, {
      "indexId" : "php.constants.default.expected.arguments",
      "partOfTotalIndexingTime" : {
        "part" : 32478971,
        "total" : 12922406230
      },
      "totalNumberOfFiles" : 398,
      "totalNumberOfFilesIndexedByExtensions" : 0,
      "totalFilesSize" : 1857947,
      "indexValueChangerEvaluationSpeed" : {
        "totalBytes" : 1857947,
        "totalCpuTime" : 32478971
      }
    }, {
      "indexId" : "espend.php.annotation.usage",
      "partOfTotalIndexingTime" : {
        "part" : 32178026,
        "total" : 12922406230
      },
      "totalNumberOfFiles" : 398,
      "totalNumberOfFilesIndexedByExtensions" : 0,
      "totalFilesSize" : 1857947,
      "indexValueChangerEvaluationSpeed" : {
        "totalBytes" : 1857947,
        "totalCpuTime" : 32178026
      }
    }, {
      "indexId" : "XmlTagNames",
      "partOfTotalIndexingTime" : {
        "part" : 29841232,
        "total" : 12922406230
      },
      "totalNumberOfFiles" : 5,
      "totalNumberOfFilesIndexedByExtensions" : 0,
      "totalFilesSize" : 85699,
      "indexValueChangerEvaluationSpeed" : {
        "totalBytes" : 85699,
        "totalCpuTime" : 29841232
      }
    }, {
      "indexId" : "php.unit.covers",
      "partOfTotalIndexingTime" : {
        "part" : 29279986,
        "total" : 12922406230
      },
      "totalNumberOfFiles" : 398,
      "totalNumberOfFilesIndexedByExtensions" : 0,
      "totalFilesSize" : 1857947,
      "indexValueChangerEvaluationSpeed" : {
        "totalBytes" : 1857947,
        "totalCpuTime" : 29279986
      }
    }, {
      "indexId" : "php.array.access.offsets",
      "partOfTotalIndexingTime" : {
        "part" : 28582997,
        "total" : 12922406230
      },
      "totalNumberOfFiles" : 398,
      "totalNumberOfFilesIndexedByExtensions" : 0,
      "totalFilesSize" : 1857947,
      "indexValueChangerEvaluationSpeed" : {
        "totalBytes" : 1857947,
        "totalCpuTime" : 28582997
      }
    }, {
      "indexId" : "php.constants.default.array.shapes",
      "partOfTotalIndexingTime" : {
        "part" : 27196713,
        "total" : 12922406230
      },
      "totalNumberOfFiles" : 398,
      "totalNumberOfFilesIndexedByExtensions" : 0,
      "totalFilesSize" : 1857947,
      "indexValueChangerEvaluationSpeed" : {
        "totalBytes" : 1857947,
        "totalCpuTime" : 27196713
      }
    }, {
      "indexId" : "js.custom.single.entry.index",
      "partOfTotalIndexingTime" : {
        "part" : 26833213,
        "total" : 12922406230
      },
      "totalNumberOfFiles" : 398,
      "totalNumberOfFilesIndexedByExtensions" : 0,
      "totalFilesSize" : 1857947,
      "indexValueChangerEvaluationSpeed" : {
        "totalBytes" : 1857947,
        "totalCpuTime" : 26833213
      }
    }, {
      "indexId" : "espend.php.annotation.classes",
      "partOfTotalIndexingTime" : {
        "part" : 25820948,
        "total" : 12922406230
      },
      "totalNumberOfFiles" : 398,
      "totalNumberOfFilesIndexedByExtensions" : 0,
      "totalFilesSize" : 1857947,
      "indexValueChangerEvaluationSpeed" : {
        "totalBytes" : 1857947,
        "totalCpuTime" : 25820948
      }
    }, {
      "indexId" : "php.expected.function.return.values",
      "partOfTotalIndexingTime" : {
        "part" : 20302950,
        "total" : 12922406230
      },
      "totalNumberOfFiles" : 398,
      "totalNumberOfFilesIndexedByExtensions" : 0,
      "totalFilesSize" : 1857947,
      "indexValueChangerEvaluationSpeed" : {
        "totalBytes" : 1857947,
        "totalCpuTime" : 20302950
      }
    }, {
      "indexId" : "php.exit.point.function.index",
      "partOfTotalIndexingTime" : {
        "part" : 19862697,
        "total" : 12922406230
      },
      "totalNumberOfFiles" : 398,
      "totalNumberOfFilesIndexedByExtensions" : 0,
      "totalFilesSize" : 1857947,
      "indexValueChangerEvaluationSpeed" : {
        "totalBytes" : 1857947,
        "totalCpuTime" : 19862697
      }
    }, {
      "indexId" : "HtmlTagIdIndex",
      "partOfTotalIndexingTime" : {
        "part" : 19411029,
        "total" : 12922406230
      },
      "totalNumberOfFiles" : 398,
      "totalNumberOfFilesIndexedByExtensions" : 0,
      "totalFilesSize" : 1857947,
      "indexValueChangerEvaluationSpeed" : {
        "totalBytes" : 1857947,
        "totalCpuTime" : 19411029
      }
    }, {
      "indexId" : "php.doc.type.aliases.index",
      "partOfTotalIndexingTime" : {
        "part" : 18163843,
        "total" : 12922406230
      },
      "totalNumberOfFiles" : 398,
      "totalNumberOfFilesIndexedByExtensions" : 0,
      "totalFilesSize" : 1857947,
      "indexValueChangerEvaluationSpeed" : {
        "totalBytes" : 1857947,
        "totalCpuTime" : 18163843
      }
    }, {
      "indexId" : "php.class.attributes.name",
      "partOfTotalIndexingTime" : {
        "part" : 16022593,
        "total" : 12922406230
      },
      "totalNumberOfFiles" : 398,
      "totalNumberOfFilesIndexedByExtensions" : 0,
      "totalFilesSize" : 1857947,
      "indexValueChangerEvaluationSpeed" : {
        "totalBytes" : 1857947,
        "totalCpuTime" : 16022593
      }
    }, {
      "indexId" : "php.function.always.re",
      "partOfTotalIndexingTime" : {
        "part" : 14379601,
        "total" : 12922406230
      },
      "totalNumberOfFiles" : 398,
      "totalNumberOfFilesIndexedByExtensions" : 0,
      "totalFilesSize" : 1857947,
      "indexValueChangerEvaluationSpeed" : {
        "totalBytes" : 1857947,
        "totalCpuTime" : 14379601
      }
    }, {
      "indexId" : "php.unit.data.providers",
      "partOfTotalIndexingTime" : {
        "part" : 14194199,
        "total" : 12922406230
      },
      "totalNumberOfFiles" : 398,
      "totalNumberOfFilesIndexedByExtensions" : 0,
      "totalFilesSize" : 1857947,
      "indexValueChangerEvaluationSpeed" : {
        "totalBytes" : 1857947,
        "totalCpuTime" : 14194199
      }
    }, {
      "indexId" : "php.trait.usage",
      "partOfTotalIndexingTime" : {
        "part" : 13744759,
        "total" : 12922406230
      },
      "totalNumberOfFiles" : 398,
      "totalNumberOfFilesIndexedByExtensions" : 0,
      "totalFilesSize" : 1857947,
      "indexValueChangerEvaluationSpeed" : {
        "totalBytes" : 1857947,
        "totalCpuTime" : 13744759
      }
    }, {
      "indexId" : "php.aliased.trait.method.name",
      "partOfTotalIndexingTime" : {
        "part" : 13405590,
        "total" : 12922406230
      },
      "totalNumberOfFiles" : 398,
      "totalNumberOfFilesIndexedByExtensions" : 0,
      "totalFilesSize" : 1857947,
      "indexValueChangerEvaluationSpeed" : {
        "totalBytes" : 1857947,
        "totalCpuTime" : 13405590
      }
    }, {
      "indexId" : "php.constant.name",
      "partOfTotalIndexingTime" : {
        "part" : 11987673,
        "total" : 12922406230
      },
      "totalNumberOfFiles" : 398,
      "totalNumberOfFilesIndexedByExtensions" : 0,
      "totalFilesSize" : 1857947,
      "indexValueChangerEvaluationSpeed" : {
        "totalBytes" : 1857947,
        "totalCpuTime" : 11987673
      }
    }, {
      "indexId" : "php.meta.type.inference.mapping",
      "partOfTotalIndexingTime" : {
        "part" : 11416729,
        "total" : 12922406230
      },
      "totalNumberOfFiles" : 1,
      "totalNumberOfFilesIndexedByExtensions" : 0,
      "totalFilesSize" : 765,
      "indexValueChangerEvaluationSpeed" : {
        "totalBytes" : 765,
        "totalCpuTime" : 11416729
      }
    }, {
      "indexId" : "json.file.root.values",
      "partOfTotalIndexingTime" : {
        "part" : 10874621,
        "total" : 12922406230
      },
      "totalNumberOfFiles" : 11,
      "totalNumberOfFilesIndexedByExtensions" : 0,
      "totalFilesSize" : 421576,
      "indexValueChangerEvaluationSpeed" : {
        "totalBytes" : 421576,
        "totalCpuTime" : 10874621
      }
    }, {
      "indexId" : "php.putenv.arguments",
      "partOfTotalIndexingTime" : {
        "part" : 10075975,
        "total" : 12922406230
      },
      "totalNumberOfFiles" : 398,
      "totalNumberOfFilesIndexedByExtensions" : 0,
      "totalFilesSize" : 1857947,
      "indexValueChangerEvaluationSpeed" : {
        "totalBytes" : 1857947,
        "totalCpuTime" : 10075975
      }
    }, {
      "indexId" : "OpenapiSpecificationContentIndexer",
      "partOfTotalIndexingTime" : {
        "part" : 9673929,
        "total" : 12922406230
      },
      "totalNumberOfFiles" : 11,
      "totalNumberOfFilesIndexedByExtensions" : 0,
      "totalFilesSize" : 421576,
      "indexValueChangerEvaluationSpeed" : {
        "totalBytes" : 421576,
        "totalCpuTime" : 9673929
      }
    }, {
      "indexId" : "FrameworkDetectionIndex",
      "partOfTotalIndexingTime" : {
        "part" : 9232747,
        "total" : 12922406230
      },
      "totalNumberOfFiles" : 16,
      "totalNumberOfFilesIndexedByExtensions" : 0,
      "totalFilesSize" : 507275,
      "indexValueChangerEvaluationSpeed" : {
        "totalBytes" : 507275,
        "totalCpuTime" : 9232747
      }
    }, {
      "indexId" : "php.class.fqn",
      "partOfTotalIndexingTime" : {
        "part" : 9110798,
        "total" : 12922406230
      },
      "totalNumberOfFiles" : 398,
      "totalNumberOfFilesIndexedByExtensions" : 0,
      "totalFilesSize" : 1857947,
      "indexValueChangerEvaluationSpeed" : {
        "totalBytes" : 1857947,
        "totalCpuTime" : 9110798
      }
    }, {
      "indexId" : "php.namespace.inheritance",
      "partOfTotalIndexingTime" : {
        "part" : 7944863,
        "total" : 12922406230
      },
      "totalNumberOfFiles" : 398,
      "totalNumberOfFilesIndexedByExtensions" : 0,
      "totalFilesSize" : 1857947,
      "indexValueChangerEvaluationSpeed" : {
        "totalBytes" : 1857947,
        "totalCpuTime" : 7944863
      }
    }, {
      "indexId" : "php.file.constants.default.value.matchers",
      "partOfTotalIndexingTime" : {
        "part" : 6263427,
        "total" : 12922406230
      },
      "totalNumberOfFiles" : 398,
      "totalNumberOfFilesIndexedByExtensions" : 0,
      "totalFilesSize" : 1857947,
      "indexValueChangerEvaluationSpeed" : {
        "totalBytes" : 1857947,
        "totalCpuTime" : 6263427
      }
    }, {
      "indexId" : "HashFragmentIndex",
      "partOfTotalIndexingTime" : {
        "part" : 5791550,
        "total" : 12922406230
      },
      "totalNumberOfFiles" : 2,
      "totalNumberOfFilesIndexedByExtensions" : 0,
      "totalFilesSize" : 7016,
      "indexValueChangerEvaluationSpeed" : {
        "totalBytes" : 7016,
        "totalCpuTime" : 5791550
      }
    }, {
      "indexId" : "HtmlScriptSrcIndex",
      "partOfTotalIndexingTime" : {
        "part" : 4834751,
        "total" : 12922406230
      },
      "totalNumberOfFiles" : 398,
      "totalNumberOfFilesIndexedByExtensions" : 0,
      "totalFilesSize" : 1857947,
      "indexValueChangerEvaluationSpeed" : {
        "totalBytes" : 1857947,
        "totalCpuTime" : 4834751
      }
    }, {
      "indexId" : "fileIncludes",
      "partOfTotalIndexingTime" : {
        "part" : 4375343,
        "total" : 12922406230
      },
      "totalNumberOfFiles" : 5,
      "totalNumberOfFilesIndexedByExtensions" : 0,
      "totalFilesSize" : 85699,
      "indexValueChangerEvaluationSpeed" : {
        "totalBytes" : 85699,
        "totalCpuTime" : 4375343
      }
    }, {
      "indexId" : "php.class.alias.to.class",
      "partOfTotalIndexingTime" : {
        "part" : 4281808,
        "total" : 12922406230
      },
      "totalNumberOfFiles" : 398,
      "totalNumberOfFilesIndexedByExtensions" : 0,
      "totalFilesSize" : 1857947,
      "indexValueChangerEvaluationSpeed" : {
        "totalBytes" : 1857947,
        "totalCpuTime" : 4281808
      }
    }, {
      "indexId" : "DomFileIndex",
      "partOfTotalIndexingTime" : {
        "part" : 3821141,
        "total" : 12922406230
      },
      "totalNumberOfFiles" : 5,
      "totalNumberOfFilesIndexedByExtensions" : 0,
      "totalFilesSize" : 85699,
      "indexValueChangerEvaluationSpeed" : {
        "totalBytes" : 85699,
        "totalCpuTime" : 3821141
      }
    }, {
      "indexId" : "php.interface.fqn",
      "partOfTotalIndexingTime" : {
        "part" : 3761778,
        "total" : 12922406230
      },
      "totalNumberOfFiles" : 398,
      "totalNumberOfFilesIndexedByExtensions" : 0,
      "totalFilesSize" : 1857947,
      "indexValueChangerEvaluationSpeed" : {
        "totalBytes" : 1857947,
        "totalCpuTime" : 3761778
      }
    }, {
      "indexId" : "php.function.name",
      "partOfTotalIndexingTime" : {
        "part" : 3346119,
        "total" : 12922406230
      },
      "totalNumberOfFiles" : 398,
      "totalNumberOfFilesIndexedByExtensions" : 0,
      "totalFilesSize" : 1857947,
      "indexValueChangerEvaluationSpeed" : {
        "totalBytes" : 1857947,
        "totalCpuTime" : 3346119
      }
    }, {
      "indexId" : "php.class.alias.name",
      "partOfTotalIndexingTime" : {
        "part" : 3335107,
        "total" : 12922406230
      },
      "totalNumberOfFiles" : 398,
      "totalNumberOfFilesIndexedByExtensions" : 0,
      "totalFilesSize" : 1857947,
      "indexValueChangerEvaluationSpeed" : {
        "totalBytes" : 1857947,
        "totalCpuTime" : 3335107
      }
    }, {
      "indexId" : "php.variable.name",
      "partOfTotalIndexingTime" : {
        "part" : 2347276,
        "total" : 12922406230
      },
      "totalNumberOfFiles" : 398,
      "totalNumberOfFilesIndexedByExtensions" : 0,
      "totalFilesSize" : 1857947,
      "indexValueChangerEvaluationSpeed" : {
        "totalBytes" : 1857947,
        "totalCpuTime" : 2347276
      }
    }, {
      "indexId" : "php.class.to.class.alias",
      "partOfTotalIndexingTime" : {
        "part" : 2093120,
        "total" : 12922406230
      },
      "totalNumberOfFiles" : 398,
      "totalNumberOfFilesIndexedByExtensions" : 0,
      "totalFilesSize" : 1857947,
      "indexValueChangerEvaluationSpeed" : {
        "totalBytes" : 1857947,
        "totalCpuTime" : 2093120
      }
    }, {
      "indexId" : "RelaxSymbolIndex",
      "partOfTotalIndexingTime" : {
        "part" : 1230050,
        "total" : 12922406230
      },
      "totalNumberOfFiles" : 5,
      "totalNumberOfFilesIndexedByExtensions" : 0,
      "totalFilesSize" : 85699,
      "indexValueChangerEvaluationSpeed" : {
        "totalBytes" : 85699,
        "totalCpuTime" : 1230050
      }
    }, {
      "indexId" : "SpringXmlBeansIndex",
      "partOfTotalIndexingTime" : {
        "part" : 1198323,
        "total" : 12922406230
      },
      "totalNumberOfFiles" : 5,
      "totalNumberOfFilesIndexedByExtensions" : 0,
      "totalFilesSize" : 85699,
      "indexValueChangerEvaluationSpeed" : {
        "totalBytes" : 85699,
        "totalCpuTime" : 1198323
      }
    }, {
      "indexId" : "XsltSymbolIndex",
      "partOfTotalIndexingTime" : {
        "part" : 1027789,
        "total" : 12922406230
      },
      "totalNumberOfFiles" : 5,
      "totalNumberOfFilesIndexedByExtensions" : 0,
      "totalFilesSize" : 85699,
      "indexValueChangerEvaluationSpeed" : {
        "totalBytes" : 85699,
        "totalCpuTime" : 1027789
      }
    }, {
      "indexId" : "DjangoBlockInheritanceIndex",
      "partOfTotalIndexingTime" : {
        "part" : 775194,
        "total" : 12922406230
      },
      "totalNumberOfFiles" : 5,
      "totalNumberOfFilesIndexedByExtensions" : 0,
      "totalFilesSize" : 85699,
      "indexValueChangerEvaluationSpeed" : {
        "totalBytes" : 85699,
        "totalCpuTime" : 775194
      }
    } ],
    "statisticsOfChangedDuringIndexingFiles" : {
      "numberOfFiles" : 463,
      "retrievingTime" : 4973807
    },
    "fileProviderStatistics" : [ {
      "providerName" : "Refreshed files",
      "totalNumberOfIndexedFiles" : 463,
      "totalNumberOfFilesFullyIndexedByExtensions" : 0,
      "totalNumberOfNothingToWriteFiles" : 0,
      "totalIndexingVisibleTime" : 6583739341,
      "contentLoadingVisibleTime" : 58539755,
      "numberOfTooLargeForIndexingFiles" : 0,
      "slowIndexedFiles" : [ {
        "fileName" : "Functions.php",
        "processingTime" : 521639454,
        "evaluationOfIndexValueChangerTime" : 513245377,
        "contentLoadingTime" : 1032766
      }, {
        "fileName" : "Configuration.php",
        "processingTime" : 523339420,
        "evaluationOfIndexValueChangerTime" : 518560289,
        "contentLoadingTime" : 721979
      }, {
        "fileName" : "Chunk.php",
        "processingTime" : 565841456,
        "evaluationOfIndexValueChangerTime" : 33273474,
        "contentLoadingTime" : 272103
      }, {
        "fileName" : "autoload_classmap.php",
        "processingTime" : 588906134,
        "evaluationOfIndexValueChangerTime" : 292476146,
        "contentLoadingTime" : 354256
      }, {
        "fileName" : "MemoryEfficientLongestCommonSubsequenceCalculator.php",
        "processingTime" : 803233771,
        "evaluationOfIndexValueChangerTime" : 24762073,
        "contentLoadingTime" : 281689
      }, {
        "fileName" : "autoload_static.php",
        "processingTime" : 2323280755,
        "evaluationOfIndexValueChangerTime" : 559622347,
        "contentLoadingTime" : 234850
      }, {
        "fileName" : "Differ.php",
        "processingTime" : 678136656,
        "evaluationOfIndexValueChangerTime" : 67280986,
        "contentLoadingTime" : 340745
      }, {
        "fileName" : "Line.php",
        "processingTime" : 811293632,
        "evaluationOfIndexValueChangerTime" : 17172385,
        "contentLoadingTime" : 574810
      }, {
        "fileName" : "Configuration.php",
        "processingTime" : 742620699,
        "evaluationOfIndexValueChangerTime" : 737914462,
        "contentLoadingTime" : 840413
      } ],
      "filesFullyIndexedByExtensions" : [ ],
      "separateApplyingIndexesVisibleTime" : 1079617880
    } ],
    "visibleTimeToAllThreadTimeRatio" : 0.33778685056117375
  }
}