{
  "appInfo" : {
    "build" : "233.11799.241",
    "buildDate" : "2023-12-02T05:05:00Z[UTC]",
    "productCode" : "IU",
    "generated" : "2024-01-20T17:39:32.128231Z",
    "os" : "macOS 13.6",
    "runtime" : "JetBrains s.r.o. 17.0.9 17.0.9+7-b1087.7"
  },
  "runtimeInfo" : {
    "maxMemory" : 3170893824,
    "numberOfProcessors" : 4,
    "maxNumberOfIndexingThreads" : 3,
    "maxSizeOfFileForIntelliSense" : 2560000,
    "maxSizeOfFileForContentLoading" : 20971520
  },
  "type" : "DumbIndexing",
  "projectIndexingActivityHistory" : {
    "projectName" : "backend",
    "times" : {
      "scanningIds" : [ 10 ],
      "contentLoadingVisibleTime" : 7004294,
      "retrievingChangedDuringIndexingFilesTime" : 64300,
      "separateApplyingIndexesVisibleTime" : 15034816,
      "updatingStart" : "2024-01-20T17:39:30.536069Z",
      "updatingEnd" : "2024-01-20T17:39:32.126493Z",
      "totalWallTimeWithPauses" : 1590396057,
      "wallTimeOnPause" : 0,
      "wasInterrupted" : false,
      "dumbModeStart" : "2024-01-20T17:39:30.536069Z",
      "dumbWallTimeWithPauses" : 1590396057,
      "dumbWallTimeWithoutPauses" : 1590396057,
      "totalWallTimeWithoutPauses" : 1590396057
    },
    "fileCount" : {
      "numberOfChangedDuringIndexingFiles" : 0,
      "numberOfFilesIndexedByInfrastructureExtensionsDuringIndexingStage" : 0,
      "numberOfFilesIndexedWithLoadingContent" : 9,
      "numberOfNothingToWriteFiles" : 1
    },
    "totalStatsPerFileType" : [ {
      "fileType" : "PHP",
      "partOfTotalProcessingTime" : {
        "part" : 2057361793,
        "total" : 2091222925
      },
      "partOfTotalContentLoadingTime" : {
        "part" : 8767838,
        "total" : 9218582
      },
      "totalNumberOfFiles" : 7,
      "totalFilesSize" : 67938,
      "totalProcessingSpeed" : {
        "totalBytes" : 67938,
        "totalCpuTime" : 2057361793
      },
      "biggestContributors" : [ {
        "providerName" : "Module 'backend' (all roots)",
        "numberOfFiles" : 7,
        "totalFilesSize" : 67938,
        "partOfTotalProcessingTimeOfThisFileType" : {
          "part" : 2057361793,
          "total" : 2057361793
        }
      } ]
    }, {
      "fileType" : "JSON",
      "partOfTotalProcessingTime" : {
        "part" : 20239452,
        "total" : 2091222925
      },
      "partOfTotalContentLoadingTime" : {
        "part" : 314031,
        "total" : 9218582
      },
      "totalNumberOfFiles" : 1,
      "totalFilesSize" : 15459,
      "totalProcessingSpeed" : {
        "totalBytes" : 15459,
        "totalCpuTime" : 20239452
      },
      "biggestContributors" : [ {
        "providerName" : "Module 'backend' (all roots)",
        "numberOfFiles" : 1,
        "totalFilesSize" : 15459,
        "partOfTotalProcessingTimeOfThisFileType" : {
          "part" : 20239452,
          "total" : 20239452
        }
      } ]
    }, {
      "fileType" : "SQL",
      "partOfTotalProcessingTime" : {
        "part" : 13621680,
        "total" : 2091222925
      },
      "partOfTotalContentLoadingTime" : {
        "part" : 136713,
        "total" : 9218582
      },
      "totalNumberOfFiles" : 1,
      "totalFilesSize" : 0,
      "totalProcessingSpeed" : {
        "totalBytes" : 0,
        "totalCpuTime" : 13621680
      },
      "biggestContributors" : [ {
        "providerName" : "Custom kind roots from entity (db, extensions, empty)",
        "numberOfFiles" : 1,
        "totalFilesSize" : 0,
        "partOfTotalProcessingTimeOfThisFileType" : {
          "part" : 13621680,
          "total" : 13621680
        }
      } ]
    } ],
    "totalStatsPerBaseLanguage" : [ {
      "language" : "PHP",
      "partOfTotalProcessingTime" : {
        "part" : 2057361793,
        "total" : 2091222925
      },
      "partOfTotalContentLoadingTime" : {
        "part" : 17986420,
        "total" : 9218582
      },
      "totalNumberOfFiles" : 7,
      "totalFilesSize" : 67938,
      "totalProcessingSpeed" : {
        "totalBytes" : 67938,
        "totalCpuTime" : 2057361793
      }
    }, {
      "language" : "JSON",
      "partOfTotalProcessingTime" : {
        "part" : 20239452,
        "total" : 2091222925
      },
      "partOfTotalContentLoadingTime" : {
        "part" : 9532613,
        "total" : 9218582
      },
      "totalNumberOfFiles" : 1,
      "totalFilesSize" : 15459,
      "totalProcessingSpeed" : {
        "totalBytes" : 15459,
        "totalCpuTime" : 20239452
      }
    }, {
      "language" : "MariaDB",
      "partOfTotalProcessingTime" : {
        "part" : 13621680,
        "total" : 2091222925
      },
      "partOfTotalContentLoadingTime" : {
        "part" : 9355295,
        "total" : 9218582
      },
      "totalNumberOfFiles" : 1,
      "totalFilesSize" : 0,
      "totalProcessingSpeed" : {
        "totalBytes" : 0,
        "totalCpuTime" : 13621680
      }
    }, {
      "language" : "SQL",
      "partOfTotalProcessingTime" : {
        "part" : 13621680,
        "total" : 2091222925
      },
      "partOfTotalContentLoadingTime" : {
        "part" : 9355295,
        "total" : 9218582
      },
      "totalNumberOfFiles" : 1,
      "totalFilesSize" : 0,
      "totalProcessingSpeed" : {
        "totalBytes" : 0,
        "totalCpuTime" : 13621680
      }
    } ],
    "totalStatsPerIndexer" : [ {
      "indexId" : "Stubs",
      "partOfTotalIndexingTime" : {
        "part" : 788514885,
        "total" : 1311668093
      },
      "totalNumberOfFiles" : 7,
      "totalNumberOfFilesIndexedByExtensions" : 0,
      "totalFilesSize" : 61028,
      "indexValueChangerEvaluationSpeed" : {
        "totalBytes" : 61028,
        "totalCpuTime" : 788514885
      }
    }, {
      "indexId" : "php.invoke.calls.offsets",
      "partOfTotalIndexingTime" : {
        "part" : 191445236,
        "total" : 1311668093
      },
      "totalNumberOfFiles" : 6,
      "totalNumberOfFilesIndexedByExtensions" : 0,
      "totalFilesSize" : 61028,
      "indexValueChangerEvaluationSpeed" : {
        "totalBytes" : 61028,
        "totalCpuTime" : 191445236
      }
    }, {
      "indexId" : "php.class.attributes.name",
      "partOfTotalIndexingTime" : {
        "part" : 66214239,
        "total" : 1311668093
      },
      "totalNumberOfFiles" : 6,
      "totalNumberOfFilesIndexedByExtensions" : 0,
      "totalFilesSize" : 61028,
      "indexValueChangerEvaluationSpeed" : {
        "totalBytes" : 61028,
        "totalCpuTime" : 66214239
      }
    }, {
      "indexId" : "IdIndex",
      "partOfTotalIndexingTime" : {
        "part" : 56683020,
        "total" : 1311668093
      },
      "totalNumberOfFiles" : 8,
      "totalNumberOfFilesIndexedByExtensions" : 0,
      "totalFilesSize" : 76487,
      "indexValueChangerEvaluationSpeed" : {
        "totalBytes" : 76487,
        "totalCpuTime" : 56683020
      }
    }, {
      "indexId" : "php.max.language.level",
      "partOfTotalIndexingTime" : {
        "part" : 41298077,
        "total" : 1311668093
      },
      "totalNumberOfFiles" : 6,
      "totalNumberOfFilesIndexedByExtensions" : 0,
      "totalFilesSize" : 61028,
      "indexValueChangerEvaluationSpeed" : {
        "totalBytes" : 61028,
        "totalCpuTime" : 41298077
      }
    }, {
      "indexId" : "php.global.assignment.index",
      "partOfTotalIndexingTime" : {
        "part" : 35414960,
        "total" : 1311668093
      },
      "totalNumberOfFiles" : 6,
      "totalNumberOfFilesIndexedByExtensions" : 0,
      "totalFilesSize" : 61028,
      "indexValueChangerEvaluationSpeed" : {
        "totalBytes" : 61028,
        "totalCpuTime" : 35414960
      }
    }, {
      "indexId" : "CssIndex",
      "partOfTotalIndexingTime" : {
        "part" : 27526673,
        "total" : 1311668093
      },
      "totalNumberOfFiles" : 6,
      "totalNumberOfFilesIndexedByExtensions" : 0,
      "totalFilesSize" : 61028,
      "indexValueChangerEvaluationSpeed" : {
        "totalBytes" : 61028,
        "totalCpuTime" : 27526673
      }
    }, {
      "indexId" : "css.template.selectors",
      "partOfTotalIndexingTime" : {
        "part" : 16432207,
        "total" : 1311668093
      },
      "totalNumberOfFiles" : 6,
      "totalNumberOfFilesIndexedByExtensions" : 0,
      "totalFilesSize" : 61028,
      "indexValueChangerEvaluationSpeed" : {
        "totalBytes" : 61028,
        "totalCpuTime" : 16432207
      }
    }, {
      "indexId" : "SwReferencesIndex",
      "partOfTotalIndexingTime" : {
        "part" : 13832699,
        "total" : 1311668093
      },
      "totalNumberOfFiles" : 1,
      "totalNumberOfFilesIndexedByExtensions" : 0,
      "totalFilesSize" : 15459,
      "indexValueChangerEvaluationSpeed" : {
        "totalBytes" : 15459,
        "totalCpuTime" : 13832699
      }
    }, {
      "indexId" : "php.array.shapes.entries",
      "partOfTotalIndexingTime" : {
        "part" : 11193484,
        "total" : 1311668093
      },
      "totalNumberOfFiles" : 6,
      "totalNumberOfFilesIndexedByExtensions" : 0,
      "totalFilesSize" : 61028,
      "indexValueChangerEvaluationSpeed" : {
        "totalBytes" : 61028,
        "totalCpuTime" : 11193484
      }
    }, {
      "indexId" : "php.doctag.user.name",
      "partOfTotalIndexingTime" : {
        "part" : 7869323,
        "total" : 1311668093
      },
      "totalNumberOfFiles" : 6,
      "totalNumberOfFilesIndexedByExtensions" : 0,
      "totalFilesSize" : 61028,
      "indexValueChangerEvaluationSpeed" : {
        "totalBytes" : 61028,
        "totalCpuTime" : 7869323
      }
    }, {
      "indexId" : "php.expected.function.return.values",
      "partOfTotalIndexingTime" : {
        "part" : 7425129,
        "total" : 1311668093
      },
      "totalNumberOfFiles" : 6,
      "totalNumberOfFilesIndexedByExtensions" : 0,
      "totalFilesSize" : 61028,
      "indexValueChangerEvaluationSpeed" : {
        "totalBytes" : 61028,
        "totalCpuTime" : 7425129
      }
    }, {
      "indexId" : "js.custom.single.entry.index",
      "partOfTotalIndexingTime" : {
        "part" : 6069028,
        "total" : 1311668093
      },
      "totalNumberOfFiles" : 6,
      "totalNumberOfFilesIndexedByExtensions" : 0,
      "totalFilesSize" : 61028,
      "indexValueChangerEvaluationSpeed" : {
        "totalBytes" : 61028,
        "totalCpuTime" : 6069028
      }
    }, {
      "indexId" : "php.class.name",
      "partOfTotalIndexingTime" : {
        "part" : 5903307,
        "total" : 1311668093
      },
      "totalNumberOfFiles" : 6,
      "totalNumberOfFilesIndexedByExtensions" : 0,
      "totalFilesSize" : 61028,
      "indexValueChangerEvaluationSpeed" : {
        "totalBytes" : 61028,
        "totalCpuTime" : 5903307
      }
    }, {
      "indexId" : "php.trait.usage",
      "partOfTotalIndexingTime" : {
        "part" : 3200154,
        "total" : 1311668093
      },
      "totalNumberOfFiles" : 6,
      "totalNumberOfFilesIndexedByExtensions" : 0,
      "totalFilesSize" : 61028,
      "indexValueChangerEvaluationSpeed" : {
        "totalBytes" : 61028,
        "totalCpuTime" : 3200154
      }
    }, {
      "indexId" : "php.function.parameters.used.as.regexp",
      "partOfTotalIndexingTime" : {
        "part" : 2642545,
        "total" : 1311668093
      },
      "totalNumberOfFiles" : 6,
      "totalNumberOfFilesIndexedByExtensions" : 0,
      "totalFilesSize" : 61028,
      "indexValueChangerEvaluationSpeed" : {
        "totalBytes" : 61028,
        "totalCpuTime" : 2642545
      }
    }, {
      "indexId" : "php.generator.operands.type.index",
      "partOfTotalIndexingTime" : {
        "part" : 2599409,
        "total" : 1311668093
      },
      "totalNumberOfFiles" : 6,
      "totalNumberOfFilesIndexedByExtensions" : 0,
      "totalFilesSize" : 61028,
      "indexValueChangerEvaluationSpeed" : {
        "totalBytes" : 61028,
        "totalCpuTime" : 2599409
      }
    }, {
      "indexId" : "php.generic.template.index",
      "partOfTotalIndexingTime" : {
        "part" : 2462271,
        "total" : 1311668093
      },
      "totalNumberOfFiles" : 6,
      "totalNumberOfFilesIndexedByExtensions" : 0,
      "totalFilesSize" : 61028,
      "indexValueChangerEvaluationSpeed" : {
        "totalBytes" : 61028,
        "totalCpuTime" : 2462271
      }
    }, {
      "indexId" : "Trigram.Index",
      "partOfTotalIndexingTime" : {
        "part" : 2438469,
        "total" : 1311668093
      },
      "totalNumberOfFiles" : 8,
      "totalNumberOfFilesIndexedByExtensions" : 0,
      "totalFilesSize" : 76487,
      "indexValueChangerEvaluationSpeed" : {
        "totalBytes" : 76487,
        "totalCpuTime" : 2438469
      }
    }, {
      "indexId" : "php.class.alias.fqn",
      "partOfTotalIndexingTime" : {
        "part" : 1795139,
        "total" : 1311668093
      },
      "totalNumberOfFiles" : 6,
      "totalNumberOfFilesIndexedByExtensions" : 0,
      "totalFilesSize" : 61028,
      "indexValueChangerEvaluationSpeed" : {
        "totalBytes" : 61028,
        "totalCpuTime" : 1795139
      }
    }, {
      "indexId" : "php.used.parameters.array.keys",
      "partOfTotalIndexingTime" : {
        "part" : 1229473,
        "total" : 1311668093
      },
      "totalNumberOfFiles" : 6,
      "totalNumberOfFilesIndexedByExtensions" : 0,
      "totalFilesSize" : 61028,
      "indexValueChangerEvaluationSpeed" : {
        "totalBytes" : 61028,
        "totalCpuTime" : 1229473
      }
    }, {
      "indexId" : "espend.php.annotation.classes",
      "partOfTotalIndexingTime" : {
        "part" : 1147418,
        "total" : 1311668093
      },
      "totalNumberOfFiles" : 6,
      "totalNumberOfFilesIndexedByExtensions" : 0,
      "totalFilesSize" : 61028,
      "indexValueChangerEvaluationSpeed" : {
        "totalBytes" : 61028,
        "totalCpuTime" : 1147418
      }
    }, {
      "indexId" : "php.not.used.parameters",
      "partOfTotalIndexingTime" : {
        "part" : 1118408,
        "total" : 1311668093
      },
      "totalNumberOfFiles" : 6,
      "totalNumberOfFilesIndexedByExtensions" : 0,
      "totalFilesSize" : 61028,
      "indexValueChangerEvaluationSpeed" : {
        "totalBytes" : 61028,
        "totalCpuTime" : 1118408
      }
    }, {
      "indexId" : "json.file.root.values",
      "partOfTotalIndexingTime" : {
        "part" : 1030684,
        "total" : 1311668093
      },
      "totalNumberOfFiles" : 1,
      "totalNumberOfFilesIndexedByExtensions" : 0,
      "totalFilesSize" : 15459,
      "indexValueChangerEvaluationSpeed" : {
        "totalBytes" : 15459,
        "totalCpuTime" : 1030684
      }
    }, {
      "indexId" : "php.aliased.trait.method.name",
      "partOfTotalIndexingTime" : {
        "part" : 1022763,
        "total" : 1311668093
      },
      "totalNumberOfFiles" : 6,
      "totalNumberOfFilesIndexedByExtensions" : 0,
      "totalFilesSize" : 61028,
      "indexValueChangerEvaluationSpeed" : {
        "totalBytes" : 61028,
        "totalCpuTime" : 1022763
      }
    }, {
      "indexId" : "php.parameters.default.value.matchers",
      "partOfTotalIndexingTime" : {
        "part" : 989222,
        "total" : 1311668093
      },
      "totalNumberOfFiles" : 6,
      "totalNumberOfFilesIndexedByExtensions" : 0,
      "totalFilesSize" : 61028,
      "indexValueChangerEvaluationSpeed" : {
        "totalBytes" : 61028,
        "totalCpuTime" : 989222
      }
    }, {
      "indexId" : "php.inferred.meta.pattern.index",
      "partOfTotalIndexingTime" : {
        "part" : 988460,
        "total" : 1311668093
      },
      "totalNumberOfFiles" : 6,
      "totalNumberOfFilesIndexedByExtensions" : 0,
      "totalFilesSize" : 61028,
      "indexValueChangerEvaluationSpeed" : {
        "totalBytes" : 61028,
        "totalCpuTime" : 988460
      }
    }, {
      "indexId" : "OpenapiSpecificationContentIndexer",
      "partOfTotalIndexingTime" : {
        "part" : 985509,
        "total" : 1311668093
      },
      "totalNumberOfFiles" : 1,
      "totalNumberOfFilesIndexedByExtensions" : 0,
      "totalFilesSize" : 15459,
      "indexValueChangerEvaluationSpeed" : {
        "totalBytes" : 15459,
        "totalCpuTime" : 985509
      }
    }, {
      "indexId" : "php.unit.data.providers",
      "partOfTotalIndexingTime" : {
        "part" : 852114,
        "total" : 1311668093
      },
      "totalNumberOfFiles" : 6,
      "totalNumberOfFilesIndexedByExtensions" : 0,
      "totalFilesSize" : 61028,
      "indexValueChangerEvaluationSpeed" : {
        "totalBytes" : 61028,
        "totalCpuTime" : 852114
      }
    }, {
      "indexId" : "php.expected.function.arguments",
      "partOfTotalIndexingTime" : {
        "part" : 824988,
        "total" : 1311668093
      },
      "totalNumberOfFiles" : 6,
      "totalNumberOfFilesIndexedByExtensions" : 0,
      "totalFilesSize" : 61028,
      "indexValueChangerEvaluationSpeed" : {
        "totalBytes" : 61028,
        "totalCpuTime" : 824988
      }
    }, {
      "indexId" : "php.field.names.accessed.by.the.constructor",
      "partOfTotalIndexingTime" : {
        "part" : 820250,
        "total" : 1311668093
      },
      "totalNumberOfFiles" : 6,
      "totalNumberOfFilesIndexedByExtensions" : 0,
      "totalFilesSize" : 61028,
      "indexValueChangerEvaluationSpeed" : {
        "totalBytes" : 61028,
        "totalCpuTime" : 820250
      }
    }, {
      "indexId" : "php.function.name",
      "partOfTotalIndexingTime" : {
        "part" : 763281,
        "total" : 1311668093
      },
      "totalNumberOfFiles" : 6,
      "totalNumberOfFilesIndexedByExtensions" : 0,
      "totalFilesSize" : 61028,
      "indexValueChangerEvaluationSpeed" : {
        "totalBytes" : 61028,
        "totalCpuTime" : 763281
      }
    }, {
      "indexId" : "php.functions.with.not.catched.dynamic.passed.calls",
      "partOfTotalIndexingTime" : {
        "part" : 683387,
        "total" : 1311668093
      },
      "totalNumberOfFiles" : 6,
      "totalNumberOfFilesIndexedByExtensions" : 0,
      "totalFilesSize" : 61028,
      "indexValueChangerEvaluationSpeed" : {
        "totalBytes" : 61028,
        "totalCpuTime" : 683387
      }
    }, {
      "indexId" : "php.func.get.arg.usage.index",
      "partOfTotalIndexingTime" : {
        "part" : 681703,
        "total" : 1311668093
      },
      "totalNumberOfFiles" : 6,
      "totalNumberOfFilesIndexedByExtensions" : 0,
      "totalFilesSize" : 61028,
      "indexValueChangerEvaluationSpeed" : {
        "totalBytes" : 61028,
        "totalCpuTime" : 681703
      }
    }, {
      "indexId" : "HtmlTagIdIndex",
      "partOfTotalIndexingTime" : {
        "part" : 680157,
        "total" : 1311668093
      },
      "totalNumberOfFiles" : 6,
      "totalNumberOfFilesIndexedByExtensions" : 0,
      "totalFilesSize" : 61028,
      "indexValueChangerEvaluationSpeed" : {
        "totalBytes" : 61028,
        "totalCpuTime" : 680157
      }
    }, {
      "indexId" : "php.exit.point.function.index",
      "partOfTotalIndexingTime" : {
        "part" : 661490,
        "total" : 1311668093
      },
      "totalNumberOfFiles" : 6,
      "totalNumberOfFilesIndexedByExtensions" : 0,
      "totalFilesSize" : 61028,
      "indexValueChangerEvaluationSpeed" : {
        "totalBytes" : 61028,
        "totalCpuTime" : 661490
      }
    }, {
      "indexId" : "php.namespace.inheritance",
      "partOfTotalIndexingTime" : {
        "part" : 643259,
        "total" : 1311668093
      },
      "totalNumberOfFiles" : 6,
      "totalNumberOfFilesIndexedByExtensions" : 0,
      "totalFilesSize" : 61028,
      "indexValueChangerEvaluationSpeed" : {
        "totalBytes" : 61028,
        "totalCpuTime" : 643259
      }
    }, {
      "indexId" : "php.method.name",
      "partOfTotalIndexingTime" : {
        "part" : 642465,
        "total" : 1311668093
      },
      "totalNumberOfFiles" : 6,
      "totalNumberOfFilesIndexedByExtensions" : 0,
      "totalFilesSize" : 61028,
      "indexValueChangerEvaluationSpeed" : {
        "totalBytes" : 61028,
        "totalCpuTime" : 642465
      }
    }, {
      "indexId" : "php.fields.default.value.matchers",
      "partOfTotalIndexingTime" : {
        "part" : 635504,
        "total" : 1311668093
      },
      "totalNumberOfFiles" : 6,
      "totalNumberOfFilesIndexedByExtensions" : 0,
      "totalFilesSize" : 61028,
      "indexValueChangerEvaluationSpeed" : {
        "totalBytes" : 61028,
        "totalCpuTime" : 635504
      }
    }, {
      "indexId" : "espend.php.annotation.usage",
      "partOfTotalIndexingTime" : {
        "part" : 598425,
        "total" : 1311668093
      },
      "totalNumberOfFiles" : 6,
      "totalNumberOfFilesIndexedByExtensions" : 0,
      "totalFilesSize" : 61028,
      "indexValueChangerEvaluationSpeed" : {
        "totalBytes" : 61028,
        "totalCpuTime" : 598425
      }
    }, {
      "indexId" : "php.serialize.function.calls.offsets",
      "partOfTotalIndexingTime" : {
        "part" : 569180,
        "total" : 1311668093
      },
      "totalNumberOfFiles" : 6,
      "totalNumberOfFilesIndexedByExtensions" : 0,
      "totalFilesSize" : 61028,
      "indexValueChangerEvaluationSpeed" : {
        "totalBytes" : 61028,
        "totalCpuTime" : 569180
      }
    }, {
      "indexId" : "php.unit.covers",
      "partOfTotalIndexingTime" : {
        "part" : 478159,
        "total" : 1311668093
      },
      "totalNumberOfFiles" : 6,
      "totalNumberOfFilesIndexedByExtensions" : 0,
      "totalFilesSize" : 61028,
      "indexValueChangerEvaluationSpeed" : {
        "totalBytes" : 61028,
        "totalCpuTime" : 478159
      }
    }, {
      "indexId" : "php.array.access.offsets",
      "partOfTotalIndexingTime" : {
        "part" : 411886,
        "total" : 1311668093
      },
      "totalNumberOfFiles" : 6,
      "totalNumberOfFilesIndexedByExtensions" : 0,
      "totalFilesSize" : 61028,
      "indexValueChangerEvaluationSpeed" : {
        "totalBytes" : 61028,
        "totalCpuTime" : 411886
      }
    }, {
      "indexId" : "php.variable.name",
      "partOfTotalIndexingTime" : {
        "part" : 329309,
        "total" : 1311668093
      },
      "totalNumberOfFiles" : 6,
      "totalNumberOfFilesIndexedByExtensions" : 0,
      "totalFilesSize" : 61028,
      "indexValueChangerEvaluationSpeed" : {
        "totalBytes" : 61028,
        "totalCpuTime" : 329309
      }
    }, {
      "indexId" : "HtmlScriptSrcIndex",
      "partOfTotalIndexingTime" : {
        "part" : 289471,
        "total" : 1311668093
      },
      "totalNumberOfFiles" : 6,
      "totalNumberOfFilesIndexedByExtensions" : 0,
      "totalFilesSize" : 61028,
      "indexValueChangerEvaluationSpeed" : {
        "totalBytes" : 61028,
        "totalCpuTime" : 289471
      }
    }, {
      "indexId" : "php.putenv.arguments",
      "partOfTotalIndexingTime" : {
        "part" : 286020,
        "total" : 1311668093
      },
      "totalNumberOfFiles" : 6,
      "totalNumberOfFilesIndexedByExtensions" : 0,
      "totalFilesSize" : 61028,
      "indexValueChangerEvaluationSpeed" : {
        "totalBytes" : 61028,
        "totalCpuTime" : 286020
      }
    }, {
      "indexId" : "php.doc.type.aliases.index",
      "partOfTotalIndexingTime" : {
        "part" : 252509,
        "total" : 1311668093
      },
      "totalNumberOfFiles" : 6,
      "totalNumberOfFilesIndexedByExtensions" : 0,
      "totalFilesSize" : 61028,
      "indexValueChangerEvaluationSpeed" : {
        "totalBytes" : 61028,
        "totalCpuTime" : 252509
      }
    }, {
      "indexId" : "php.class.fqn",
      "partOfTotalIndexingTime" : {
        "part" : 195675,
        "total" : 1311668093
      },
      "totalNumberOfFiles" : 6,
      "totalNumberOfFilesIndexedByExtensions" : 0,
      "totalFilesSize" : 61028,
      "indexValueChangerEvaluationSpeed" : {
        "totalBytes" : 61028,
        "totalCpuTime" : 195675
      }
    }, {
      "indexId" : "php.function.always.re",
      "partOfTotalIndexingTime" : {
        "part" : 188848,
        "total" : 1311668093
      },
      "totalNumberOfFiles" : 6,
      "totalNumberOfFilesIndexedByExtensions" : 0,
      "totalFilesSize" : 61028,
      "indexValueChangerEvaluationSpeed" : {
        "totalBytes" : 61028,
        "totalCpuTime" : 188848
      }
    }, {
      "indexId" : "php.constants.default.expected.arguments",
      "partOfTotalIndexingTime" : {
        "part" : 138512,
        "total" : 1311668093
      },
      "totalNumberOfFiles" : 6,
      "totalNumberOfFilesIndexedByExtensions" : 0,
      "totalFilesSize" : 61028,
      "indexValueChangerEvaluationSpeed" : {
        "totalBytes" : 61028,
        "totalCpuTime" : 138512
      }
    }, {
      "indexId" : "php.interface.fqn",
      "partOfTotalIndexingTime" : {
        "part" : 113579,
        "total" : 1311668093
      },
      "totalNumberOfFiles" : 6,
      "totalNumberOfFilesIndexedByExtensions" : 0,
      "totalFilesSize" : 61028,
      "indexValueChangerEvaluationSpeed" : {
        "totalBytes" : 61028,
        "totalCpuTime" : 113579
      }
    }, {
      "indexId" : "php.constant.name",
      "partOfTotalIndexingTime" : {
        "part" : 106243,
        "total" : 1311668093
      },
      "totalNumberOfFiles" : 6,
      "totalNumberOfFilesIndexedByExtensions" : 0,
      "totalFilesSize" : 61028,
      "indexValueChangerEvaluationSpeed" : {
        "totalBytes" : 61028,
        "totalCpuTime" : 106243
      }
    }, {
      "indexId" : "php.file.constants.default.value.matchers",
      "partOfTotalIndexingTime" : {
        "part" : 96006,
        "total" : 1311668093
      },
      "totalNumberOfFiles" : 6,
      "totalNumberOfFilesIndexedByExtensions" : 0,
      "totalFilesSize" : 61028,
      "indexValueChangerEvaluationSpeed" : {
        "totalBytes" : 61028,
        "totalCpuTime" : 96006
      }
    }, {
      "indexId" : "php.constants.default.array.shapes",
      "partOfTotalIndexingTime" : {
        "part" : 63428,
        "total" : 1311668093
      },
      "totalNumberOfFiles" : 6,
      "totalNumberOfFilesIndexedByExtensions" : 0,
      "totalFilesSize" : 61028,
      "indexValueChangerEvaluationSpeed" : {
        "totalBytes" : 61028,
        "totalCpuTime" : 63428
      }
    }, {
      "indexId" : "php.class.alias.name",
      "partOfTotalIndexingTime" : {
        "part" : 56205,
        "total" : 1311668093
      },
      "totalNumberOfFiles" : 6,
      "totalNumberOfFilesIndexedByExtensions" : 0,
      "totalFilesSize" : 61028,
      "indexValueChangerEvaluationSpeed" : {
        "totalBytes" : 61028,
        "totalCpuTime" : 56205
      }
    }, {
      "indexId" : "FrameworkDetectionIndex",
      "partOfTotalIndexingTime" : {
        "part" : 55055,
        "total" : 1311668093
      },
      "totalNumberOfFiles" : 1,
      "totalNumberOfFilesIndexedByExtensions" : 0,
      "totalFilesSize" : 15459,
      "indexValueChangerEvaluationSpeed" : {
        "totalBytes" : 15459,
        "totalCpuTime" : 55055
      }
    }, {
      "indexId" : "php.class.alias.to.class",
      "partOfTotalIndexingTime" : {
        "part" : 48973,
        "total" : 1311668093
      },
      "totalNumberOfFiles" : 6,
      "totalNumberOfFilesIndexedByExtensions" : 0,
      "totalFilesSize" : 61028,
      "indexValueChangerEvaluationSpeed" : {
        "totalBytes" : 61028,
        "totalCpuTime" : 48973
      }
    }, {
      "indexId" : "php.class.to.class.alias",
      "partOfTotalIndexingTime" : {
        "part" : 29821,
        "total" : 1311668093
      },
      "totalNumberOfFiles" : 6,
      "totalNumberOfFilesIndexedByExtensions" : 0,
      "totalFilesSize" : 61028,
      "indexValueChangerEvaluationSpeed" : {
        "totalBytes" : 61028,
        "totalCpuTime" : 29821
      }
    } ],
    "statisticsOfChangedDuringIndexingFiles" : {
      "numberOfFiles" : 0,
      "retrievingTime" : 64300
    },
    "fileProviderStatistics" : [ {
      "providerName" : "Module 'backend' (all roots)",
      "totalNumberOfIndexedFiles" : 8,
      "totalNumberOfFilesFullyIndexedByExtensions" : 0,
      "totalNumberOfNothingToWriteFiles" : 1,
      "totalIndexingVisibleTime" : 1578565150,
      "contentLoadingVisibleTime" : 6900420,
      "numberOfTooLargeForIndexingFiles" : 0,
      "slowIndexedFiles" : [ {
        "fileName" : "SettlementEntry.php",
        "processingTime" : 1551702157,
        "evaluationOfIndexValueChangerTime" : 833815861,
        "contentLoadingTime" : 613427
      } ],
      "filesFullyIndexedByExtensions" : [ ],
      "separateApplyingIndexesVisibleTime" : 11799903
    }, {
      "providerName" : "Custom kind roots from entity (db, extensions, empty)",
      "totalNumberOfIndexedFiles" : 1,
      "totalNumberOfFilesFullyIndexedByExtensions" : 0,
      "totalNumberOfNothingToWriteFiles" : 0,
      "totalIndexingVisibleTime" : 10349776,
      "contentLoadingVisibleTime" : 103874,
      "numberOfTooLargeForIndexingFiles" : 0,
      "slowIndexedFiles" : [ ],
      "filesFullyIndexedByExtensions" : [ ],
      "separateApplyingIndexesVisibleTime" : 3234913
    }, {
      "providerName" : "Refreshed files",
      "totalNumberOfIndexedFiles" : 0,
      "totalNumberOfFilesFullyIndexedByExtensions" : 0,
      "totalNumberOfNothingToWriteFiles" : 0,
      "totalIndexingVisibleTime" : 0,
      "contentLoadingVisibleTime" : 0,
      "numberOfTooLargeForIndexingFiles" : 0,
      "slowIndexedFiles" : [ ],
      "filesFullyIndexedByExtensions" : [ ],
      "separateApplyingIndexesVisibleTime" : 0
    } ],
    "visibleTimeToAllThreadTimeRatio" : 0.0
  }
}