{
  "appInfo" : {
    "build" : "233.11799.241",
    "buildDate" : "2023-12-02T05:05:00Z[UTC]",
    "productCode" : "IU",
    "generated" : "2024-01-10T14:42:09.872573Z",
    "os" : "macOS 13.6",
    "runtime" : "JetBrains s.r.o. 17.0.9 17.0.9+7-b1087.7"
  },
  "runtimeInfo" : {
    "maxMemory" : 3170893824,
    "numberOfProcessors" : 4,
    "maxNumberOfIndexingThreads" : 3,
    "maxSizeOfFileForIntelliSense" : 2560000,
    "maxSizeOfFileForContentLoading" : 20971520
  },
  "type" : "DumbIndexing",
  "projectIndexingActivityHistory" : {
    "projectName" : "backend",
    "times" : {
      "scanningIds" : [ 11 ],
      "contentLoadingVisibleTime" : 355163,
      "retrievingChangedDuringIndexingFilesTime" : 48831,
      "separateApplyingIndexesVisibleTime" : 10003632,
      "updatingStart" : "2024-01-10T14:42:07.793387Z",
      "updatingEnd" : "2024-01-10T14:42:07.837719Z",
      "totalWallTimeWithPauses" : 44332003,
      "wallTimeOnPause" : 0,
      "wasInterrupted" : false,
      "dumbWallTimeWithPauses" : 44332003,
      "dumbWallTimeWithoutPauses" : 44332003,
      "dumbModeStart" : "2024-01-10T14:42:07.793387Z",
      "totalWallTimeWithoutPauses" : 44332003
    },
    "fileCount" : {
      "numberOfChangedDuringIndexingFiles" : 0,
      "numberOfFilesIndexedByInfrastructureExtensionsDuringIndexingStage" : 0,
      "numberOfFilesIndexedWithLoadingContent" : 1,
      "numberOfNothingToWriteFiles" : 0
    },
    "totalStatsPerFileType" : [ {
      "fileType" : "PHP",
      "partOfTotalProcessingTime" : {
        "part" : 37325824,
        "total" : 37325824
      },
      "partOfTotalContentLoadingTime" : {
        "part" : 327887,
        "total" : 327887
      },
      "totalNumberOfFiles" : 1,
      "totalFilesSize" : 335,
      "totalProcessingSpeed" : {
        "totalBytes" : 335,
        "totalCpuTime" : 37325824
      },
      "biggestContributors" : [ {
        "providerName" : "Module 'backend' (all roots)",
        "numberOfFiles" : 1,
        "totalFilesSize" : 335,
        "partOfTotalProcessingTimeOfThisFileType" : {
          "part" : 37325824,
          "total" : 37325824
        }
      } ]
    } ],
    "totalStatsPerBaseLanguage" : [ {
      "language" : "PHP",
      "partOfTotalProcessingTime" : {
        "part" : 37325824,
        "total" : 37325824
      },
      "partOfTotalContentLoadingTime" : {
        "part" : 655774,
        "total" : 327887
      },
      "totalNumberOfFiles" : 1,
      "totalFilesSize" : 335,
      "totalProcessingSpeed" : {
        "totalBytes" : 335,
        "totalCpuTime" : 37325824
      }
    } ],
    "totalStatsPerIndexer" : [ {
      "indexId" : "Stubs",
      "partOfTotalIndexingTime" : {
        "part" : 8332679,
        "total" : 13066131
      },
      "totalNumberOfFiles" : 1,
      "totalNumberOfFilesIndexedByExtensions" : 0,
      "totalFilesSize" : 335,
      "indexValueChangerEvaluationSpeed" : {
        "totalBytes" : 335,
        "totalCpuTime" : 8332679
      }
    }, {
      "indexId" : "CssIndex",
      "partOfTotalIndexingTime" : {
        "part" : 3644869,
        "total" : 13066131
      },
      "totalNumberOfFiles" : 1,
      "totalNumberOfFilesIndexedByExtensions" : 0,
      "totalFilesSize" : 335,
      "indexValueChangerEvaluationSpeed" : {
        "totalBytes" : 335,
        "totalCpuTime" : 3644869
      }
    }, {
      "indexId" : "css.template.selectors",
      "partOfTotalIndexingTime" : {
        "part" : 443367,
        "total" : 13066131
      },
      "totalNumberOfFiles" : 1,
      "totalNumberOfFilesIndexedByExtensions" : 0,
      "totalFilesSize" : 335,
      "indexValueChangerEvaluationSpeed" : {
        "totalBytes" : 335,
        "totalCpuTime" : 443367
      }
    }, {
      "indexId" : "js.custom.single.entry.index",
      "partOfTotalIndexingTime" : {
        "part" : 321691,
        "total" : 13066131
      },
      "totalNumberOfFiles" : 1,
      "totalNumberOfFilesIndexedByExtensions" : 0,
      "totalFilesSize" : 335,
      "indexValueChangerEvaluationSpeed" : {
        "totalBytes" : 335,
        "totalCpuTime" : 321691
      }
    }, {
      "indexId" : "espend.php.annotation.classes",
      "partOfTotalIndexingTime" : {
        "part" : 113310,
        "total" : 13066131
      },
      "totalNumberOfFiles" : 1,
      "totalNumberOfFilesIndexedByExtensions" : 0,
      "totalFilesSize" : 335,
      "indexValueChangerEvaluationSpeed" : {
        "totalBytes" : 335,
        "totalCpuTime" : 113310
      }
    }, {
      "indexId" : "espend.php.annotation.usage",
      "partOfTotalIndexingTime" : {
        "part" : 103869,
        "total" : 13066131
      },
      "totalNumberOfFiles" : 1,
      "totalNumberOfFilesIndexedByExtensions" : 0,
      "totalFilesSize" : 335,
      "indexValueChangerEvaluationSpeed" : {
        "totalBytes" : 335,
        "totalCpuTime" : 103869
      }
    }, {
      "indexId" : "HtmlTagIdIndex",
      "partOfTotalIndexingTime" : {
        "part" : 60465,
        "total" : 13066131
      },
      "totalNumberOfFiles" : 1,
      "totalNumberOfFilesIndexedByExtensions" : 0,
      "totalFilesSize" : 335,
      "indexValueChangerEvaluationSpeed" : {
        "totalBytes" : 335,
        "totalCpuTime" : 60465
      }
    }, {
      "indexId" : "HtmlScriptSrcIndex",
      "partOfTotalIndexingTime" : {
        "part" : 45881,
        "total" : 13066131
      },
      "totalNumberOfFiles" : 1,
      "totalNumberOfFilesIndexedByExtensions" : 0,
      "totalFilesSize" : 335,
      "indexValueChangerEvaluationSpeed" : {
        "totalBytes" : 335,
        "totalCpuTime" : 45881
      }
    } ],
    "statisticsOfChangedDuringIndexingFiles" : {
      "numberOfFiles" : 0,
      "retrievingTime" : 48831
    },
    "fileProviderStatistics" : [ {
      "providerName" : "Module 'backend' (all roots)",
      "totalNumberOfIndexedFiles" : 1,
      "totalNumberOfFilesFullyIndexedByExtensions" : 0,
      "totalNumberOfNothingToWriteFiles" : 0,
      "totalIndexingVisibleTime" : 40430939,
      "contentLoadingVisibleTime" : 355163,
      "numberOfTooLargeForIndexingFiles" : 0,
      "slowIndexedFiles" : [ ],
      "filesFullyIndexedByExtensions" : [ ],
      "separateApplyingIndexesVisibleTime" : 10003632
    }, {
      "providerName" : "Refreshed files",
      "totalNumberOfIndexedFiles" : 0,
      "totalNumberOfFilesFullyIndexedByExtensions" : 0,
      "totalNumberOfNothingToWriteFiles" : 0,
      "totalIndexingVisibleTime" : 0,
      "contentLoadingVisibleTime" : 0,
      "numberOfTooLargeForIndexingFiles" : 0,
      "slowIndexedFiles" : [ ],
      "filesFullyIndexedByExtensions" : [ ],
      "separateApplyingIndexesVisibleTime" : 0
    } ],
    "visibleTimeToAllThreadTimeRatio" : 0.0
  }
}