{
  "appInfo" : {
    "build" : "233.11799.241",
    "buildDate" : "2023-12-02T05:05:00Z[UTC]",
    "productCode" : "IU",
    "generated" : "2024-01-23T11:56:14.244583Z",
    "os" : "macOS 13.6",
    "runtime" : "JetBrains s.r.o. 17.0.9 17.0.9+7-b1087.7"
  },
  "runtimeInfo" : {
    "maxMemory" : 3170893824,
    "numberOfProcessors" : 4,
    "maxNumberOfIndexingThreads" : 3,
    "maxSizeOfFileForIntelliSense" : 2560000,
    "maxSizeOfFileForContentLoading" : 20971520
  },
  "type" : "DumbIndexing",
  "projectIndexingActivityHistory" : {
    "projectName" : "backend",
    "times" : {
      "scanningIds" : [ ],
      "contentLoadingVisibleTime" : 15765912,
      "retrievingChangedDuringIndexingFilesTime" : 1503386,
      "separateApplyingIndexesVisibleTime" : 910178322,
      "updatingStart" : "2024-01-23T11:56:05.497069Z",
      "updatingEnd" : "2024-01-23T11:56:14.236449Z",
      "totalWallTimeWithPauses" : 8739250194,
      "wallTimeOnPause" : 0,
      "wasInterrupted" : false,
      "dumbWallTimeWithoutPauses" : 8739250194,
      "dumbWallTimeWithPauses" : 8739250194,
      "dumbModeStart" : "2024-01-23T11:56:05.497069Z",
      "totalWallTimeWithoutPauses" : 8739250194
    },
    "fileCount" : {
      "numberOfChangedDuringIndexingFiles" : 84,
      "numberOfFilesIndexedByInfrastructureExtensionsDuringIndexingStage" : 0,
      "numberOfFilesIndexedWithLoadingContent" : 84,
      "numberOfNothingToWriteFiles" : 0
    },
    "totalStatsPerFileType" : [ {
      "fileType" : "PHP",
      "partOfTotalProcessingTime" : {
        "part" : 26102024113,
        "total" : 26155124847
      },
      "partOfTotalContentLoadingTime" : {
        "part" : 44734973,
        "total" : 47224914
      },
      "totalNumberOfFiles" : 73,
      "totalFilesSize" : 227669,
      "totalProcessingSpeed" : {
        "totalBytes" : 227669,
        "totalCpuTime" : 26102024113
      },
      "biggestContributors" : [ {
        "providerName" : "Refreshed files",
        "numberOfFiles" : 73,
        "totalFilesSize" : 227669,
        "partOfTotalProcessingTimeOfThisFileType" : {
          "part" : 26102024113,
          "total" : 26102024113
        }
      } ]
    }, {
      "fileType" : "JSON",
      "partOfTotalProcessingTime" : {
        "part" : 28039238,
        "total" : 26155124847
      },
      "partOfTotalContentLoadingTime" : {
        "part" : 1101608,
        "total" : 47224914
      },
      "totalNumberOfFiles" : 1,
      "totalFilesSize" : 15460,
      "totalProcessingSpeed" : {
        "totalBytes" : 15460,
        "totalCpuTime" : 28039238
      },
      "biggestContributors" : [ {
        "providerName" : "Refreshed files",
        "numberOfFiles" : 1,
        "totalFilesSize" : 15460,
        "partOfTotalProcessingTimeOfThisFileType" : {
          "part" : 28039238,
          "total" : 28039238
        }
      } ]
    }, {
      "fileType" : "UNKNOWN",
      "partOfTotalProcessingTime" : {
        "part" : 25061496,
        "total" : 26155124847
      },
      "partOfTotalContentLoadingTime" : {
        "part" : 1388333,
        "total" : 47224914
      },
      "totalNumberOfFiles" : 10,
      "totalFilesSize" : 0,
      "totalProcessingSpeed" : {
        "totalBytes" : 0,
        "totalCpuTime" : 25061496
      },
      "biggestContributors" : [ {
        "providerName" : "Refreshed files",
        "numberOfFiles" : 10,
        "totalFilesSize" : 0,
        "partOfTotalProcessingTimeOfThisFileType" : {
          "part" : 25061496,
          "total" : 25061496
        }
      } ]
    } ],
    "totalStatsPerBaseLanguage" : [ {
      "language" : "PHP",
      "partOfTotalProcessingTime" : {
        "part" : 26102024113,
        "total" : 26155124847
      },
      "partOfTotalContentLoadingTime" : {
        "part" : 91959887,
        "total" : 47224914
      },
      "totalNumberOfFiles" : 73,
      "totalFilesSize" : 227669,
      "totalProcessingSpeed" : {
        "totalBytes" : 227669,
        "totalCpuTime" : 26102024113
      }
    }, {
      "language" : "JSON",
      "partOfTotalProcessingTime" : {
        "part" : 28039238,
        "total" : 26155124847
      },
      "partOfTotalContentLoadingTime" : {
        "part" : 48326522,
        "total" : 47224914
      },
      "totalNumberOfFiles" : 1,
      "totalFilesSize" : 15460,
      "totalProcessingSpeed" : {
        "totalBytes" : 15460,
        "totalCpuTime" : 28039238
      }
    } ],
    "totalStatsPerIndexer" : [ {
      "indexId" : "Stubs",
      "partOfTotalIndexingTime" : {
        "part" : 1917016314,
        "total" : 5165802546
      },
      "totalNumberOfFiles" : 73,
      "totalNumberOfFilesIndexedByExtensions" : 0,
      "totalFilesSize" : 227669,
      "indexValueChangerEvaluationSpeed" : {
        "totalBytes" : 227669,
        "totalCpuTime" : 1917016314
      }
    }, {
      "indexId" : "css.template.selectors",
      "partOfTotalIndexingTime" : {
        "part" : 686286734,
        "total" : 5165802546
      },
      "totalNumberOfFiles" : 73,
      "totalNumberOfFilesIndexedByExtensions" : 0,
      "totalFilesSize" : 227669,
      "indexValueChangerEvaluationSpeed" : {
        "totalBytes" : 227669,
        "totalCpuTime" : 686286734
      }
    }, {
      "indexId" : "php.class.name",
      "partOfTotalIndexingTime" : {
        "part" : 593134529,
        "total" : 5165802546
      },
      "totalNumberOfFiles" : 73,
      "totalNumberOfFilesIndexedByExtensions" : 0,
      "totalFilesSize" : 227669,
      "indexValueChangerEvaluationSpeed" : {
        "totalBytes" : 227669,
        "totalCpuTime" : 593134529
      }
    }, {
      "indexId" : "php.invoke.calls.offsets",
      "partOfTotalIndexingTime" : {
        "part" : 529379723,
        "total" : 5165802546
      },
      "totalNumberOfFiles" : 73,
      "totalNumberOfFilesIndexedByExtensions" : 0,
      "totalFilesSize" : 227669,
      "indexValueChangerEvaluationSpeed" : {
        "totalBytes" : 227669,
        "totalCpuTime" : 529379723
      }
    }, {
      "indexId" : "php.used.parameters.array.keys",
      "partOfTotalIndexingTime" : {
        "part" : 243445963,
        "total" : 5165802546
      },
      "totalNumberOfFiles" : 73,
      "totalNumberOfFilesIndexedByExtensions" : 0,
      "totalFilesSize" : 227669,
      "indexValueChangerEvaluationSpeed" : {
        "totalBytes" : 227669,
        "totalCpuTime" : 243445963
      }
    }, {
      "indexId" : "php.max.language.level",
      "partOfTotalIndexingTime" : {
        "part" : 212894778,
        "total" : 5165802546
      },
      "totalNumberOfFiles" : 73,
      "totalNumberOfFilesIndexedByExtensions" : 0,
      "totalFilesSize" : 227669,
      "indexValueChangerEvaluationSpeed" : {
        "totalBytes" : 227669,
        "totalCpuTime" : 212894778
      }
    }, {
      "indexId" : "php.doctag.user.name",
      "partOfTotalIndexingTime" : {
        "part" : 175764754,
        "total" : 5165802546
      },
      "totalNumberOfFiles" : 73,
      "totalNumberOfFilesIndexedByExtensions" : 0,
      "totalFilesSize" : 227669,
      "indexValueChangerEvaluationSpeed" : {
        "totalBytes" : 227669,
        "totalCpuTime" : 175764754
      }
    }, {
      "indexId" : "IdIndex",
      "partOfTotalIndexingTime" : {
        "part" : 80406145,
        "total" : 5165802546
      },
      "totalNumberOfFiles" : 74,
      "totalNumberOfFilesIndexedByExtensions" : 0,
      "totalFilesSize" : 243129,
      "indexValueChangerEvaluationSpeed" : {
        "totalBytes" : 243129,
        "totalCpuTime" : 80406145
      }
    }, {
      "indexId" : "php.field.names.accessed.by.the.constructor",
      "partOfTotalIndexingTime" : {
        "part" : 72526890,
        "total" : 5165802546
      },
      "totalNumberOfFiles" : 73,
      "totalNumberOfFilesIndexedByExtensions" : 0,
      "totalFilesSize" : 227669,
      "indexValueChangerEvaluationSpeed" : {
        "totalBytes" : 227669,
        "totalCpuTime" : 72526890
      }
    }, {
      "indexId" : "php.unit.data.providers",
      "partOfTotalIndexingTime" : {
        "part" : 63121485,
        "total" : 5165802546
      },
      "totalNumberOfFiles" : 73,
      "totalNumberOfFilesIndexedByExtensions" : 0,
      "totalFilesSize" : 227669,
      "indexValueChangerEvaluationSpeed" : {
        "totalBytes" : 227669,
        "totalCpuTime" : 63121485
      }
    }, {
      "indexId" : "php.inferred.meta.pattern.index",
      "partOfTotalIndexingTime" : {
        "part" : 57828781,
        "total" : 5165802546
      },
      "totalNumberOfFiles" : 73,
      "totalNumberOfFilesIndexedByExtensions" : 0,
      "totalFilesSize" : 227669,
      "indexValueChangerEvaluationSpeed" : {
        "totalBytes" : 227669,
        "totalCpuTime" : 57828781
      }
    }, {
      "indexId" : "CssIndex",
      "partOfTotalIndexingTime" : {
        "part" : 52203430,
        "total" : 5165802546
      },
      "totalNumberOfFiles" : 73,
      "totalNumberOfFilesIndexedByExtensions" : 0,
      "totalFilesSize" : 227669,
      "indexValueChangerEvaluationSpeed" : {
        "totalBytes" : 227669,
        "totalCpuTime" : 52203430
      }
    }, {
      "indexId" : "php.array.shapes.entries",
      "partOfTotalIndexingTime" : {
        "part" : 40893581,
        "total" : 5165802546
      },
      "totalNumberOfFiles" : 73,
      "totalNumberOfFilesIndexedByExtensions" : 0,
      "totalFilesSize" : 227669,
      "indexValueChangerEvaluationSpeed" : {
        "totalBytes" : 227669,
        "totalCpuTime" : 40893581
      }
    }, {
      "indexId" : "php.generator.operands.type.index",
      "partOfTotalIndexingTime" : {
        "part" : 40681711,
        "total" : 5165802546
      },
      "totalNumberOfFiles" : 73,
      "totalNumberOfFilesIndexedByExtensions" : 0,
      "totalFilesSize" : 227669,
      "indexValueChangerEvaluationSpeed" : {
        "totalBytes" : 227669,
        "totalCpuTime" : 40681711
      }
    }, {
      "indexId" : "php.generic.template.index",
      "partOfTotalIndexingTime" : {
        "part" : 36160797,
        "total" : 5165802546
      },
      "totalNumberOfFiles" : 73,
      "totalNumberOfFilesIndexedByExtensions" : 0,
      "totalFilesSize" : 227669,
      "indexValueChangerEvaluationSpeed" : {
        "totalBytes" : 227669,
        "totalCpuTime" : 36160797
      }
    }, {
      "indexId" : "php.function.parameters.used.as.regexp",
      "partOfTotalIndexingTime" : {
        "part" : 27697231,
        "total" : 5165802546
      },
      "totalNumberOfFiles" : 73,
      "totalNumberOfFilesIndexedByExtensions" : 0,
      "totalFilesSize" : 227669,
      "indexValueChangerEvaluationSpeed" : {
        "totalBytes" : 227669,
        "totalCpuTime" : 27697231
      }
    }, {
      "indexId" : "php.parameters.default.value.matchers",
      "partOfTotalIndexingTime" : {
        "part" : 25312083,
        "total" : 5165802546
      },
      "totalNumberOfFiles" : 73,
      "totalNumberOfFilesIndexedByExtensions" : 0,
      "totalFilesSize" : 227669,
      "indexValueChangerEvaluationSpeed" : {
        "totalBytes" : 227669,
        "totalCpuTime" : 25312083
      }
    }, {
      "indexId" : "php.not.used.parameters",
      "partOfTotalIndexingTime" : {
        "part" : 23640361,
        "total" : 5165802546
      },
      "totalNumberOfFiles" : 73,
      "totalNumberOfFilesIndexedByExtensions" : 0,
      "totalFilesSize" : 227669,
      "indexValueChangerEvaluationSpeed" : {
        "totalBytes" : 227669,
        "totalCpuTime" : 23640361
      }
    }, {
      "indexId" : "php.global.assignment.index",
      "partOfTotalIndexingTime" : {
        "part" : 22095779,
        "total" : 5165802546
      },
      "totalNumberOfFiles" : 73,
      "totalNumberOfFilesIndexedByExtensions" : 0,
      "totalFilesSize" : 227669,
      "indexValueChangerEvaluationSpeed" : {
        "totalBytes" : 227669,
        "totalCpuTime" : 22095779
      }
    }, {
      "indexId" : "js.custom.single.entry.index",
      "partOfTotalIndexingTime" : {
        "part" : 21869664,
        "total" : 5165802546
      },
      "totalNumberOfFiles" : 73,
      "totalNumberOfFilesIndexedByExtensions" : 0,
      "totalFilesSize" : 227669,
      "indexValueChangerEvaluationSpeed" : {
        "totalBytes" : 227669,
        "totalCpuTime" : 21869664
      }
    }, {
      "indexId" : "php.unit.covers",
      "partOfTotalIndexingTime" : {
        "part" : 21462138,
        "total" : 5165802546
      },
      "totalNumberOfFiles" : 73,
      "totalNumberOfFilesIndexedByExtensions" : 0,
      "totalFilesSize" : 227669,
      "indexValueChangerEvaluationSpeed" : {
        "totalBytes" : 227669,
        "totalCpuTime" : 21462138
      }
    }, {
      "indexId" : "php.expected.function.return.values",
      "partOfTotalIndexingTime" : {
        "part" : 17931003,
        "total" : 5165802546
      },
      "totalNumberOfFiles" : 73,
      "totalNumberOfFilesIndexedByExtensions" : 0,
      "totalFilesSize" : 227669,
      "indexValueChangerEvaluationSpeed" : {
        "totalBytes" : 227669,
        "totalCpuTime" : 17931003
      }
    }, {
      "indexId" : "Trigram.Index",
      "partOfTotalIndexingTime" : {
        "part" : 17127857,
        "total" : 5165802546
      },
      "totalNumberOfFiles" : 74,
      "totalNumberOfFilesIndexedByExtensions" : 0,
      "totalFilesSize" : 243129,
      "indexValueChangerEvaluationSpeed" : {
        "totalBytes" : 243129,
        "totalCpuTime" : 17127857
      }
    }, {
      "indexId" : "php.aliased.trait.method.name",
      "partOfTotalIndexingTime" : {
        "part" : 16985032,
        "total" : 5165802546
      },
      "totalNumberOfFiles" : 73,
      "totalNumberOfFilesIndexedByExtensions" : 0,
      "totalFilesSize" : 227669,
      "indexValueChangerEvaluationSpeed" : {
        "totalBytes" : 227669,
        "totalCpuTime" : 16985032
      }
    }, {
      "indexId" : "php.serialize.function.calls.offsets",
      "partOfTotalIndexingTime" : {
        "part" : 16850655,
        "total" : 5165802546
      },
      "totalNumberOfFiles" : 73,
      "totalNumberOfFilesIndexedByExtensions" : 0,
      "totalFilesSize" : 227669,
      "indexValueChangerEvaluationSpeed" : {
        "totalBytes" : 227669,
        "totalCpuTime" : 16850655
      }
    }, {
      "indexId" : "php.fields.default.value.matchers",
      "partOfTotalIndexingTime" : {
        "part" : 14777286,
        "total" : 5165802546
      },
      "totalNumberOfFiles" : 73,
      "totalNumberOfFilesIndexedByExtensions" : 0,
      "totalFilesSize" : 227669,
      "indexValueChangerEvaluationSpeed" : {
        "totalBytes" : 227669,
        "totalCpuTime" : 14777286
      }
    }, {
      "indexId" : "php.expected.function.arguments",
      "partOfTotalIndexingTime" : {
        "part" : 9075624,
        "total" : 5165802546
      },
      "totalNumberOfFiles" : 73,
      "totalNumberOfFilesIndexedByExtensions" : 0,
      "totalFilesSize" : 227669,
      "indexValueChangerEvaluationSpeed" : {
        "totalBytes" : 227669,
        "totalCpuTime" : 9075624
      }
    }, {
      "indexId" : "php.functions.with.not.catched.dynamic.passed.calls",
      "partOfTotalIndexingTime" : {
        "part" : 9039104,
        "total" : 5165802546
      },
      "totalNumberOfFiles" : 73,
      "totalNumberOfFilesIndexedByExtensions" : 0,
      "totalFilesSize" : 227669,
      "indexValueChangerEvaluationSpeed" : {
        "totalBytes" : 227669,
        "totalCpuTime" : 9039104
      }
    }, {
      "indexId" : "php.method.name",
      "partOfTotalIndexingTime" : {
        "part" : 8793690,
        "total" : 5165802546
      },
      "totalNumberOfFiles" : 73,
      "totalNumberOfFilesIndexedByExtensions" : 0,
      "totalFilesSize" : 227669,
      "indexValueChangerEvaluationSpeed" : {
        "totalBytes" : 227669,
        "totalCpuTime" : 8793690
      }
    }, {
      "indexId" : "php.namespace.inheritance",
      "partOfTotalIndexingTime" : {
        "part" : 8753092,
        "total" : 5165802546
      },
      "totalNumberOfFiles" : 73,
      "totalNumberOfFilesIndexedByExtensions" : 0,
      "totalFilesSize" : 227669,
      "indexValueChangerEvaluationSpeed" : {
        "totalBytes" : 227669,
        "totalCpuTime" : 8753092
      }
    }, {
      "indexId" : "SwReferencesIndex",
      "partOfTotalIndexingTime" : {
        "part" : 8639595,
        "total" : 5165802546
      },
      "totalNumberOfFiles" : 1,
      "totalNumberOfFilesIndexedByExtensions" : 0,
      "totalFilesSize" : 15460,
      "indexValueChangerEvaluationSpeed" : {
        "totalBytes" : 15460,
        "totalCpuTime" : 8639595
      }
    }, {
      "indexId" : "php.constants.default.array.shapes",
      "partOfTotalIndexingTime" : {
        "part" : 8584868,
        "total" : 5165802546
      },
      "totalNumberOfFiles" : 73,
      "totalNumberOfFilesIndexedByExtensions" : 0,
      "totalFilesSize" : 227669,
      "indexValueChangerEvaluationSpeed" : {
        "totalBytes" : 227669,
        "totalCpuTime" : 8584868
      }
    }, {
      "indexId" : "php.class.alias.fqn",
      "partOfTotalIndexingTime" : {
        "part" : 7785122,
        "total" : 5165802546
      },
      "totalNumberOfFiles" : 73,
      "totalNumberOfFilesIndexedByExtensions" : 0,
      "totalFilesSize" : 227669,
      "indexValueChangerEvaluationSpeed" : {
        "totalBytes" : 227669,
        "totalCpuTime" : 7785122
      }
    }, {
      "indexId" : "php.exit.point.function.index",
      "partOfTotalIndexingTime" : {
        "part" : 7708896,
        "total" : 5165802546
      },
      "totalNumberOfFiles" : 73,
      "totalNumberOfFilesIndexedByExtensions" : 0,
      "totalFilesSize" : 227669,
      "indexValueChangerEvaluationSpeed" : {
        "totalBytes" : 227669,
        "totalCpuTime" : 7708896
      }
    }, {
      "indexId" : "php.func.get.arg.usage.index",
      "partOfTotalIndexingTime" : {
        "part" : 7537312,
        "total" : 5165802546
      },
      "totalNumberOfFiles" : 73,
      "totalNumberOfFilesIndexedByExtensions" : 0,
      "totalFilesSize" : 227669,
      "indexValueChangerEvaluationSpeed" : {
        "totalBytes" : 227669,
        "totalCpuTime" : 7537312
      }
    }, {
      "indexId" : "php.class.alias.to.class",
      "partOfTotalIndexingTime" : {
        "part" : 6282551,
        "total" : 5165802546
      },
      "totalNumberOfFiles" : 73,
      "totalNumberOfFilesIndexedByExtensions" : 0,
      "totalFilesSize" : 227669,
      "indexValueChangerEvaluationSpeed" : {
        "totalBytes" : 227669,
        "totalCpuTime" : 6282551
      }
    }, {
      "indexId" : "espend.php.annotation.classes",
      "partOfTotalIndexingTime" : {
        "part" : 5800629,
        "total" : 5165802546
      },
      "totalNumberOfFiles" : 73,
      "totalNumberOfFilesIndexedByExtensions" : 0,
      "totalFilesSize" : 227669,
      "indexValueChangerEvaluationSpeed" : {
        "totalBytes" : 227669,
        "totalCpuTime" : 5800629
      }
    }, {
      "indexId" : "php.array.access.offsets",
      "partOfTotalIndexingTime" : {
        "part" : 4542222,
        "total" : 5165802546
      },
      "totalNumberOfFiles" : 73,
      "totalNumberOfFilesIndexedByExtensions" : 0,
      "totalFilesSize" : 227669,
      "indexValueChangerEvaluationSpeed" : {
        "totalBytes" : 227669,
        "totalCpuTime" : 4542222
      }
    }, {
      "indexId" : "php.function.always.re",
      "partOfTotalIndexingTime" : {
        "part" : 4358854,
        "total" : 5165802546
      },
      "totalNumberOfFiles" : 73,
      "totalNumberOfFilesIndexedByExtensions" : 0,
      "totalFilesSize" : 227669,
      "indexValueChangerEvaluationSpeed" : {
        "totalBytes" : 227669,
        "totalCpuTime" : 4358854
      }
    }, {
      "indexId" : "php.doc.type.aliases.index",
      "partOfTotalIndexingTime" : {
        "part" : 3623988,
        "total" : 5165802546
      },
      "totalNumberOfFiles" : 73,
      "totalNumberOfFilesIndexedByExtensions" : 0,
      "totalFilesSize" : 227669,
      "indexValueChangerEvaluationSpeed" : {
        "totalBytes" : 227669,
        "totalCpuTime" : 3623988
      }
    }, {
      "indexId" : "HtmlTagIdIndex",
      "partOfTotalIndexingTime" : {
        "part" : 3614030,
        "total" : 5165802546
      },
      "totalNumberOfFiles" : 73,
      "totalNumberOfFilesIndexedByExtensions" : 0,
      "totalFilesSize" : 227669,
      "indexValueChangerEvaluationSpeed" : {
        "totalBytes" : 227669,
        "totalCpuTime" : 3614030
      }
    }, {
      "indexId" : "HtmlScriptSrcIndex",
      "partOfTotalIndexingTime" : {
        "part" : 3528340,
        "total" : 5165802546
      },
      "totalNumberOfFiles" : 73,
      "totalNumberOfFilesIndexedByExtensions" : 0,
      "totalFilesSize" : 227669,
      "indexValueChangerEvaluationSpeed" : {
        "totalBytes" : 227669,
        "totalCpuTime" : 3528340
      }
    }, {
      "indexId" : "espend.php.annotation.usage",
      "partOfTotalIndexingTime" : {
        "part" : 3402185,
        "total" : 5165802546
      },
      "totalNumberOfFiles" : 73,
      "totalNumberOfFilesIndexedByExtensions" : 0,
      "totalFilesSize" : 227669,
      "indexValueChangerEvaluationSpeed" : {
        "totalBytes" : 227669,
        "totalCpuTime" : 3402185
      }
    }, {
      "indexId" : "php.putenv.arguments",
      "partOfTotalIndexingTime" : {
        "part" : 3343621,
        "total" : 5165802546
      },
      "totalNumberOfFiles" : 73,
      "totalNumberOfFilesIndexedByExtensions" : 0,
      "totalFilesSize" : 227669,
      "indexValueChangerEvaluationSpeed" : {
        "totalBytes" : 227669,
        "totalCpuTime" : 3343621
      }
    }, {
      "indexId" : "php.function.name",
      "partOfTotalIndexingTime" : {
        "part" : 3199991,
        "total" : 5165802546
      },
      "totalNumberOfFiles" : 73,
      "totalNumberOfFilesIndexedByExtensions" : 0,
      "totalFilesSize" : 227669,
      "indexValueChangerEvaluationSpeed" : {
        "totalBytes" : 227669,
        "totalCpuTime" : 3199991
      }
    }, {
      "indexId" : "php.class.attributes.name",
      "partOfTotalIndexingTime" : {
        "part" : 3153031,
        "total" : 5165802546
      },
      "totalNumberOfFiles" : 73,
      "totalNumberOfFilesIndexedByExtensions" : 0,
      "totalFilesSize" : 227669,
      "indexValueChangerEvaluationSpeed" : {
        "totalBytes" : 227669,
        "totalCpuTime" : 3153031
      }
    }, {
      "indexId" : "php.trait.usage",
      "partOfTotalIndexingTime" : {
        "part" : 2949274,
        "total" : 5165802546
      },
      "totalNumberOfFiles" : 73,
      "totalNumberOfFilesIndexedByExtensions" : 0,
      "totalFilesSize" : 227669,
      "indexValueChangerEvaluationSpeed" : {
        "totalBytes" : 227669,
        "totalCpuTime" : 2949274
      }
    }, {
      "indexId" : "php.class.alias.name",
      "partOfTotalIndexingTime" : {
        "part" : 2881087,
        "total" : 5165802546
      },
      "totalNumberOfFiles" : 73,
      "totalNumberOfFilesIndexedByExtensions" : 0,
      "totalFilesSize" : 227669,
      "indexValueChangerEvaluationSpeed" : {
        "totalBytes" : 227669,
        "totalCpuTime" : 2881087
      }
    }, {
      "indexId" : "php.class.to.class.alias",
      "partOfTotalIndexingTime" : {
        "part" : 2670163,
        "total" : 5165802546
      },
      "totalNumberOfFiles" : 73,
      "totalNumberOfFilesIndexedByExtensions" : 0,
      "totalFilesSize" : 227669,
      "indexValueChangerEvaluationSpeed" : {
        "totalBytes" : 227669,
        "totalCpuTime" : 2670163
      }
    }, {
      "indexId" : "php.class.fqn",
      "partOfTotalIndexingTime" : {
        "part" : 1949474,
        "total" : 5165802546
      },
      "totalNumberOfFiles" : 73,
      "totalNumberOfFilesIndexedByExtensions" : 0,
      "totalFilesSize" : 227669,
      "indexValueChangerEvaluationSpeed" : {
        "totalBytes" : 227669,
        "totalCpuTime" : 1949474
      }
    }, {
      "indexId" : "json.file.root.values",
      "partOfTotalIndexingTime" : {
        "part" : 1737815,
        "total" : 5165802546
      },
      "totalNumberOfFiles" : 1,
      "totalNumberOfFilesIndexedByExtensions" : 0,
      "totalFilesSize" : 15460,
      "indexValueChangerEvaluationSpeed" : {
        "totalBytes" : 15460,
        "totalCpuTime" : 1737815
      }
    }, {
      "indexId" : "php.file.constants.default.value.matchers",
      "partOfTotalIndexingTime" : {
        "part" : 1526354,
        "total" : 5165802546
      },
      "totalNumberOfFiles" : 73,
      "totalNumberOfFilesIndexedByExtensions" : 0,
      "totalFilesSize" : 227669,
      "indexValueChangerEvaluationSpeed" : {
        "totalBytes" : 227669,
        "totalCpuTime" : 1526354
      }
    }, {
      "indexId" : "php.interface.fqn",
      "partOfTotalIndexingTime" : {
        "part" : 996402,
        "total" : 5165802546
      },
      "totalNumberOfFiles" : 73,
      "totalNumberOfFilesIndexedByExtensions" : 0,
      "totalFilesSize" : 227669,
      "indexValueChangerEvaluationSpeed" : {
        "totalBytes" : 227669,
        "totalCpuTime" : 996402
      }
    }, {
      "indexId" : "php.variable.name",
      "partOfTotalIndexingTime" : {
        "part" : 700361,
        "total" : 5165802546
      },
      "totalNumberOfFiles" : 73,
      "totalNumberOfFilesIndexedByExtensions" : 0,
      "totalFilesSize" : 227669,
      "indexValueChangerEvaluationSpeed" : {
        "totalBytes" : 227669,
        "totalCpuTime" : 700361
      }
    }, {
      "indexId" : "php.constants.default.expected.arguments",
      "partOfTotalIndexingTime" : {
        "part" : 694327,
        "total" : 5165802546
      },
      "totalNumberOfFiles" : 73,
      "totalNumberOfFilesIndexedByExtensions" : 0,
      "totalFilesSize" : 227669,
      "indexValueChangerEvaluationSpeed" : {
        "totalBytes" : 227669,
        "totalCpuTime" : 694327
      }
    }, {
      "indexId" : "php.constant.name",
      "partOfTotalIndexingTime" : {
        "part" : 656151,
        "total" : 5165802546
      },
      "totalNumberOfFiles" : 73,
      "totalNumberOfFilesIndexedByExtensions" : 0,
      "totalFilesSize" : 227669,
      "indexValueChangerEvaluationSpeed" : {
        "totalBytes" : 227669,
        "totalCpuTime" : 656151
      }
    }, {
      "indexId" : "OpenapiSpecificationContentIndexer",
      "partOfTotalIndexingTime" : {
        "part" : 505143,
        "total" : 5165802546
      },
      "totalNumberOfFiles" : 1,
      "totalNumberOfFilesIndexedByExtensions" : 0,
      "totalFilesSize" : 15460,
      "indexValueChangerEvaluationSpeed" : {
        "totalBytes" : 15460,
        "totalCpuTime" : 505143
      }
    }, {
      "indexId" : "HashFragmentIndex",
      "partOfTotalIndexingTime" : {
        "part" : 186305,
        "total" : 5165802546
      },
      "totalNumberOfFiles" : 1,
      "totalNumberOfFilesIndexedByExtensions" : 0,
      "totalFilesSize" : 162,
      "indexValueChangerEvaluationSpeed" : {
        "totalBytes" : 162,
        "totalCpuTime" : 186305
      }
    }, {
      "indexId" : "FrameworkDetectionIndex",
      "partOfTotalIndexingTime" : {
        "part" : 88241,
        "total" : 5165802546
      },
      "totalNumberOfFiles" : 1,
      "totalNumberOfFilesIndexedByExtensions" : 0,
      "totalFilesSize" : 15460,
      "indexValueChangerEvaluationSpeed" : {
        "totalBytes" : 15460,
        "totalCpuTime" : 88241
      }
    } ],
    "statisticsOfChangedDuringIndexingFiles" : {
      "numberOfFiles" : 84,
      "retrievingTime" : 1503386
    },
    "fileProviderStatistics" : [ {
      "providerName" : "Refreshed files",
      "totalNumberOfIndexedFiles" : 84,
      "totalNumberOfFilesFullyIndexedByExtensions" : 0,
      "totalNumberOfNothingToWriteFiles" : 0,
      "totalIndexingVisibleTime" : 8731819323,
      "contentLoadingVisibleTime" : 15765912,
      "numberOfTooLargeForIndexingFiles" : 0,
      "slowIndexedFiles" : [ {
        "fileName" : "BaseErrorResponseModel.php",
        "processingTime" : 534625778,
        "evaluationOfIndexValueChangerTime" : 29716164,
        "contentLoadingTime" : 75699
      }, {
        "fileName" : "SettlementFunctions.php",
        "processingTime" : 586957592,
        "evaluationOfIndexValueChangerTime" : 538237376,
        "contentLoadingTime" : 2356133
      }, {
        "fileName" : "BetCancelHubTest.php",
        "processingTime" : 709575599,
        "evaluationOfIndexValueChangerTime" : 80845442,
        "contentLoadingTime" : 250432
      }, {
        "fileName" : "HttpService.php",
        "processingTime" : 603323346,
        "evaluationOfIndexValueChangerTime" : 68983877,
        "contentLoadingTime" : 886311
      }, {
        "fileName" : "CheckDatabaseTimerTickHandler.php",
        "processingTime" : 904633035,
        "evaluationOfIndexValueChangerTime" : 691103888,
        "contentLoadingTime" : 274770
      }, {
        "fileName" : "MatchDataEntity.php",
        "processingTime" : 4726895475,
        "evaluationOfIndexValueChangerTime" : 95965376,
        "contentLoadingTime" : 378694
      }, {
        "fileName" : "BaseMatchDataEntity.php",
        "processingTime" : 1562340461,
        "evaluationOfIndexValueChangerTime" : 161405536,
        "contentLoadingTime" : 198284
      }, {
        "fileName" : "GetBetCancelHandler.php",
        "processingTime" : 1824697239,
        "evaluationOfIndexValueChangerTime" : 12699746,
        "contentLoadingTime" : 193677
      }, {
        "fileName" : "MarketDescription.php",
        "processingTime" : 798663420,
        "evaluationOfIndexValueChangerTime" : 137033156,
        "contentLoadingTime" : 590377
      }, {
        "fileName" : "SettlementEntry.php",
        "processingTime" : 7929604694,
        "evaluationOfIndexValueChangerTime" : 575441692,
        "contentLoadingTime" : 2941268
      } ],
      "filesFullyIndexedByExtensions" : [ ],
      "separateApplyingIndexesVisibleTime" : 910178322
    } ],
    "visibleTimeToAllThreadTimeRatio" : 0.33384735779617364
  }
}