{
  "appInfo" : {
    "build" : "233.11799.241",
    "buildDate" : "2023-12-02T05:05:00Z[UTC]",
    "productCode" : "IU",
    "generated" : "2024-01-23T11:19:13.701032Z",
    "os" : "macOS 13.6",
    "runtime" : "JetBrains s.r.o. 17.0.9 17.0.9+7-b1087.7"
  },
  "runtimeInfo" : {
    "maxMemory" : 3170893824,
    "numberOfProcessors" : 4,
    "maxNumberOfIndexingThreads" : 3,
    "maxSizeOfFileForIntelliSense" : 2560000,
    "maxSizeOfFileForContentLoading" : 20971520
  },
  "type" : "DumbIndexing",
  "projectIndexingActivityHistory" : {
    "projectName" : "backend",
    "times" : {
      "scanningIds" : [ ],
      "contentLoadingVisibleTime" : 19900068,
      "retrievingChangedDuringIndexingFilesTime" : 11894259,
      "separateApplyingIndexesVisibleTime" : 925159663,
      "updatingStart" : "2024-01-23T11:18:56.010984Z",
      "updatingEnd" : "2024-01-23T11:19:13.700472Z",
      "totalWallTimeWithPauses" : 17689340832,
      "wallTimeOnPause" : 0,
      "wasInterrupted" : false,
      "dumbWallTimeWithoutPauses" : 17689340832,
      "dumbWallTimeWithPauses" : 17689340832,
      "dumbModeStart" : "2024-01-23T11:18:56.010984Z",
      "totalWallTimeWithoutPauses" : 17689340832
    },
    "fileCount" : {
      "numberOfChangedDuringIndexingFiles" : 66,
      "numberOfFilesIndexedByInfrastructureExtensionsDuringIndexingStage" : 0,
      "numberOfFilesIndexedWithLoadingContent" : 66,
      "numberOfNothingToWriteFiles" : 1
    },
    "totalStatsPerFileType" : [ {
      "fileType" : "PHP",
      "partOfTotalProcessingTime" : {
        "part" : 47630141828,
        "total" : 48332720291
      },
      "partOfTotalContentLoadingTime" : {
        "part" : 51041243,
        "total" : 54419414
      },
      "totalNumberOfFiles" : 49,
      "totalFilesSize" : 152073,
      "totalProcessingSpeed" : {
        "totalBytes" : 152073,
        "totalCpuTime" : 47630141828
      },
      "biggestContributors" : [ {
        "providerName" : "Refreshed files",
        "numberOfFiles" : 49,
        "totalFilesSize" : 152073,
        "partOfTotalProcessingTimeOfThisFileType" : {
          "part" : 47630141828,
          "total" : 47630141828
        }
      } ]
    }, {
      "fileType" : "XML",
      "partOfTotalProcessingTime" : {
        "part" : 452277343,
        "total" : 48332720291
      },
      "partOfTotalContentLoadingTime" : {
        "part" : 712061,
        "total" : 54419414
      },
      "totalNumberOfFiles" : 1,
      "totalFilesSize" : 1742,
      "totalProcessingSpeed" : {
        "totalBytes" : 1742,
        "totalCpuTime" : 452277343
      },
      "biggestContributors" : [ {
        "providerName" : "Refreshed files",
        "numberOfFiles" : 1,
        "totalFilesSize" : 1742,
        "partOfTotalProcessingTimeOfThisFileType" : {
          "part" : 452277343,
          "total" : 452277343
        }
      } ]
    }, {
      "fileType" : "JSON",
      "partOfTotalProcessingTime" : {
        "part" : 226656192,
        "total" : 48332720291
      },
      "partOfTotalContentLoadingTime" : {
        "part" : 1073806,
        "total" : 54419414
      },
      "totalNumberOfFiles" : 1,
      "totalFilesSize" : 15459,
      "totalProcessingSpeed" : {
        "totalBytes" : 15459,
        "totalCpuTime" : 226656192
      },
      "biggestContributors" : [ {
        "providerName" : "Refreshed files",
        "numberOfFiles" : 1,
        "totalFilesSize" : 15459,
        "partOfTotalProcessingTimeOfThisFileType" : {
          "part" : 226656192,
          "total" : 226656192
        }
      } ]
    }, {
      "fileType" : "UNKNOWN",
      "partOfTotalProcessingTime" : {
        "part" : 23644928,
        "total" : 48332720291
      },
      "partOfTotalContentLoadingTime" : {
        "part" : 1592304,
        "total" : 54419414
      },
      "totalNumberOfFiles" : 15,
      "totalFilesSize" : 0,
      "totalProcessingSpeed" : {
        "totalBytes" : 0,
        "totalCpuTime" : 23644928
      },
      "biggestContributors" : [ {
        "providerName" : "Refreshed files",
        "numberOfFiles" : 15,
        "totalFilesSize" : 0,
        "partOfTotalProcessingTimeOfThisFileType" : {
          "part" : 23644928,
          "total" : 23644928
        }
      } ]
    } ],
    "totalStatsPerBaseLanguage" : [ {
      "language" : "PHP",
      "partOfTotalProcessingTime" : {
        "part" : 47630141828,
        "total" : 48332720291
      },
      "partOfTotalContentLoadingTime" : {
        "part" : 105460657,
        "total" : 54419414
      },
      "totalNumberOfFiles" : 49,
      "totalFilesSize" : 152073,
      "totalProcessingSpeed" : {
        "totalBytes" : 152073,
        "totalCpuTime" : 47630141828
      }
    }, {
      "language" : "XML",
      "partOfTotalProcessingTime" : {
        "part" : 452277343,
        "total" : 48332720291
      },
      "partOfTotalContentLoadingTime" : {
        "part" : 55131475,
        "total" : 54419414
      },
      "totalNumberOfFiles" : 1,
      "totalFilesSize" : 1742,
      "totalProcessingSpeed" : {
        "totalBytes" : 1742,
        "totalCpuTime" : 452277343
      }
    }, {
      "language" : "JSON",
      "partOfTotalProcessingTime" : {
        "part" : 226656192,
        "total" : 48332720291
      },
      "partOfTotalContentLoadingTime" : {
        "part" : 55493220,
        "total" : 54419414
      },
      "totalNumberOfFiles" : 1,
      "totalFilesSize" : 15459,
      "totalProcessingSpeed" : {
        "totalBytes" : 15459,
        "totalCpuTime" : 226656192
      }
    } ],
    "totalStatsPerIndexer" : [ {
      "indexId" : "Stubs",
      "partOfTotalIndexingTime" : {
        "part" : 6390452047,
        "total" : 11004645630
      },
      "totalNumberOfFiles" : 49,
      "totalNumberOfFilesIndexedByExtensions" : 0,
      "totalFilesSize" : 152073,
      "indexValueChangerEvaluationSpeed" : {
        "totalBytes" : 152073,
        "totalCpuTime" : 6390452047
      }
    }, {
      "indexId" : "php.invoke.calls.offsets",
      "partOfTotalIndexingTime" : {
        "part" : 1143471749,
        "total" : 11004645630
      },
      "totalNumberOfFiles" : 49,
      "totalNumberOfFilesIndexedByExtensions" : 0,
      "totalFilesSize" : 152073,
      "indexValueChangerEvaluationSpeed" : {
        "totalBytes" : 152073,
        "totalCpuTime" : 1143471749
      }
    }, {
      "indexId" : "php.class.name",
      "partOfTotalIndexingTime" : {
        "part" : 1126987973,
        "total" : 11004645630
      },
      "totalNumberOfFiles" : 49,
      "totalNumberOfFilesIndexedByExtensions" : 0,
      "totalFilesSize" : 152073,
      "indexValueChangerEvaluationSpeed" : {
        "totalBytes" : 152073,
        "totalCpuTime" : 1126987973
      }
    }, {
      "indexId" : "php.max.language.level",
      "partOfTotalIndexingTime" : {
        "part" : 528278844,
        "total" : 11004645630
      },
      "totalNumberOfFiles" : 49,
      "totalNumberOfFilesIndexedByExtensions" : 0,
      "totalFilesSize" : 152073,
      "indexValueChangerEvaluationSpeed" : {
        "totalBytes" : 152073,
        "totalCpuTime" : 528278844
      }
    }, {
      "indexId" : "php.doctag.user.name",
      "partOfTotalIndexingTime" : {
        "part" : 355044400,
        "total" : 11004645630
      },
      "totalNumberOfFiles" : 49,
      "totalNumberOfFilesIndexedByExtensions" : 0,
      "totalFilesSize" : 152073,
      "indexValueChangerEvaluationSpeed" : {
        "totalBytes" : 152073,
        "totalCpuTime" : 355044400
      }
    }, {
      "indexId" : "IdIndex",
      "partOfTotalIndexingTime" : {
        "part" : 347422262,
        "total" : 11004645630
      },
      "totalNumberOfFiles" : 50,
      "totalNumberOfFilesIndexedByExtensions" : 0,
      "totalFilesSize" : 167532,
      "indexValueChangerEvaluationSpeed" : {
        "totalBytes" : 167532,
        "totalCpuTime" : 347422262
      }
    }, {
      "indexId" : "CssIndex",
      "partOfTotalIndexingTime" : {
        "part" : 184859158,
        "total" : 11004645630
      },
      "totalNumberOfFiles" : 49,
      "totalNumberOfFilesIndexedByExtensions" : 0,
      "totalFilesSize" : 152073,
      "indexValueChangerEvaluationSpeed" : {
        "totalBytes" : 152073,
        "totalCpuTime" : 184859158
      }
    }, {
      "indexId" : "css.template.selectors",
      "partOfTotalIndexingTime" : {
        "part" : 176698794,
        "total" : 11004645630
      },
      "totalNumberOfFiles" : 49,
      "totalNumberOfFilesIndexedByExtensions" : 0,
      "totalFilesSize" : 152073,
      "indexValueChangerEvaluationSpeed" : {
        "totalBytes" : 152073,
        "totalCpuTime" : 176698794
      }
    }, {
      "indexId" : "js.custom.single.entry.index",
      "partOfTotalIndexingTime" : {
        "part" : 104231980,
        "total" : 11004645630
      },
      "totalNumberOfFiles" : 49,
      "totalNumberOfFilesIndexedByExtensions" : 0,
      "totalFilesSize" : 152073,
      "indexValueChangerEvaluationSpeed" : {
        "totalBytes" : 152073,
        "totalCpuTime" : 104231980
      }
    }, {
      "indexId" : "php.generator.operands.type.index",
      "partOfTotalIndexingTime" : {
        "part" : 91815510,
        "total" : 11004645630
      },
      "totalNumberOfFiles" : 49,
      "totalNumberOfFilesIndexedByExtensions" : 0,
      "totalFilesSize" : 152073,
      "indexValueChangerEvaluationSpeed" : {
        "totalBytes" : 152073,
        "totalCpuTime" : 91815510
      }
    }, {
      "indexId" : "php.field.names.accessed.by.the.constructor",
      "partOfTotalIndexingTime" : {
        "part" : 85258291,
        "total" : 11004645630
      },
      "totalNumberOfFiles" : 49,
      "totalNumberOfFilesIndexedByExtensions" : 0,
      "totalFilesSize" : 152073,
      "indexValueChangerEvaluationSpeed" : {
        "totalBytes" : 152073,
        "totalCpuTime" : 85258291
      }
    }, {
      "indexId" : "php.generic.template.index",
      "partOfTotalIndexingTime" : {
        "part" : 84769824,
        "total" : 11004645630
      },
      "totalNumberOfFiles" : 49,
      "totalNumberOfFilesIndexedByExtensions" : 0,
      "totalFilesSize" : 152073,
      "indexValueChangerEvaluationSpeed" : {
        "totalBytes" : 152073,
        "totalCpuTime" : 84769824
      }
    }, {
      "indexId" : "FrameworkDetectionIndex",
      "partOfTotalIndexingTime" : {
        "part" : 34294692,
        "total" : 11004645630
      },
      "totalNumberOfFiles" : 1,
      "totalNumberOfFilesIndexedByExtensions" : 0,
      "totalFilesSize" : 15459,
      "indexValueChangerEvaluationSpeed" : {
        "totalBytes" : 15459,
        "totalCpuTime" : 34294692
      }
    }, {
      "indexId" : "php.array.shapes.entries",
      "partOfTotalIndexingTime" : {
        "part" : 30378734,
        "total" : 11004645630
      },
      "totalNumberOfFiles" : 49,
      "totalNumberOfFilesIndexedByExtensions" : 0,
      "totalFilesSize" : 152073,
      "indexValueChangerEvaluationSpeed" : {
        "totalBytes" : 152073,
        "totalCpuTime" : 30378734
      }
    }, {
      "indexId" : "php.function.parameters.used.as.regexp",
      "partOfTotalIndexingTime" : {
        "part" : 29334420,
        "total" : 11004645630
      },
      "totalNumberOfFiles" : 49,
      "totalNumberOfFilesIndexedByExtensions" : 0,
      "totalFilesSize" : 152073,
      "indexValueChangerEvaluationSpeed" : {
        "totalBytes" : 152073,
        "totalCpuTime" : 29334420
      }
    }, {
      "indexId" : "php.global.assignment.index",
      "partOfTotalIndexingTime" : {
        "part" : 25604991,
        "total" : 11004645630
      },
      "totalNumberOfFiles" : 49,
      "totalNumberOfFilesIndexedByExtensions" : 0,
      "totalFilesSize" : 152073,
      "indexValueChangerEvaluationSpeed" : {
        "totalBytes" : 152073,
        "totalCpuTime" : 25604991
      }
    }, {
      "indexId" : "php.constants.default.array.shapes",
      "partOfTotalIndexingTime" : {
        "part" : 18710790,
        "total" : 11004645630
      },
      "totalNumberOfFiles" : 49,
      "totalNumberOfFilesIndexedByExtensions" : 0,
      "totalFilesSize" : 152073,
      "indexValueChangerEvaluationSpeed" : {
        "totalBytes" : 152073,
        "totalCpuTime" : 18710790
      }
    }, {
      "indexId" : "php.doc.type.aliases.index",
      "partOfTotalIndexingTime" : {
        "part" : 17207545,
        "total" : 11004645630
      },
      "totalNumberOfFiles" : 49,
      "totalNumberOfFilesIndexedByExtensions" : 0,
      "totalFilesSize" : 152073,
      "indexValueChangerEvaluationSpeed" : {
        "totalBytes" : 152073,
        "totalCpuTime" : 17207545
      }
    }, {
      "indexId" : "php.fields.default.value.matchers",
      "partOfTotalIndexingTime" : {
        "part" : 16974305,
        "total" : 11004645630
      },
      "totalNumberOfFiles" : 49,
      "totalNumberOfFilesIndexedByExtensions" : 0,
      "totalFilesSize" : 152073,
      "indexValueChangerEvaluationSpeed" : {
        "totalBytes" : 152073,
        "totalCpuTime" : 16974305
      }
    }, {
      "indexId" : "php.unit.covers",
      "partOfTotalIndexingTime" : {
        "part" : 16690921,
        "total" : 11004645630
      },
      "totalNumberOfFiles" : 49,
      "totalNumberOfFilesIndexedByExtensions" : 0,
      "totalFilesSize" : 152073,
      "indexValueChangerEvaluationSpeed" : {
        "totalBytes" : 152073,
        "totalCpuTime" : 16690921
      }
    }, {
      "indexId" : "php.expected.function.return.values",
      "partOfTotalIndexingTime" : {
        "part" : 15132763,
        "total" : 11004645630
      },
      "totalNumberOfFiles" : 49,
      "totalNumberOfFilesIndexedByExtensions" : 0,
      "totalFilesSize" : 152073,
      "indexValueChangerEvaluationSpeed" : {
        "totalBytes" : 152073,
        "totalCpuTime" : 15132763
      }
    }, {
      "indexId" : "Trigram.Index",
      "partOfTotalIndexingTime" : {
        "part" : 15131542,
        "total" : 11004645630
      },
      "totalNumberOfFiles" : 50,
      "totalNumberOfFilesIndexedByExtensions" : 0,
      "totalFilesSize" : 167532,
      "indexValueChangerEvaluationSpeed" : {
        "totalBytes" : 167532,
        "totalCpuTime" : 15131542
      }
    }, {
      "indexId" : "php.expected.function.arguments",
      "partOfTotalIndexingTime" : {
        "part" : 12374150,
        "total" : 11004645630
      },
      "totalNumberOfFiles" : 49,
      "totalNumberOfFilesIndexedByExtensions" : 0,
      "totalFilesSize" : 152073,
      "indexValueChangerEvaluationSpeed" : {
        "totalBytes" : 152073,
        "totalCpuTime" : 12374150
      }
    }, {
      "indexId" : "php.used.parameters.array.keys",
      "partOfTotalIndexingTime" : {
        "part" : 12345036,
        "total" : 11004645630
      },
      "totalNumberOfFiles" : 49,
      "totalNumberOfFilesIndexedByExtensions" : 0,
      "totalFilesSize" : 152073,
      "indexValueChangerEvaluationSpeed" : {
        "totalBytes" : 152073,
        "totalCpuTime" : 12345036
      }
    }, {
      "indexId" : "SwReferencesIndex",
      "partOfTotalIndexingTime" : {
        "part" : 10988535,
        "total" : 11004645630
      },
      "totalNumberOfFiles" : 1,
      "totalNumberOfFilesIndexedByExtensions" : 0,
      "totalFilesSize" : 15459,
      "indexValueChangerEvaluationSpeed" : {
        "totalBytes" : 15459,
        "totalCpuTime" : 10988535
      }
    }, {
      "indexId" : "php.not.used.parameters",
      "partOfTotalIndexingTime" : {
        "part" : 9340165,
        "total" : 11004645630
      },
      "totalNumberOfFiles" : 49,
      "totalNumberOfFilesIndexedByExtensions" : 0,
      "totalFilesSize" : 152073,
      "indexValueChangerEvaluationSpeed" : {
        "totalBytes" : 152073,
        "totalCpuTime" : 9340165
      }
    }, {
      "indexId" : "php.parameters.default.value.matchers",
      "partOfTotalIndexingTime" : {
        "part" : 8220218,
        "total" : 11004645630
      },
      "totalNumberOfFiles" : 49,
      "totalNumberOfFilesIndexedByExtensions" : 0,
      "totalFilesSize" : 152073,
      "indexValueChangerEvaluationSpeed" : {
        "totalBytes" : 152073,
        "totalCpuTime" : 8220218
      }
    }, {
      "indexId" : "espend.php.annotation.usage",
      "partOfTotalIndexingTime" : {
        "part" : 6949734,
        "total" : 11004645630
      },
      "totalNumberOfFiles" : 49,
      "totalNumberOfFilesIndexedByExtensions" : 0,
      "totalFilesSize" : 152073,
      "indexValueChangerEvaluationSpeed" : {
        "totalBytes" : 152073,
        "totalCpuTime" : 6949734
      }
    }, {
      "indexId" : "php.method.name",
      "partOfTotalIndexingTime" : {
        "part" : 6399687,
        "total" : 11004645630
      },
      "totalNumberOfFiles" : 49,
      "totalNumberOfFilesIndexedByExtensions" : 0,
      "totalFilesSize" : 152073,
      "indexValueChangerEvaluationSpeed" : {
        "totalBytes" : 152073,
        "totalCpuTime" : 6399687
      }
    }, {
      "indexId" : "php.class.to.class.alias",
      "partOfTotalIndexingTime" : {
        "part" : 6206886,
        "total" : 11004645630
      },
      "totalNumberOfFiles" : 49,
      "totalNumberOfFilesIndexedByExtensions" : 0,
      "totalFilesSize" : 152073,
      "indexValueChangerEvaluationSpeed" : {
        "totalBytes" : 152073,
        "totalCpuTime" : 6206886
      }
    }, {
      "indexId" : "php.class.alias.fqn",
      "partOfTotalIndexingTime" : {
        "part" : 6166883,
        "total" : 11004645630
      },
      "totalNumberOfFiles" : 49,
      "totalNumberOfFilesIndexedByExtensions" : 0,
      "totalFilesSize" : 152073,
      "indexValueChangerEvaluationSpeed" : {
        "totalBytes" : 152073,
        "totalCpuTime" : 6166883
      }
    }, {
      "indexId" : "php.func.get.arg.usage.index",
      "partOfTotalIndexingTime" : {
        "part" : 6161803,
        "total" : 11004645630
      },
      "totalNumberOfFiles" : 49,
      "totalNumberOfFilesIndexedByExtensions" : 0,
      "totalFilesSize" : 152073,
      "indexValueChangerEvaluationSpeed" : {
        "totalBytes" : 152073,
        "totalCpuTime" : 6161803
      }
    }, {
      "indexId" : "php.putenv.arguments",
      "partOfTotalIndexingTime" : {
        "part" : 5957506,
        "total" : 11004645630
      },
      "totalNumberOfFiles" : 49,
      "totalNumberOfFilesIndexedByExtensions" : 0,
      "totalFilesSize" : 152073,
      "indexValueChangerEvaluationSpeed" : {
        "totalBytes" : 152073,
        "totalCpuTime" : 5957506
      }
    }, {
      "indexId" : "php.inferred.meta.pattern.index",
      "partOfTotalIndexingTime" : {
        "part" : 5254428,
        "total" : 11004645630
      },
      "totalNumberOfFiles" : 49,
      "totalNumberOfFilesIndexedByExtensions" : 0,
      "totalFilesSize" : 152073,
      "indexValueChangerEvaluationSpeed" : {
        "totalBytes" : 152073,
        "totalCpuTime" : 5254428
      }
    }, {
      "indexId" : "php.class.alias.to.class",
      "partOfTotalIndexingTime" : {
        "part" : 5215551,
        "total" : 11004645630
      },
      "totalNumberOfFiles" : 49,
      "totalNumberOfFilesIndexedByExtensions" : 0,
      "totalFilesSize" : 152073,
      "indexValueChangerEvaluationSpeed" : {
        "totalBytes" : 152073,
        "totalCpuTime" : 5215551
      }
    }, {
      "indexId" : "php.array.access.offsets",
      "partOfTotalIndexingTime" : {
        "part" : 5150455,
        "total" : 11004645630
      },
      "totalNumberOfFiles" : 49,
      "totalNumberOfFilesIndexedByExtensions" : 0,
      "totalFilesSize" : 152073,
      "indexValueChangerEvaluationSpeed" : {
        "totalBytes" : 152073,
        "totalCpuTime" : 5150455
      }
    }, {
      "indexId" : "espend.php.annotation.classes",
      "partOfTotalIndexingTime" : {
        "part" : 5083940,
        "total" : 11004645630
      },
      "totalNumberOfFiles" : 49,
      "totalNumberOfFilesIndexedByExtensions" : 0,
      "totalFilesSize" : 152073,
      "indexValueChangerEvaluationSpeed" : {
        "totalBytes" : 152073,
        "totalCpuTime" : 5083940
      }
    }, {
      "indexId" : "php.class.alias.name",
      "partOfTotalIndexingTime" : {
        "part" : 4889983,
        "total" : 11004645630
      },
      "totalNumberOfFiles" : 49,
      "totalNumberOfFilesIndexedByExtensions" : 0,
      "totalFilesSize" : 152073,
      "indexValueChangerEvaluationSpeed" : {
        "totalBytes" : 152073,
        "totalCpuTime" : 4889983
      }
    }, {
      "indexId" : "php.function.name",
      "partOfTotalIndexingTime" : {
        "part" : 4840152,
        "total" : 11004645630
      },
      "totalNumberOfFiles" : 49,
      "totalNumberOfFilesIndexedByExtensions" : 0,
      "totalFilesSize" : 152073,
      "indexValueChangerEvaluationSpeed" : {
        "totalBytes" : 152073,
        "totalCpuTime" : 4840152
      }
    }, {
      "indexId" : "php.functions.with.not.catched.dynamic.passed.calls",
      "partOfTotalIndexingTime" : {
        "part" : 4833200,
        "total" : 11004645630
      },
      "totalNumberOfFiles" : 49,
      "totalNumberOfFilesIndexedByExtensions" : 0,
      "totalFilesSize" : 152073,
      "indexValueChangerEvaluationSpeed" : {
        "totalBytes" : 152073,
        "totalCpuTime" : 4833200
      }
    }, {
      "indexId" : "php.serialize.function.calls.offsets",
      "partOfTotalIndexingTime" : {
        "part" : 4290776,
        "total" : 11004645630
      },
      "totalNumberOfFiles" : 49,
      "totalNumberOfFilesIndexedByExtensions" : 0,
      "totalFilesSize" : 152073,
      "indexValueChangerEvaluationSpeed" : {
        "totalBytes" : 152073,
        "totalCpuTime" : 4290776
      }
    }, {
      "indexId" : "php.function.always.re",
      "partOfTotalIndexingTime" : {
        "part" : 4046587,
        "total" : 11004645630
      },
      "totalNumberOfFiles" : 49,
      "totalNumberOfFilesIndexedByExtensions" : 0,
      "totalFilesSize" : 152073,
      "indexValueChangerEvaluationSpeed" : {
        "totalBytes" : 152073,
        "totalCpuTime" : 4046587
      }
    }, {
      "indexId" : "php.exit.point.function.index",
      "partOfTotalIndexingTime" : {
        "part" : 3743736,
        "total" : 11004645630
      },
      "totalNumberOfFiles" : 49,
      "totalNumberOfFilesIndexedByExtensions" : 0,
      "totalFilesSize" : 152073,
      "indexValueChangerEvaluationSpeed" : {
        "totalBytes" : 152073,
        "totalCpuTime" : 3743736
      }
    }, {
      "indexId" : "json.file.root.values",
      "partOfTotalIndexingTime" : {
        "part" : 3330860,
        "total" : 11004645630
      },
      "totalNumberOfFiles" : 1,
      "totalNumberOfFilesIndexedByExtensions" : 0,
      "totalFilesSize" : 15459,
      "indexValueChangerEvaluationSpeed" : {
        "totalBytes" : 15459,
        "totalCpuTime" : 3330860
      }
    }, {
      "indexId" : "php.unit.data.providers",
      "partOfTotalIndexingTime" : {
        "part" : 3151868,
        "total" : 11004645630
      },
      "totalNumberOfFiles" : 49,
      "totalNumberOfFilesIndexedByExtensions" : 0,
      "totalFilesSize" : 152073,
      "indexValueChangerEvaluationSpeed" : {
        "totalBytes" : 152073,
        "totalCpuTime" : 3151868
      }
    }, {
      "indexId" : "php.aliased.trait.method.name",
      "partOfTotalIndexingTime" : {
        "part" : 2757888,
        "total" : 11004645630
      },
      "totalNumberOfFiles" : 49,
      "totalNumberOfFilesIndexedByExtensions" : 0,
      "totalFilesSize" : 152073,
      "indexValueChangerEvaluationSpeed" : {
        "totalBytes" : 152073,
        "totalCpuTime" : 2757888
      }
    }, {
      "indexId" : "php.class.attributes.name",
      "partOfTotalIndexingTime" : {
        "part" : 2604630,
        "total" : 11004645630
      },
      "totalNumberOfFiles" : 49,
      "totalNumberOfFilesIndexedByExtensions" : 0,
      "totalFilesSize" : 152073,
      "indexValueChangerEvaluationSpeed" : {
        "totalBytes" : 152073,
        "totalCpuTime" : 2604630
      }
    }, {
      "indexId" : "HashFragmentIndex",
      "partOfTotalIndexingTime" : {
        "part" : 2283837,
        "total" : 11004645630
      },
      "totalNumberOfFiles" : 1,
      "totalNumberOfFilesIndexedByExtensions" : 0,
      "totalFilesSize" : 162,
      "indexValueChangerEvaluationSpeed" : {
        "totalBytes" : 162,
        "totalCpuTime" : 2283837
      }
    }, {
      "indexId" : "php.trait.usage",
      "partOfTotalIndexingTime" : {
        "part" : 1882200,
        "total" : 11004645630
      },
      "totalNumberOfFiles" : 49,
      "totalNumberOfFilesIndexedByExtensions" : 0,
      "totalFilesSize" : 152073,
      "indexValueChangerEvaluationSpeed" : {
        "totalBytes" : 152073,
        "totalCpuTime" : 1882200
      }
    }, {
      "indexId" : "php.constant.name",
      "partOfTotalIndexingTime" : {
        "part" : 1704672,
        "total" : 11004645630
      },
      "totalNumberOfFiles" : 49,
      "totalNumberOfFilesIndexedByExtensions" : 0,
      "totalFilesSize" : 152073,
      "indexValueChangerEvaluationSpeed" : {
        "totalBytes" : 152073,
        "totalCpuTime" : 1704672
      }
    }, {
      "indexId" : "HtmlTagIdIndex",
      "partOfTotalIndexingTime" : {
        "part" : 1652201,
        "total" : 11004645630
      },
      "totalNumberOfFiles" : 49,
      "totalNumberOfFilesIndexedByExtensions" : 0,
      "totalFilesSize" : 152073,
      "indexValueChangerEvaluationSpeed" : {
        "totalBytes" : 152073,
        "totalCpuTime" : 1652201
      }
    }, {
      "indexId" : "php.namespace.inheritance",
      "partOfTotalIndexingTime" : {
        "part" : 1384905,
        "total" : 11004645630
      },
      "totalNumberOfFiles" : 49,
      "totalNumberOfFilesIndexedByExtensions" : 0,
      "totalFilesSize" : 152073,
      "indexValueChangerEvaluationSpeed" : {
        "totalBytes" : 152073,
        "totalCpuTime" : 1384905
      }
    }, {
      "indexId" : "php.class.fqn",
      "partOfTotalIndexingTime" : {
        "part" : 1277200,
        "total" : 11004645630
      },
      "totalNumberOfFiles" : 49,
      "totalNumberOfFilesIndexedByExtensions" : 0,
      "totalFilesSize" : 152073,
      "indexValueChangerEvaluationSpeed" : {
        "totalBytes" : 152073,
        "totalCpuTime" : 1277200
      }
    }, {
      "indexId" : "php.constants.default.expected.arguments",
      "partOfTotalIndexingTime" : {
        "part" : 1095528,
        "total" : 11004645630
      },
      "totalNumberOfFiles" : 49,
      "totalNumberOfFilesIndexedByExtensions" : 0,
      "totalFilesSize" : 152073,
      "indexValueChangerEvaluationSpeed" : {
        "totalBytes" : 152073,
        "totalCpuTime" : 1095528
      }
    }, {
      "indexId" : "php.interface.fqn",
      "partOfTotalIndexingTime" : {
        "part" : 1075254,
        "total" : 11004645630
      },
      "totalNumberOfFiles" : 49,
      "totalNumberOfFilesIndexedByExtensions" : 0,
      "totalFilesSize" : 152073,
      "indexValueChangerEvaluationSpeed" : {
        "totalBytes" : 152073,
        "totalCpuTime" : 1075254
      }
    }, {
      "indexId" : "OpenapiSpecificationContentIndexer",
      "partOfTotalIndexingTime" : {
        "part" : 945220,
        "total" : 11004645630
      },
      "totalNumberOfFiles" : 1,
      "totalNumberOfFilesIndexedByExtensions" : 0,
      "totalFilesSize" : 15459,
      "indexValueChangerEvaluationSpeed" : {
        "totalBytes" : 15459,
        "totalCpuTime" : 945220
      }
    }, {
      "indexId" : "php.file.constants.default.value.matchers",
      "partOfTotalIndexingTime" : {
        "part" : 909612,
        "total" : 11004645630
      },
      "totalNumberOfFiles" : 49,
      "totalNumberOfFilesIndexedByExtensions" : 0,
      "totalFilesSize" : 152073,
      "indexValueChangerEvaluationSpeed" : {
        "totalBytes" : 152073,
        "totalCpuTime" : 909612
      }
    }, {
      "indexId" : "HtmlScriptSrcIndex",
      "partOfTotalIndexingTime" : {
        "part" : 719255,
        "total" : 11004645630
      },
      "totalNumberOfFiles" : 49,
      "totalNumberOfFilesIndexedByExtensions" : 0,
      "totalFilesSize" : 152073,
      "indexValueChangerEvaluationSpeed" : {
        "totalBytes" : 152073,
        "totalCpuTime" : 719255
      }
    }, {
      "indexId" : "php.variable.name",
      "partOfTotalIndexingTime" : {
        "part" : 659554,
        "total" : 11004645630
      },
      "totalNumberOfFiles" : 49,
      "totalNumberOfFilesIndexedByExtensions" : 0,
      "totalFilesSize" : 152073,
      "indexValueChangerEvaluationSpeed" : {
        "totalBytes" : 152073,
        "totalCpuTime" : 659554
      }
    } ],
    "statisticsOfChangedDuringIndexingFiles" : {
      "numberOfFiles" : 66,
      "retrievingTime" : 11894259
    },
    "fileProviderStatistics" : [ {
      "providerName" : "Refreshed files",
      "totalNumberOfIndexedFiles" : 66,
      "totalNumberOfFilesFullyIndexedByExtensions" : 0,
      "totalNumberOfNothingToWriteFiles" : 1,
      "totalIndexingVisibleTime" : 17674288775,
      "contentLoadingVisibleTime" : 19900068,
      "numberOfTooLargeForIndexingFiles" : 0,
      "slowIndexedFiles" : [ {
        "fileName" : "SocketService.php",
        "processingTime" : 702842641,
        "evaluationOfIndexValueChangerTime" : 388377249,
        "contentLoadingTime" : 884977
      }, {
        "fileName" : "GetBetSettlementCommand.php",
        "processingTime" : 1099535742,
        "evaluationOfIndexValueChangerTime" : 14947804,
        "contentLoadingTime" : 233162
      }, {
        "fileName" : "MatchDataEntity.php",
        "processingTime" : 1492738889,
        "evaluationOfIndexValueChangerTime" : 242633877,
        "contentLoadingTime" : 5715055
      }, {
        "fileName" : "MysqlClient.php",
        "processingTime" : 2447947898,
        "evaluationOfIndexValueChangerTime" : 656267620,
        "contentLoadingTime" : 1255892
      }, {
        "fileName" : "OddsChangeHub.php",
        "processingTime" : 5877676474,
        "evaluationOfIndexValueChangerTime" : 868481806,
        "contentLoadingTime" : 2116253
      }, {
        "fileName" : "ResponseHistoryServiceInterface.php",
        "processingTime" : 2048795258,
        "evaluationOfIndexValueChangerTime" : 38907559,
        "contentLoadingTime" : 1128097
      }, {
        "fileName" : "LoginResponseModel.php",
        "processingTime" : 1633305884,
        "evaluationOfIndexValueChangerTime" : 13122205,
        "contentLoadingTime" : 1069466
      }, {
        "fileName" : "DbServiceInterface.php",
        "processingTime" : 3966904100,
        "evaluationOfIndexValueChangerTime" : 400706912,
        "contentLoadingTime" : 722876
      }, {
        "fileName" : "ResponseHistoryService.php",
        "processingTime" : 5932164666,
        "evaluationOfIndexValueChangerTime" : 1368700014,
        "contentLoadingTime" : 146083
      }, {
        "fileName" : "SettlementEntry.php",
        "processingTime" : 17603781457,
        "evaluationOfIndexValueChangerTime" : 3838971497,
        "contentLoadingTime" : 464604
      } ],
      "filesFullyIndexedByExtensions" : [ ],
      "separateApplyingIndexesVisibleTime" : 925159663
    } ],
    "visibleTimeToAllThreadTimeRatio" : 0.365679578318523
  }
}