{
  "appInfo" : {
    "build" : "233.11799.241",
    "buildDate" : "2023-12-02T05:05:00Z[UTC]",
    "productCode" : "IU",
    "generated" : "2024-01-02T14:15:49.154516Z",
    "os" : "macOS 13.6",
    "runtime" : "JetBrains s.r.o. 17.0.9 17.0.9+7-b1087.7"
  },
  "runtimeInfo" : {
    "maxMemory" : 1572864000,
    "numberOfProcessors" : 4,
    "maxNumberOfIndexingThreads" : 3,
    "maxSizeOfFileForIntelliSense" : 2560000,
    "maxSizeOfFileForContentLoading" : 20971520
  },
  "type" : "DumbIndexing",
  "projectIndexingActivityHistory" : {
    "projectName" : "backend",
    "times" : {
      "scanningIds" : [ ],
      "contentLoadingVisibleTime" : 26293988,
      "retrievingChangedDuringIndexingFilesTime" : 3216953,
      "separateApplyingIndexesVisibleTime" : 76526200,
      "updatingStart" : "2024-01-02T14:15:47.212499Z",
      "updatingEnd" : "2024-01-02T14:15:49.147652Z",
      "totalWallTimeWithPauses" : 1935113535,
      "wallTimeOnPause" : 0,
      "wasInterrupted" : false,
      "dumbModeStart" : "2024-01-02T14:15:47.212499Z",
      "dumbWallTimeWithPauses" : 1935113535,
      "dumbWallTimeWithoutPauses" : 1935113535,
      "totalWallTimeWithoutPauses" : 1935113535
    },
    "fileCount" : {
      "numberOfChangedDuringIndexingFiles" : 39,
      "numberOfFilesIndexedByInfrastructureExtensionsDuringIndexingStage" : 0,
      "numberOfFilesIndexedWithLoadingContent" : 39,
      "numberOfNothingToWriteFiles" : 9
    },
    "totalStatsPerFileType" : [ {
      "fileType" : "PHP",
      "partOfTotalProcessingTime" : {
        "part" : 5168870964,
        "total" : 5431221467
      },
      "partOfTotalContentLoadingTime" : {
        "part" : 16950475,
        "total" : 74282240
      },
      "totalNumberOfFiles" : 27,
      "totalFilesSize" : 406016,
      "totalProcessingSpeed" : {
        "totalBytes" : 406016,
        "totalCpuTime" : 5168870964
      },
      "biggestContributors" : [ {
        "providerName" : "Refreshed files",
        "numberOfFiles" : 27,
        "totalFilesSize" : 406016,
        "partOfTotalProcessingTimeOfThisFileType" : {
          "part" : 5168870964,
          "total" : 5168870964
        }
      } ]
    }, {
      "fileType" : "YAML",
      "partOfTotalProcessingTime" : {
        "part" : 200350758,
        "total" : 5431221467
      },
      "partOfTotalContentLoadingTime" : {
        "part" : 442059,
        "total" : 74282240
      },
      "totalNumberOfFiles" : 1,
      "totalFilesSize" : 838,
      "totalProcessingSpeed" : {
        "totalBytes" : 838,
        "totalCpuTime" : 200350758
      },
      "biggestContributors" : [ {
        "providerName" : "Refreshed files",
        "numberOfFiles" : 1,
        "totalFilesSize" : 838,
        "partOfTotalProcessingTimeOfThisFileType" : {
          "part" : 200350758,
          "total" : 200350758
        }
      } ]
    }, {
      "fileType" : "MyNativeFile",
      "partOfTotalProcessingTime" : {
        "part" : 58992005,
        "total" : 5431221467
      },
      "partOfTotalContentLoadingTime" : {
        "part" : 56730231,
        "total" : 74282240
      },
      "totalNumberOfFiles" : 9,
      "totalFilesSize" : 8839255,
      "totalProcessingSpeed" : {
        "totalBytes" : 8839255,
        "totalCpuTime" : 58992005
      },
      "biggestContributors" : [ {
        "providerName" : "Refreshed files",
        "numberOfFiles" : 9,
        "totalFilesSize" : 8839255,
        "partOfTotalProcessingTimeOfThisFileType" : {
          "part" : 58992005,
          "total" : 58992005
        }
      } ]
    }, {
      "fileType" : "AUTO_DETECTED",
      "partOfTotalProcessingTime" : {
        "part" : 3007740,
        "total" : 5431221467
      },
      "partOfTotalContentLoadingTime" : {
        "part" : 159475,
        "total" : 74282240
      },
      "totalNumberOfFiles" : 2,
      "totalFilesSize" : 0,
      "totalProcessingSpeed" : {
        "totalBytes" : 0,
        "totalCpuTime" : 3007740
      },
      "biggestContributors" : [ {
        "providerName" : "Refreshed files",
        "numberOfFiles" : 2,
        "totalFilesSize" : 0,
        "partOfTotalProcessingTimeOfThisFileType" : {
          "part" : 3007740,
          "total" : 3007740
        }
      } ]
    } ],
    "totalStatsPerBaseLanguage" : [ {
      "language" : "PHP",
      "partOfTotalProcessingTime" : {
        "part" : 5168870964,
        "total" : 5431221467
      },
      "partOfTotalContentLoadingTime" : {
        "part" : 91232715,
        "total" : 74282240
      },
      "totalNumberOfFiles" : 27,
      "totalFilesSize" : 406016,
      "totalProcessingSpeed" : {
        "totalBytes" : 406016,
        "totalCpuTime" : 5168870964
      }
    }, {
      "language" : "yaml",
      "partOfTotalProcessingTime" : {
        "part" : 200350758,
        "total" : 5431221467
      },
      "partOfTotalContentLoadingTime" : {
        "part" : 74724299,
        "total" : 74282240
      },
      "totalNumberOfFiles" : 1,
      "totalFilesSize" : 838,
      "totalProcessingSpeed" : {
        "totalBytes" : 838,
        "totalCpuTime" : 200350758
      }
    } ],
    "totalStatsPerIndexer" : [ {
      "indexId" : "Stubs",
      "partOfTotalIndexingTime" : {
        "part" : 516507755,
        "total" : 1969411302
      },
      "totalNumberOfFiles" : 27,
      "totalNumberOfFilesIndexedByExtensions" : 0,
      "totalFilesSize" : 406016,
      "indexValueChangerEvaluationSpeed" : {
        "totalBytes" : 406016,
        "totalCpuTime" : 516507755
      }
    }, {
      "indexId" : "php.invoke.calls.offsets",
      "partOfTotalIndexingTime" : {
        "part" : 402675044,
        "total" : 1969411302
      },
      "totalNumberOfFiles" : 27,
      "totalNumberOfFilesIndexedByExtensions" : 0,
      "totalFilesSize" : 406016,
      "indexValueChangerEvaluationSpeed" : {
        "totalBytes" : 406016,
        "totalCpuTime" : 402675044
      }
    }, {
      "indexId" : "php.class.name",
      "partOfTotalIndexingTime" : {
        "part" : 257782941,
        "total" : 1969411302
      },
      "totalNumberOfFiles" : 27,
      "totalNumberOfFilesIndexedByExtensions" : 0,
      "totalFilesSize" : 406016,
      "indexValueChangerEvaluationSpeed" : {
        "totalBytes" : 406016,
        "totalCpuTime" : 257782941
      }
    }, {
      "indexId" : "css.template.selectors",
      "partOfTotalIndexingTime" : {
        "part" : 116305239,
        "total" : 1969411302
      },
      "totalNumberOfFiles" : 27,
      "totalNumberOfFilesIndexedByExtensions" : 0,
      "totalFilesSize" : 406016,
      "indexValueChangerEvaluationSpeed" : {
        "totalBytes" : 406016,
        "totalCpuTime" : 116305239
      }
    }, {
      "indexId" : "IdIndex",
      "partOfTotalIndexingTime" : {
        "part" : 108227983,
        "total" : 1969411302
      },
      "totalNumberOfFiles" : 28,
      "totalNumberOfFilesIndexedByExtensions" : 0,
      "totalFilesSize" : 406854,
      "indexValueChangerEvaluationSpeed" : {
        "totalBytes" : 406854,
        "totalCpuTime" : 108227983
      }
    }, {
      "indexId" : "php.max.language.level",
      "partOfTotalIndexingTime" : {
        "part" : 79683068,
        "total" : 1969411302
      },
      "totalNumberOfFiles" : 27,
      "totalNumberOfFilesIndexedByExtensions" : 0,
      "totalFilesSize" : 406016,
      "indexValueChangerEvaluationSpeed" : {
        "totalBytes" : 406016,
        "totalCpuTime" : 79683068
      }
    }, {
      "indexId" : "HashFragmentIndex",
      "partOfTotalIndexingTime" : {
        "part" : 74069473,
        "total" : 1969411302
      },
      "totalNumberOfFiles" : 27,
      "totalNumberOfFilesIndexedByExtensions" : 0,
      "totalFilesSize" : 406016,
      "indexValueChangerEvaluationSpeed" : {
        "totalBytes" : 406016,
        "totalCpuTime" : 74069473
      }
    }, {
      "indexId" : "php.inferred.meta.pattern.index",
      "partOfTotalIndexingTime" : {
        "part" : 46989586,
        "total" : 1969411302
      },
      "totalNumberOfFiles" : 27,
      "totalNumberOfFilesIndexedByExtensions" : 0,
      "totalFilesSize" : 406016,
      "indexValueChangerEvaluationSpeed" : {
        "totalBytes" : 406016,
        "totalCpuTime" : 46989586
      }
    }, {
      "indexId" : "CssIndex",
      "partOfTotalIndexingTime" : {
        "part" : 45258805,
        "total" : 1969411302
      },
      "totalNumberOfFiles" : 27,
      "totalNumberOfFilesIndexedByExtensions" : 0,
      "totalFilesSize" : 406016,
      "indexValueChangerEvaluationSpeed" : {
        "totalBytes" : 406016,
        "totalCpuTime" : 45258805
      }
    }, {
      "indexId" : "php.global.assignment.index",
      "partOfTotalIndexingTime" : {
        "part" : 29753431,
        "total" : 1969411302
      },
      "totalNumberOfFiles" : 27,
      "totalNumberOfFilesIndexedByExtensions" : 0,
      "totalFilesSize" : 406016,
      "indexValueChangerEvaluationSpeed" : {
        "totalBytes" : 406016,
        "totalCpuTime" : 29753431
      }
    }, {
      "indexId" : "php.doc.type.aliases.index",
      "partOfTotalIndexingTime" : {
        "part" : 23297381,
        "total" : 1969411302
      },
      "totalNumberOfFiles" : 27,
      "totalNumberOfFilesIndexedByExtensions" : 0,
      "totalFilesSize" : 406016,
      "indexValueChangerEvaluationSpeed" : {
        "totalBytes" : 406016,
        "totalCpuTime" : 23297381
      }
    }, {
      "indexId" : "docker.compose.services",
      "partOfTotalIndexingTime" : {
        "part" : 19757444,
        "total" : 1969411302
      },
      "totalNumberOfFiles" : 1,
      "totalNumberOfFilesIndexedByExtensions" : 0,
      "totalFilesSize" : 838,
      "indexValueChangerEvaluationSpeed" : {
        "totalBytes" : 838,
        "totalCpuTime" : 19757444
      }
    }, {
      "indexId" : "php.generator.operands.type.index",
      "partOfTotalIndexingTime" : {
        "part" : 17331748,
        "total" : 1969411302
      },
      "totalNumberOfFiles" : 27,
      "totalNumberOfFilesIndexedByExtensions" : 0,
      "totalFilesSize" : 406016,
      "indexValueChangerEvaluationSpeed" : {
        "totalBytes" : 406016,
        "totalCpuTime" : 17331748
      }
    }, {
      "indexId" : "php.method.name",
      "partOfTotalIndexingTime" : {
        "part" : 16929770,
        "total" : 1969411302
      },
      "totalNumberOfFiles" : 27,
      "totalNumberOfFilesIndexedByExtensions" : 0,
      "totalFilesSize" : 406016,
      "indexValueChangerEvaluationSpeed" : {
        "totalBytes" : 406016,
        "totalCpuTime" : 16929770
      }
    }, {
      "indexId" : "php.doctag.user.name",
      "partOfTotalIndexingTime" : {
        "part" : 16762448,
        "total" : 1969411302
      },
      "totalNumberOfFiles" : 27,
      "totalNumberOfFilesIndexedByExtensions" : 0,
      "totalFilesSize" : 406016,
      "indexValueChangerEvaluationSpeed" : {
        "totalBytes" : 406016,
        "totalCpuTime" : 16762448
      }
    }, {
      "indexId" : "php.function.parameters.used.as.regexp",
      "partOfTotalIndexingTime" : {
        "part" : 16529691,
        "total" : 1969411302
      },
      "totalNumberOfFiles" : 27,
      "totalNumberOfFilesIndexedByExtensions" : 0,
      "totalFilesSize" : 406016,
      "indexValueChangerEvaluationSpeed" : {
        "totalBytes" : 406016,
        "totalCpuTime" : 16529691
      }
    }, {
      "indexId" : "php.class.alias.fqn",
      "partOfTotalIndexingTime" : {
        "part" : 15699315,
        "total" : 1969411302
      },
      "totalNumberOfFiles" : 27,
      "totalNumberOfFilesIndexedByExtensions" : 0,
      "totalFilesSize" : 406016,
      "indexValueChangerEvaluationSpeed" : {
        "totalBytes" : 406016,
        "totalCpuTime" : 15699315
      }
    }, {
      "indexId" : "Trigram.Index",
      "partOfTotalIndexingTime" : {
        "part" : 14966899,
        "total" : 1969411302
      },
      "totalNumberOfFiles" : 30,
      "totalNumberOfFilesIndexedByExtensions" : 0,
      "totalFilesSize" : 406854,
      "indexValueChangerEvaluationSpeed" : {
        "totalBytes" : 406854,
        "totalCpuTime" : 14966899
      }
    }, {
      "indexId" : "php.unit.data.providers",
      "partOfTotalIndexingTime" : {
        "part" : 13174953,
        "total" : 1969411302
      },
      "totalNumberOfFiles" : 27,
      "totalNumberOfFilesIndexedByExtensions" : 0,
      "totalFilesSize" : 406016,
      "indexValueChangerEvaluationSpeed" : {
        "totalBytes" : 406016,
        "totalCpuTime" : 13174953
      }
    }, {
      "indexId" : "php.not.used.parameters",
      "partOfTotalIndexingTime" : {
        "part" : 12729569,
        "total" : 1969411302
      },
      "totalNumberOfFiles" : 27,
      "totalNumberOfFilesIndexedByExtensions" : 0,
      "totalFilesSize" : 406016,
      "indexValueChangerEvaluationSpeed" : {
        "totalBytes" : 406016,
        "totalCpuTime" : 12729569
      }
    }, {
      "indexId" : "php.used.parameters.array.keys",
      "partOfTotalIndexingTime" : {
        "part" : 11879961,
        "total" : 1969411302
      },
      "totalNumberOfFiles" : 27,
      "totalNumberOfFilesIndexedByExtensions" : 0,
      "totalFilesSize" : 406016,
      "indexValueChangerEvaluationSpeed" : {
        "totalBytes" : 406016,
        "totalCpuTime" : 11879961
      }
    }, {
      "indexId" : "php.exit.point.function.index",
      "partOfTotalIndexingTime" : {
        "part" : 11009584,
        "total" : 1969411302
      },
      "totalNumberOfFiles" : 27,
      "totalNumberOfFilesIndexedByExtensions" : 0,
      "totalFilesSize" : 406016,
      "indexValueChangerEvaluationSpeed" : {
        "totalBytes" : 406016,
        "totalCpuTime" : 11009584
      }
    }, {
      "indexId" : "php.array.shapes.entries",
      "partOfTotalIndexingTime" : {
        "part" : 10413193,
        "total" : 1969411302
      },
      "totalNumberOfFiles" : 27,
      "totalNumberOfFilesIndexedByExtensions" : 0,
      "totalFilesSize" : 406016,
      "indexValueChangerEvaluationSpeed" : {
        "totalBytes" : 406016,
        "totalCpuTime" : 10413193
      }
    }, {
      "indexId" : "php.expected.function.return.values",
      "partOfTotalIndexingTime" : {
        "part" : 9219038,
        "total" : 1969411302
      },
      "totalNumberOfFiles" : 27,
      "totalNumberOfFilesIndexedByExtensions" : 0,
      "totalFilesSize" : 406016,
      "indexValueChangerEvaluationSpeed" : {
        "totalBytes" : 406016,
        "totalCpuTime" : 9219038
      }
    }, {
      "indexId" : "SwReferencesIndex",
      "partOfTotalIndexingTime" : {
        "part" : 8488294,
        "total" : 1969411302
      },
      "totalNumberOfFiles" : 1,
      "totalNumberOfFilesIndexedByExtensions" : 0,
      "totalFilesSize" : 838,
      "indexValueChangerEvaluationSpeed" : {
        "totalBytes" : 838,
        "totalCpuTime" : 8488294
      }
    }, {
      "indexId" : "php.fields.default.value.matchers",
      "partOfTotalIndexingTime" : {
        "part" : 5824770,
        "total" : 1969411302
      },
      "totalNumberOfFiles" : 27,
      "totalNumberOfFilesIndexedByExtensions" : 0,
      "totalFilesSize" : 406016,
      "indexValueChangerEvaluationSpeed" : {
        "totalBytes" : 406016,
        "totalCpuTime" : 5824770
      }
    }, {
      "indexId" : "yaml.keys.name",
      "partOfTotalIndexingTime" : {
        "part" : 5050063,
        "total" : 1969411302
      },
      "totalNumberOfFiles" : 1,
      "totalNumberOfFilesIndexedByExtensions" : 0,
      "totalFilesSize" : 838,
      "indexValueChangerEvaluationSpeed" : {
        "totalBytes" : 838,
        "totalCpuTime" : 5050063
      }
    }, {
      "indexId" : "php.unit.covers",
      "partOfTotalIndexingTime" : {
        "part" : 4696580,
        "total" : 1969411302
      },
      "totalNumberOfFiles" : 27,
      "totalNumberOfFilesIndexedByExtensions" : 0,
      "totalFilesSize" : 406016,
      "indexValueChangerEvaluationSpeed" : {
        "totalBytes" : 406016,
        "totalCpuTime" : 4696580
      }
    }, {
      "indexId" : "php.func.get.arg.usage.index",
      "partOfTotalIndexingTime" : {
        "part" : 4394621,
        "total" : 1969411302
      },
      "totalNumberOfFiles" : 27,
      "totalNumberOfFilesIndexedByExtensions" : 0,
      "totalFilesSize" : 406016,
      "indexValueChangerEvaluationSpeed" : {
        "totalBytes" : 406016,
        "totalCpuTime" : 4394621
      }
    }, {
      "indexId" : "js.custom.single.entry.index",
      "partOfTotalIndexingTime" : {
        "part" : 4196121,
        "total" : 1969411302
      },
      "totalNumberOfFiles" : 27,
      "totalNumberOfFilesIndexedByExtensions" : 0,
      "totalFilesSize" : 406016,
      "indexValueChangerEvaluationSpeed" : {
        "totalBytes" : 406016,
        "totalCpuTime" : 4196121
      }
    }, {
      "indexId" : "php.functions.with.not.catched.dynamic.passed.calls",
      "partOfTotalIndexingTime" : {
        "part" : 4077254,
        "total" : 1969411302
      },
      "totalNumberOfFiles" : 27,
      "totalNumberOfFilesIndexedByExtensions" : 0,
      "totalFilesSize" : 406016,
      "indexValueChangerEvaluationSpeed" : {
        "totalBytes" : 406016,
        "totalCpuTime" : 4077254
      }
    }, {
      "indexId" : "php.expected.function.arguments",
      "partOfTotalIndexingTime" : {
        "part" : 4055947,
        "total" : 1969411302
      },
      "totalNumberOfFiles" : 27,
      "totalNumberOfFilesIndexedByExtensions" : 0,
      "totalFilesSize" : 406016,
      "indexValueChangerEvaluationSpeed" : {
        "totalBytes" : 406016,
        "totalCpuTime" : 4055947
      }
    }, {
      "indexId" : "php.serialize.function.calls.offsets",
      "partOfTotalIndexingTime" : {
        "part" : 3983823,
        "total" : 1969411302
      },
      "totalNumberOfFiles" : 27,
      "totalNumberOfFilesIndexedByExtensions" : 0,
      "totalFilesSize" : 406016,
      "indexValueChangerEvaluationSpeed" : {
        "totalBytes" : 406016,
        "totalCpuTime" : 3983823
      }
    }, {
      "indexId" : "php.parameters.default.value.matchers",
      "partOfTotalIndexingTime" : {
        "part" : 3800665,
        "total" : 1969411302
      },
      "totalNumberOfFiles" : 27,
      "totalNumberOfFilesIndexedByExtensions" : 0,
      "totalFilesSize" : 406016,
      "indexValueChangerEvaluationSpeed" : {
        "totalBytes" : 406016,
        "totalCpuTime" : 3800665
      }
    }, {
      "indexId" : "php.field.names.accessed.by.the.constructor",
      "partOfTotalIndexingTime" : {
        "part" : 3666391,
        "total" : 1969411302
      },
      "totalNumberOfFiles" : 27,
      "totalNumberOfFilesIndexedByExtensions" : 0,
      "totalFilesSize" : 406016,
      "indexValueChangerEvaluationSpeed" : {
        "totalBytes" : 406016,
        "totalCpuTime" : 3666391
      }
    }, {
      "indexId" : "php.generic.template.index",
      "partOfTotalIndexingTime" : {
        "part" : 3580281,
        "total" : 1969411302
      },
      "totalNumberOfFiles" : 27,
      "totalNumberOfFilesIndexedByExtensions" : 0,
      "totalFilesSize" : 406016,
      "indexValueChangerEvaluationSpeed" : {
        "totalBytes" : 406016,
        "totalCpuTime" : 3580281
      }
    }, {
      "indexId" : "php.array.access.offsets",
      "partOfTotalIndexingTime" : {
        "part" : 3572884,
        "total" : 1969411302
      },
      "totalNumberOfFiles" : 27,
      "totalNumberOfFilesIndexedByExtensions" : 0,
      "totalFilesSize" : 406016,
      "indexValueChangerEvaluationSpeed" : {
        "totalBytes" : 406016,
        "totalCpuTime" : 3572884
      }
    }, {
      "indexId" : "php.constants.default.expected.arguments",
      "partOfTotalIndexingTime" : {
        "part" : 3405627,
        "total" : 1969411302
      },
      "totalNumberOfFiles" : 27,
      "totalNumberOfFilesIndexedByExtensions" : 0,
      "totalFilesSize" : 406016,
      "indexValueChangerEvaluationSpeed" : {
        "totalBytes" : 406016,
        "totalCpuTime" : 3405627
      }
    }, {
      "indexId" : "php.trait.usage",
      "partOfTotalIndexingTime" : {
        "part" : 1966744,
        "total" : 1969411302
      },
      "totalNumberOfFiles" : 27,
      "totalNumberOfFilesIndexedByExtensions" : 0,
      "totalFilesSize" : 406016,
      "indexValueChangerEvaluationSpeed" : {
        "totalBytes" : 406016,
        "totalCpuTime" : 1966744
      }
    }, {
      "indexId" : "php.constants.default.array.shapes",
      "partOfTotalIndexingTime" : {
        "part" : 1947250,
        "total" : 1969411302
      },
      "totalNumberOfFiles" : 27,
      "totalNumberOfFilesIndexedByExtensions" : 0,
      "totalFilesSize" : 406016,
      "indexValueChangerEvaluationSpeed" : {
        "totalBytes" : 406016,
        "totalCpuTime" : 1947250
      }
    }, {
      "indexId" : "php.putenv.arguments",
      "partOfTotalIndexingTime" : {
        "part" : 1901078,
        "total" : 1969411302
      },
      "totalNumberOfFiles" : 27,
      "totalNumberOfFilesIndexedByExtensions" : 0,
      "totalFilesSize" : 406016,
      "indexValueChangerEvaluationSpeed" : {
        "totalBytes" : 406016,
        "totalCpuTime" : 1901078
      }
    }, {
      "indexId" : "php.function.always.re",
      "partOfTotalIndexingTime" : {
        "part" : 1784629,
        "total" : 1969411302
      },
      "totalNumberOfFiles" : 27,
      "totalNumberOfFilesIndexedByExtensions" : 0,
      "totalFilesSize" : 406016,
      "indexValueChangerEvaluationSpeed" : {
        "totalBytes" : 406016,
        "totalCpuTime" : 1784629
      }
    }, {
      "indexId" : "espend.php.annotation.usage",
      "partOfTotalIndexingTime" : {
        "part" : 1717060,
        "total" : 1969411302
      },
      "totalNumberOfFiles" : 27,
      "totalNumberOfFilesIndexedByExtensions" : 0,
      "totalFilesSize" : 406016,
      "indexValueChangerEvaluationSpeed" : {
        "totalBytes" : 406016,
        "totalCpuTime" : 1717060
      }
    }, {
      "indexId" : "php.class.attributes.name",
      "partOfTotalIndexingTime" : {
        "part" : 1312176,
        "total" : 1969411302
      },
      "totalNumberOfFiles" : 27,
      "totalNumberOfFilesIndexedByExtensions" : 0,
      "totalFilesSize" : 406016,
      "indexValueChangerEvaluationSpeed" : {
        "totalBytes" : 406016,
        "totalCpuTime" : 1312176
      }
    }, {
      "indexId" : "espend.php.annotation.classes",
      "partOfTotalIndexingTime" : {
        "part" : 1154273,
        "total" : 1969411302
      },
      "totalNumberOfFiles" : 27,
      "totalNumberOfFilesIndexedByExtensions" : 0,
      "totalFilesSize" : 406016,
      "indexValueChangerEvaluationSpeed" : {
        "totalBytes" : 406016,
        "totalCpuTime" : 1154273
      }
    }, {
      "indexId" : "php.aliased.trait.method.name",
      "partOfTotalIndexingTime" : {
        "part" : 1112286,
        "total" : 1969411302
      },
      "totalNumberOfFiles" : 27,
      "totalNumberOfFilesIndexedByExtensions" : 0,
      "totalFilesSize" : 406016,
      "indexValueChangerEvaluationSpeed" : {
        "totalBytes" : 406016,
        "totalCpuTime" : 1112286
      }
    }, {
      "indexId" : "HtmlTagIdIndex",
      "partOfTotalIndexingTime" : {
        "part" : 1054569,
        "total" : 1969411302
      },
      "totalNumberOfFiles" : 27,
      "totalNumberOfFilesIndexedByExtensions" : 0,
      "totalFilesSize" : 406016,
      "indexValueChangerEvaluationSpeed" : {
        "totalBytes" : 406016,
        "totalCpuTime" : 1054569
      }
    }, {
      "indexId" : "php.namespace.inheritance",
      "partOfTotalIndexingTime" : {
        "part" : 887765,
        "total" : 1969411302
      },
      "totalNumberOfFiles" : 27,
      "totalNumberOfFilesIndexedByExtensions" : 0,
      "totalFilesSize" : 406016,
      "indexValueChangerEvaluationSpeed" : {
        "totalBytes" : 406016,
        "totalCpuTime" : 887765
      }
    }, {
      "indexId" : "php.file.constants.default.value.matchers",
      "partOfTotalIndexingTime" : {
        "part" : 821375,
        "total" : 1969411302
      },
      "totalNumberOfFiles" : 27,
      "totalNumberOfFilesIndexedByExtensions" : 0,
      "totalFilesSize" : 406016,
      "indexValueChangerEvaluationSpeed" : {
        "totalBytes" : 406016,
        "totalCpuTime" : 821375
      }
    }, {
      "indexId" : "php.class.fqn",
      "partOfTotalIndexingTime" : {
        "part" : 662927,
        "total" : 1969411302
      },
      "totalNumberOfFiles" : 27,
      "totalNumberOfFilesIndexedByExtensions" : 0,
      "totalFilesSize" : 406016,
      "indexValueChangerEvaluationSpeed" : {
        "totalBytes" : 406016,
        "totalCpuTime" : 662927
      }
    }, {
      "indexId" : "php.interface.fqn",
      "partOfTotalIndexingTime" : {
        "part" : 580102,
        "total" : 1969411302
      },
      "totalNumberOfFiles" : 27,
      "totalNumberOfFilesIndexedByExtensions" : 0,
      "totalFilesSize" : 406016,
      "indexValueChangerEvaluationSpeed" : {
        "totalBytes" : 406016,
        "totalCpuTime" : 580102
      }
    }, {
      "indexId" : "FrameworkDetectionIndex",
      "partOfTotalIndexingTime" : {
        "part" : 552119,
        "total" : 1969411302
      },
      "totalNumberOfFiles" : 1,
      "totalNumberOfFilesIndexedByExtensions" : 0,
      "totalFilesSize" : 838,
      "indexValueChangerEvaluationSpeed" : {
        "totalBytes" : 838,
        "totalCpuTime" : 552119
      }
    }, {
      "indexId" : "php.variable.name",
      "partOfTotalIndexingTime" : {
        "part" : 502814,
        "total" : 1969411302
      },
      "totalNumberOfFiles" : 27,
      "totalNumberOfFilesIndexedByExtensions" : 0,
      "totalFilesSize" : 406016,
      "indexValueChangerEvaluationSpeed" : {
        "totalBytes" : 406016,
        "totalCpuTime" : 502814
      }
    }, {
      "indexId" : "HtmlScriptSrcIndex",
      "partOfTotalIndexingTime" : {
        "part" : 401778,
        "total" : 1969411302
      },
      "totalNumberOfFiles" : 27,
      "totalNumberOfFilesIndexedByExtensions" : 0,
      "totalFilesSize" : 406016,
      "indexValueChangerEvaluationSpeed" : {
        "totalBytes" : 406016,
        "totalCpuTime" : 401778
      }
    }, {
      "indexId" : "php.function.name",
      "partOfTotalIndexingTime" : {
        "part" : 332379,
        "total" : 1969411302
      },
      "totalNumberOfFiles" : 27,
      "totalNumberOfFilesIndexedByExtensions" : 0,
      "totalFilesSize" : 406016,
      "indexValueChangerEvaluationSpeed" : {
        "totalBytes" : 406016,
        "totalCpuTime" : 332379
      }
    }, {
      "indexId" : "php.constant.name",
      "partOfTotalIndexingTime" : {
        "part" : 293017,
        "total" : 1969411302
      },
      "totalNumberOfFiles" : 27,
      "totalNumberOfFilesIndexedByExtensions" : 0,
      "totalFilesSize" : 406016,
      "indexValueChangerEvaluationSpeed" : {
        "totalBytes" : 406016,
        "totalCpuTime" : 293017
      }
    }, {
      "indexId" : "php.class.alias.name",
      "partOfTotalIndexingTime" : {
        "part" : 230157,
        "total" : 1969411302
      },
      "totalNumberOfFiles" : 27,
      "totalNumberOfFilesIndexedByExtensions" : 0,
      "totalFilesSize" : 406016,
      "indexValueChangerEvaluationSpeed" : {
        "totalBytes" : 406016,
        "totalCpuTime" : 230157
      }
    }, {
      "indexId" : "php.class.alias.to.class",
      "partOfTotalIndexingTime" : {
        "part" : 184421,
        "total" : 1969411302
      },
      "totalNumberOfFiles" : 27,
      "totalNumberOfFilesIndexedByExtensions" : 0,
      "totalFilesSize" : 406016,
      "indexValueChangerEvaluationSpeed" : {
        "totalBytes" : 406016,
        "totalCpuTime" : 184421
      }
    }, {
      "indexId" : "OpenapiSpecificationContentIndexer",
      "partOfTotalIndexingTime" : {
        "part" : 140019,
        "total" : 1969411302
      },
      "totalNumberOfFiles" : 1,
      "totalNumberOfFilesIndexedByExtensions" : 0,
      "totalFilesSize" : 838,
      "indexValueChangerEvaluationSpeed" : {
        "totalBytes" : 838,
        "totalCpuTime" : 140019
      }
    }, {
      "indexId" : "php.class.to.class.alias",
      "partOfTotalIndexingTime" : {
        "part" : 124724,
        "total" : 1969411302
      },
      "totalNumberOfFiles" : 27,
      "totalNumberOfFilesIndexedByExtensions" : 0,
      "totalFilesSize" : 406016,
      "indexValueChangerEvaluationSpeed" : {
        "totalBytes" : 406016,
        "totalCpuTime" : 124724
      }
    } ],
    "statisticsOfChangedDuringIndexingFiles" : {
      "numberOfFiles" : 39,
      "retrievingTime" : 3216953
    },
    "fileProviderStatistics" : [ {
      "providerName" : "Refreshed files",
      "totalNumberOfIndexedFiles" : 39,
      "totalNumberOfFilesFullyIndexedByExtensions" : 0,
      "totalNumberOfNothingToWriteFiles" : 9,
      "totalIndexingVisibleTime" : 1922511694,
      "contentLoadingVisibleTime" : 26293988,
      "numberOfTooLargeForIndexingFiles" : 0,
      "slowIndexedFiles" : [ {
        "fileName" : "UserStore.php",
        "processingTime" : 814954504,
        "evaluationOfIndexValueChangerTime" : 105856874,
        "contentLoadingTime" : 694181
      }, {
        "fileName" : "SettlementFunctions.php",
        "processingTime" : 1362932039,
        "evaluationOfIndexValueChangerTime" : 353995627,
        "contentLoadingTime" : 493309
      }, {
        "fileName" : "SettlementEntryTest.php",
        "processingTime" : 1516857629,
        "evaluationOfIndexValueChangerTime" : 363323004,
        "contentLoadingTime" : 1603764
      } ],
      "filesFullyIndexedByExtensions" : [ ],
      "separateApplyingIndexesVisibleTime" : 76526200
    } ],
    "visibleTimeToAllThreadTimeRatio" : 0.35397409324608564
  }
}