{
  "appInfo" : {
    "build" : "233.11799.241",
    "buildDate" : "2023-12-02T05:05:00Z[UTC]",
    "productCode" : "IU",
    "generated" : "2024-01-06T16:57:02.21145Z",
    "os" : "macOS 13.6",
    "runtime" : "JetBrains s.r.o. 17.0.9 17.0.9+7-b1087.7"
  },
  "runtimeInfo" : {
    "maxMemory" : 3170893824,
    "numberOfProcessors" : 4,
    "maxNumberOfIndexingThreads" : 3,
    "maxSizeOfFileForIntelliSense" : 2560000,
    "maxSizeOfFileForContentLoading" : 20971520
  },
  "type" : "Scanning",
  "projectIndexingActivityHistory" : {
    "projectName" : "backend",
    "times" : {
      "scanningReason" : "changes in: \"Module 'backend' (src, test)\"",
      "scanningType" : "PARTIAL",
      "scanningId" : 29,
      "creatingIteratorsTime" : 2000,
      "concurrentHandlingWallTimeWithoutPauses" : 121835000,
      "concurrentHandlingWallTimeWithPauses" : 122122000,
      "concurrentHandlingSumOfThreadTimesWithPauses" : 121722366,
      "concurrentIterationAndScannersApplicationSumOfThreadTimesWithPauses" : 1524424,
      "concurrentFileCheckSumOfThreadTimesWithPauses" : 120060513,
      "delayedPushPropertiesStageTime" : 16000,
      "indexExtensionsTime" : 0,
      "dumbWallTimeWithPauses" : 0,
      "dumbWallTimeWithoutPauses" : 0,
      "updatingStart" : "2024-01-06T16:57:02.086801Z",
      "updatingEnd" : "2024-01-06T16:57:02.210192Z",
      "totalWallTimeWithPauses" : 123387383,
      "wallTimeOnPause" : 287000,
      "wasInterrupted" : false,
      "totalWallTimeWithoutPauses" : 123100383
    },
    "fileCount" : {
      "numberOfFileProviders" : 1,
      "numberOfScannedFiles" : 194,
      "numberOfFilesIndexedByInfrastructureExtensionsDuringScan" : 0,
      "numberOfFilesScheduledForIndexingAfterScan" : 0
    },
    "scanningStatistics" : [ {
      "providerName" : "Module 'backend' (src, test)",
      "numberOfScannedFiles" : 194,
      "numberOfSkippedFiles" : 0,
      "numberOfFilesForIndexing" : 0,
      "numberOfFilesFullyIndexedByInfrastructureExtensions" : 0,
      "filesFullyIndexedByInfrastructureExtensions" : [ ],
      "statusTime" : 79491646,
      "totalOneThreadTimeWithPauses" : 121722366,
      "iterationAndScannersApplicationTime" : 1524424,
      "filesCheckTime" : 120060513,
      "timeProcessingUpToDateFiles" : 27024895,
      "timeUpdatingContentLessIndexes" : 2843,
      "timeIndexingWithoutContentViaInfrastructureExtension" : 0,
      "roots" : [ ]
    } ]
  }
}