{
  "appInfo" : {
    "build" : "233.11799.241",
    "buildDate" : "2023-12-02T05:05:00Z[UTC]",
    "productCode" : "IU",
    "generated" : "2024-01-18T13:31:55.059048Z",
    "os" : "macOS 13.6",
    "runtime" : "JetBrains s.r.o. 17.0.9 17.0.9+7-b1087.7"
  },
  "runtimeInfo" : {
    "maxMemory" : 3170893824,
    "numberOfProcessors" : 4,
    "maxNumberOfIndexingThreads" : 3,
    "maxSizeOfFileForIntelliSense" : 2560000,
    "maxSizeOfFileForContentLoading" : 20971520
  },
  "type" : "DumbIndexing",
  "projectIndexingActivityHistory" : {
    "projectName" : "backend",
    "times" : {
      "scanningIds" : [ 4 ],
      "contentLoadingVisibleTime" : 3342998,
      "retrievingChangedDuringIndexingFilesTime" : 15986,
      "separateApplyingIndexesVisibleTime" : 1561161,
      "updatingStart" : "2024-01-18T13:31:53.026624Z",
      "updatingEnd" : "2024-01-18T13:31:53.075665Z",
      "totalWallTimeWithPauses" : 49044520,
      "wallTimeOnPause" : 0,
      "wasInterrupted" : false,
      "dumbWallTimeWithoutPauses" : 49044520,
      "dumbModeStart" : "2024-01-18T13:31:53.026624Z",
      "dumbWallTimeWithPauses" : 49044520,
      "totalWallTimeWithoutPauses" : 49044520
    },
    "fileCount" : {
      "numberOfChangedDuringIndexingFiles" : 0,
      "numberOfFilesIndexedByInfrastructureExtensionsDuringIndexingStage" : 0,
      "numberOfFilesIndexedWithLoadingContent" : 11,
      "numberOfNothingToWriteFiles" : 10
    },
    "totalStatsPerFileType" : [ {
      "fileType" : "PHP",
      "partOfTotalProcessingTime" : {
        "part" : 60861547,
        "total" : 60861547
      },
      "partOfTotalContentLoadingTime" : {
        "part" : 4449973,
        "total" : 4449973
      },
      "totalNumberOfFiles" : 11,
      "totalFilesSize" : 43718,
      "totalProcessingSpeed" : {
        "totalBytes" : 43718,
        "totalCpuTime" : 60861547
      },
      "biggestContributors" : [ {
        "providerName" : "Module 'backend' (all roots)",
        "numberOfFiles" : 9,
        "totalFilesSize" : 23395,
        "partOfTotalProcessingTimeOfThisFileType" : {
          "part" : 56464142,
          "total" : 60861547
        }
      }, {
        "providerName" : "External roots from entity (empty; empty; event-loop, composer, promise, ...; empty)",
        "numberOfFiles" : 2,
        "totalFilesSize" : 20323,
        "partOfTotalProcessingTimeOfThisFileType" : {
          "part" : 4397405,
          "total" : 60861547
        }
      } ]
    } ],
    "totalStatsPerBaseLanguage" : [ {
      "language" : "PHP",
      "partOfTotalProcessingTime" : {
        "part" : 60861547,
        "total" : 60861547
      },
      "partOfTotalContentLoadingTime" : {
        "part" : 8899946,
        "total" : 4449973
      },
      "totalNumberOfFiles" : 11,
      "totalFilesSize" : 43718,
      "totalProcessingSpeed" : {
        "totalBytes" : 43718,
        "totalCpuTime" : 60861547
      }
    } ],
    "totalStatsPerIndexer" : [ {
      "indexId" : "Stubs",
      "partOfTotalIndexingTime" : {
        "part" : 14303289,
        "total" : 39036872
      },
      "totalNumberOfFiles" : 1,
      "totalNumberOfFilesIndexedByExtensions" : 0,
      "totalFilesSize" : 1764,
      "indexValueChangerEvaluationSpeed" : {
        "totalBytes" : 1764,
        "totalCpuTime" : 14303289
      }
    }, {
      "indexId" : "php.array.shapes.entries",
      "partOfTotalIndexingTime" : {
        "part" : 10727350,
        "total" : 39036872
      },
      "totalNumberOfFiles" : 1,
      "totalNumberOfFilesIndexedByExtensions" : 0,
      "totalFilesSize" : 1764,
      "indexValueChangerEvaluationSpeed" : {
        "totalBytes" : 1764,
        "totalCpuTime" : 10727350
      }
    }, {
      "indexId" : "php.fields.default.value.matchers",
      "partOfTotalIndexingTime" : {
        "part" : 8956071,
        "total" : 39036872
      },
      "totalNumberOfFiles" : 1,
      "totalNumberOfFilesIndexedByExtensions" : 0,
      "totalFilesSize" : 1764,
      "indexValueChangerEvaluationSpeed" : {
        "totalBytes" : 1764,
        "totalCpuTime" : 8956071
      }
    }, {
      "indexId" : "php.parameters.default.value.matchers",
      "partOfTotalIndexingTime" : {
        "part" : 2125536,
        "total" : 39036872
      },
      "totalNumberOfFiles" : 1,
      "totalNumberOfFilesIndexedByExtensions" : 0,
      "totalFilesSize" : 1764,
      "indexValueChangerEvaluationSpeed" : {
        "totalBytes" : 1764,
        "totalCpuTime" : 2125536
      }
    }, {
      "indexId" : "IdIndex",
      "partOfTotalIndexingTime" : {
        "part" : 757844,
        "total" : 39036872
      },
      "totalNumberOfFiles" : 1,
      "totalNumberOfFilesIndexedByExtensions" : 0,
      "totalFilesSize" : 1764,
      "indexValueChangerEvaluationSpeed" : {
        "totalBytes" : 1764,
        "totalCpuTime" : 757844
      }
    }, {
      "indexId" : "css.template.selectors",
      "partOfTotalIndexingTime" : {
        "part" : 638739,
        "total" : 39036872
      },
      "totalNumberOfFiles" : 1,
      "totalNumberOfFilesIndexedByExtensions" : 0,
      "totalFilesSize" : 1764,
      "indexValueChangerEvaluationSpeed" : {
        "totalBytes" : 1764,
        "totalCpuTime" : 638739
      }
    }, {
      "indexId" : "CssIndex",
      "partOfTotalIndexingTime" : {
        "part" : 400009,
        "total" : 39036872
      },
      "totalNumberOfFiles" : 1,
      "totalNumberOfFilesIndexedByExtensions" : 0,
      "totalFilesSize" : 1764,
      "indexValueChangerEvaluationSpeed" : {
        "totalBytes" : 1764,
        "totalCpuTime" : 400009
      }
    }, {
      "indexId" : "php.func.get.arg.usage.index",
      "partOfTotalIndexingTime" : {
        "part" : 332548,
        "total" : 39036872
      },
      "totalNumberOfFiles" : 1,
      "totalNumberOfFilesIndexedByExtensions" : 0,
      "totalFilesSize" : 1764,
      "indexValueChangerEvaluationSpeed" : {
        "totalBytes" : 1764,
        "totalCpuTime" : 332548
      }
    }, {
      "indexId" : "php.not.used.parameters",
      "partOfTotalIndexingTime" : {
        "part" : 263214,
        "total" : 39036872
      },
      "totalNumberOfFiles" : 1,
      "totalNumberOfFilesIndexedByExtensions" : 0,
      "totalFilesSize" : 1764,
      "indexValueChangerEvaluationSpeed" : {
        "totalBytes" : 1764,
        "totalCpuTime" : 263214
      }
    }, {
      "indexId" : "Trigram.Index",
      "partOfTotalIndexingTime" : {
        "part" : 180005,
        "total" : 39036872
      },
      "totalNumberOfFiles" : 1,
      "totalNumberOfFilesIndexedByExtensions" : 0,
      "totalFilesSize" : 1764,
      "indexValueChangerEvaluationSpeed" : {
        "totalBytes" : 1764,
        "totalCpuTime" : 180005
      }
    }, {
      "indexId" : "php.unit.data.providers",
      "partOfTotalIndexingTime" : {
        "part" : 116295,
        "total" : 39036872
      },
      "totalNumberOfFiles" : 1,
      "totalNumberOfFilesIndexedByExtensions" : 0,
      "totalFilesSize" : 1764,
      "indexValueChangerEvaluationSpeed" : {
        "totalBytes" : 1764,
        "totalCpuTime" : 116295
      }
    }, {
      "indexId" : "espend.php.annotation.usage",
      "partOfTotalIndexingTime" : {
        "part" : 72454,
        "total" : 39036872
      },
      "totalNumberOfFiles" : 1,
      "totalNumberOfFilesIndexedByExtensions" : 0,
      "totalFilesSize" : 1764,
      "indexValueChangerEvaluationSpeed" : {
        "totalBytes" : 1764,
        "totalCpuTime" : 72454
      }
    }, {
      "indexId" : "js.custom.single.entry.index",
      "partOfTotalIndexingTime" : {
        "part" : 70472,
        "total" : 39036872
      },
      "totalNumberOfFiles" : 1,
      "totalNumberOfFilesIndexedByExtensions" : 0,
      "totalFilesSize" : 1764,
      "indexValueChangerEvaluationSpeed" : {
        "totalBytes" : 1764,
        "totalCpuTime" : 70472
      }
    }, {
      "indexId" : "espend.php.annotation.classes",
      "partOfTotalIndexingTime" : {
        "part" : 34624,
        "total" : 39036872
      },
      "totalNumberOfFiles" : 1,
      "totalNumberOfFilesIndexedByExtensions" : 0,
      "totalFilesSize" : 1764,
      "indexValueChangerEvaluationSpeed" : {
        "totalBytes" : 1764,
        "totalCpuTime" : 34624
      }
    }, {
      "indexId" : "HtmlTagIdIndex",
      "partOfTotalIndexingTime" : {
        "part" : 32034,
        "total" : 39036872
      },
      "totalNumberOfFiles" : 1,
      "totalNumberOfFilesIndexedByExtensions" : 0,
      "totalFilesSize" : 1764,
      "indexValueChangerEvaluationSpeed" : {
        "totalBytes" : 1764,
        "totalCpuTime" : 32034
      }
    }, {
      "indexId" : "php.file.constants.default.value.matchers",
      "partOfTotalIndexingTime" : {
        "part" : 16507,
        "total" : 39036872
      },
      "totalNumberOfFiles" : 1,
      "totalNumberOfFilesIndexedByExtensions" : 0,
      "totalFilesSize" : 1764,
      "indexValueChangerEvaluationSpeed" : {
        "totalBytes" : 1764,
        "totalCpuTime" : 16507
      }
    }, {
      "indexId" : "HtmlScriptSrcIndex",
      "partOfTotalIndexingTime" : {
        "part" : 9881,
        "total" : 39036872
      },
      "totalNumberOfFiles" : 1,
      "totalNumberOfFilesIndexedByExtensions" : 0,
      "totalFilesSize" : 1764,
      "indexValueChangerEvaluationSpeed" : {
        "totalBytes" : 1764,
        "totalCpuTime" : 9881
      }
    } ],
    "statisticsOfChangedDuringIndexingFiles" : {
      "numberOfFiles" : 0,
      "retrievingTime" : 15986
    },
    "fileProviderStatistics" : [ {
      "providerName" : "Module 'backend' (all roots)",
      "totalNumberOfIndexedFiles" : 9,
      "totalNumberOfFilesFullyIndexedByExtensions" : 0,
      "totalNumberOfNothingToWriteFiles" : 8,
      "totalIndexingVisibleTime" : 42418141,
      "contentLoadingVisibleTime" : 784226,
      "numberOfTooLargeForIndexingFiles" : 0,
      "slowIndexedFiles" : [ ],
      "filesFullyIndexedByExtensions" : [ ],
      "separateApplyingIndexesVisibleTime" : 1551899
    }, {
      "providerName" : "External roots from entity (empty; empty; event-loop, composer, promise, ...; empty)",
      "totalNumberOfIndexedFiles" : 2,
      "totalNumberOfFilesFullyIndexedByExtensions" : 0,
      "totalNumberOfNothingToWriteFiles" : 2,
      "totalIndexingVisibleTime" : 3303508,
      "contentLoadingVisibleTime" : 2558772,
      "numberOfTooLargeForIndexingFiles" : 0,
      "slowIndexedFiles" : [ ],
      "filesFullyIndexedByExtensions" : [ ],
      "separateApplyingIndexesVisibleTime" : 9262
    }, {
      "providerName" : "Refreshed files",
      "totalNumberOfIndexedFiles" : 0,
      "totalNumberOfFilesFullyIndexedByExtensions" : 0,
      "totalNumberOfNothingToWriteFiles" : 0,
      "totalIndexingVisibleTime" : 0,
      "contentLoadingVisibleTime" : 0,
      "numberOfTooLargeForIndexingFiles" : 0,
      "slowIndexedFiles" : [ ],
      "filesFullyIndexedByExtensions" : [ ],
      "separateApplyingIndexesVisibleTime" : 0
    } ],
    "visibleTimeToAllThreadTimeRatio" : 0.0
  }
}