{
  "appInfo" : {
    "build" : "233.11799.241",
    "buildDate" : "2023-12-02T05:05:00Z[UTC]",
    "productCode" : "IU",
    "generated" : "2024-01-08T11:53:20.696459Z",
    "os" : "macOS 13.6",
    "runtime" : "JetBrains s.r.o. 17.0.9 17.0.9+7-b1087.7"
  },
  "runtimeInfo" : {
    "maxMemory" : 3170893824,
    "numberOfProcessors" : 4,
    "maxNumberOfIndexingThreads" : 3,
    "maxSizeOfFileForIntelliSense" : 2560000,
    "maxSizeOfFileForContentLoading" : 20971520
  },
  "type" : "Scanning",
  "projectIndexingActivityHistory" : {
    "projectName" : "backend",
    "times" : {
      "scanningReason" : "changes in: \"External roots from entity (empty; empty; http, http-message-util, psr7; empty)\"",
      "scanningType" : "PARTIAL",
      "scanningId" : 6,
      "creatingIteratorsTime" : 4000,
      "concurrentHandlingWallTimeWithoutPauses" : 375718000,
      "concurrentHandlingWallTimeWithPauses" : 375718000,
      "concurrentHandlingSumOfThreadTimesWithPauses" : 363431521,
      "concurrentIterationAndScannersApplicationSumOfThreadTimesWithPauses" : 84554661,
      "concurrentFileCheckSumOfThreadTimesWithPauses" : 278788912,
      "delayedPushPropertiesStageTime" : 137000,
      "indexExtensionsTime" : 0,
      "dumbWallTimeWithPauses" : 0,
      "dumbWallTimeWithoutPauses" : 0,
      "updatingStart" : "2024-01-08T11:53:17.578943Z",
      "updatingEnd" : "2024-01-08T11:53:17.956745Z",
      "totalWallTimeWithPauses" : 377800657,
      "wallTimeOnPause" : 0,
      "wasInterrupted" : false,
      "totalWallTimeWithoutPauses" : 377800657
    },
    "fileCount" : {
      "numberOfFileProviders" : 1,
      "numberOfScannedFiles" : 94,
      "numberOfFilesIndexedByInfrastructureExtensionsDuringScan" : 0,
      "numberOfFilesScheduledForIndexingAfterScan" : 0
    },
    "scanningStatistics" : [ {
      "providerName" : "External roots from entity (empty; empty; http, http-message-util, psr7; empty)",
      "numberOfScannedFiles" : 94,
      "numberOfSkippedFiles" : 0,
      "numberOfFilesForIndexing" : 0,
      "numberOfFilesFullyIndexedByInfrastructureExtensions" : 0,
      "filesFullyIndexedByInfrastructureExtensions" : [ ],
      "statusTime" : 153607307,
      "totalOneThreadTimeWithPauses" : 363431521,
      "iterationAndScannersApplicationTime" : 84554661,
      "filesCheckTime" : 278788912,
      "timeProcessingUpToDateFiles" : 33171534,
      "timeUpdatingContentLessIndexes" : 0,
      "timeIndexingWithoutContentViaInfrastructureExtension" : 0,
      "roots" : [ ]
    } ]
  }
}