{
  "appInfo" : {
    "build" : "233.11799.241",
    "buildDate" : "2023-12-02T05:05:00Z[UTC]",
    "productCode" : "IU",
    "generated" : "2024-01-05T10:59:33.913985Z",
    "os" : "macOS 13.6",
    "runtime" : "JetBrains s.r.o. 17.0.9 17.0.9+7-b1087.7"
  },
  "runtimeInfo" : {
    "maxMemory" : 3170893824,
    "numberOfProcessors" : 4,
    "maxNumberOfIndexingThreads" : 3,
    "maxSizeOfFileForIntelliSense" : 2560000,
    "maxSizeOfFileForContentLoading" : 20971520
  },
  "type" : "Scanning",
  "projectIndexingActivityHistory" : {
    "projectName" : "backend",
    "times" : {
      "scanningReason" : "changes in: \"Module 'backend' (src, test)\"",
      "scanningType" : "PARTIAL",
      "scanningId" : 5,
      "creatingIteratorsTime" : 1000,
      "concurrentHandlingWallTimeWithoutPauses" : 262020000,
      "concurrentHandlingWallTimeWithPauses" : 262020000,
      "concurrentHandlingSumOfThreadTimesWithPauses" : 261792758,
      "concurrentIterationAndScannersApplicationSumOfThreadTimesWithPauses" : 1793053,
      "concurrentFileCheckSumOfThreadTimesWithPauses" : 259875216,
      "delayedPushPropertiesStageTime" : 6000,
      "indexExtensionsTime" : 0,
      "dumbWallTimeWithPauses" : 0,
      "dumbWallTimeWithoutPauses" : 0,
      "updatingStart" : "2024-01-05T10:59:33.649237Z",
      "updatingEnd" : "2024-01-05T10:59:33.912133Z",
      "totalWallTimeWithPauses" : 262891968,
      "wallTimeOnPause" : 13000,
      "wasInterrupted" : false,
      "totalWallTimeWithoutPauses" : 262878968
    },
    "fileCount" : {
      "numberOfFileProviders" : 1,
      "numberOfScannedFiles" : 190,
      "numberOfFilesIndexedByInfrastructureExtensionsDuringScan" : 0,
      "numberOfFilesScheduledForIndexingAfterScan" : 0
    },
    "scanningStatistics" : [ {
      "providerName" : "Module 'backend' (src, test)",
      "numberOfScannedFiles" : 190,
      "numberOfSkippedFiles" : 0,
      "numberOfFilesForIndexing" : 0,
      "numberOfFilesFullyIndexedByInfrastructureExtensions" : 0,
      "filesFullyIndexedByInfrastructureExtensions" : [ ],
      "statusTime" : 187454896,
      "totalOneThreadTimeWithPauses" : 261792758,
      "iterationAndScannersApplicationTime" : 1793053,
      "filesCheckTime" : 259875216,
      "timeProcessingUpToDateFiles" : 72946481,
      "timeUpdatingContentLessIndexes" : 3523,
      "timeIndexingWithoutContentViaInfrastructureExtension" : 0,
      "roots" : [ ]
    } ]
  }
}