{
  "appInfo" : {
    "build" : "233.11799.241",
    "buildDate" : "2023-12-02T05:05:00Z[UTC]",
    "productCode" : "IU",
    "generated" : "2024-01-08T19:54:08.197829Z",
    "os" : "macOS 13.6",
    "runtime" : "JetBrains s.r.o. 17.0.9 17.0.9+7-b1087.7"
  },
  "runtimeInfo" : {
    "maxMemory" : 3170893824,
    "numberOfProcessors" : 4,
    "maxNumberOfIndexingThreads" : 3,
    "maxSizeOfFileForIntelliSense" : 2560000,
    "maxSizeOfFileForContentLoading" : 20971520
  },
  "type" : "DumbIndexing",
  "projectIndexingActivityHistory" : {
    "projectName" : "backend",
    "times" : {
      "scanningIds" : [ 10 ],
      "contentLoadingVisibleTime" : 408266,
      "retrievingChangedDuringIndexingFilesTime" : 83771,
      "separateApplyingIndexesVisibleTime" : 23370000,
      "updatingStart" : "2024-01-08T19:54:07.685174Z",
      "updatingEnd" : "2024-01-08T19:54:07.966174Z",
      "totalWallTimeWithPauses" : 280997449,
      "wallTimeOnPause" : 0,
      "wasInterrupted" : false,
      "dumbModeStart" : "2024-01-08T19:54:07.685174Z",
      "dumbWallTimeWithPauses" : 280997449,
      "dumbWallTimeWithoutPauses" : 280997449,
      "totalWallTimeWithoutPauses" : 280997449
    },
    "fileCount" : {
      "numberOfChangedDuringIndexingFiles" : 0,
      "numberOfFilesIndexedByInfrastructureExtensionsDuringIndexingStage" : 0,
      "numberOfFilesIndexedWithLoadingContent" : 9,
      "numberOfNothingToWriteFiles" : 1
    },
    "totalStatsPerFileType" : [ {
      "fileType" : "PHP",
      "partOfTotalProcessingTime" : {
        "part" : 678920173,
        "total" : 684632878
      },
      "partOfTotalContentLoadingTime" : {
        "part" : 834895,
        "total" : 1005005
      },
      "totalNumberOfFiles" : 7,
      "totalFilesSize" : 40197,
      "totalProcessingSpeed" : {
        "totalBytes" : 40197,
        "totalCpuTime" : 678920173
      },
      "biggestContributors" : [ {
        "providerName" : "Module 'backend' (all roots)",
        "numberOfFiles" : 6,
        "totalFilesSize" : 23416,
        "partOfTotalProcessingTimeOfThisFileType" : {
          "part" : 417137565,
          "total" : 678920173
        }
      }, {
        "providerName" : "External roots from entity (empty; empty; event-loop, composer, promise, ...; empty)",
        "numberOfFiles" : 1,
        "totalFilesSize" : 16781,
        "partOfTotalProcessingTimeOfThisFileType" : {
          "part" : 261782608,
          "total" : 678920173
        }
      } ]
    }, {
      "fileType" : "SQL",
      "partOfTotalProcessingTime" : {
        "part" : 5712705,
        "total" : 684632878
      },
      "partOfTotalContentLoadingTime" : {
        "part" : 170110,
        "total" : 1005005
      },
      "totalNumberOfFiles" : 2,
      "totalFilesSize" : 0,
      "totalProcessingSpeed" : {
        "totalBytes" : 0,
        "totalCpuTime" : 5712705
      },
      "biggestContributors" : [ {
        "providerName" : "Custom kind roots from entity (db, extensions, empty)",
        "numberOfFiles" : 2,
        "totalFilesSize" : 0,
        "partOfTotalProcessingTimeOfThisFileType" : {
          "part" : 5712705,
          "total" : 5712705
        }
      } ]
    } ],
    "totalStatsPerBaseLanguage" : [ {
      "language" : "PHP",
      "partOfTotalProcessingTime" : {
        "part" : 678920173,
        "total" : 684632878
      },
      "partOfTotalContentLoadingTime" : {
        "part" : 1839900,
        "total" : 1005005
      },
      "totalNumberOfFiles" : 7,
      "totalFilesSize" : 40197,
      "totalProcessingSpeed" : {
        "totalBytes" : 40197,
        "totalCpuTime" : 678920173
      }
    }, {
      "language" : "MariaDB",
      "partOfTotalProcessingTime" : {
        "part" : 5712705,
        "total" : 684632878
      },
      "partOfTotalContentLoadingTime" : {
        "part" : 1175115,
        "total" : 1005005
      },
      "totalNumberOfFiles" : 2,
      "totalFilesSize" : 0,
      "totalProcessingSpeed" : {
        "totalBytes" : 0,
        "totalCpuTime" : 5712705
      }
    }, {
      "language" : "SQL",
      "partOfTotalProcessingTime" : {
        "part" : 5712705,
        "total" : 684632878
      },
      "partOfTotalContentLoadingTime" : {
        "part" : 1175115,
        "total" : 1005005
      },
      "totalNumberOfFiles" : 2,
      "totalFilesSize" : 0,
      "totalProcessingSpeed" : {
        "totalBytes" : 0,
        "totalCpuTime" : 5712705
      }
    } ],
    "totalStatsPerIndexer" : [ {
      "indexId" : "Stubs",
      "partOfTotalIndexingTime" : {
        "part" : 463945231,
        "total" : 616344457
      },
      "totalNumberOfFiles" : 8,
      "totalNumberOfFilesIndexedByExtensions" : 0,
      "totalFilesSize" : 32234,
      "indexValueChangerEvaluationSpeed" : {
        "totalBytes" : 32234,
        "totalCpuTime" : 463945231
      }
    }, {
      "indexId" : "php.invoke.calls.offsets",
      "partOfTotalIndexingTime" : {
        "part" : 27046657,
        "total" : 616344457
      },
      "totalNumberOfFiles" : 6,
      "totalNumberOfFilesIndexedByExtensions" : 0,
      "totalFilesSize" : 32234,
      "indexValueChangerEvaluationSpeed" : {
        "totalBytes" : 32234,
        "totalCpuTime" : 27046657
      }
    }, {
      "indexId" : "php.class.name",
      "partOfTotalIndexingTime" : {
        "part" : 17451601,
        "total" : 616344457
      },
      "totalNumberOfFiles" : 6,
      "totalNumberOfFilesIndexedByExtensions" : 0,
      "totalFilesSize" : 32234,
      "indexValueChangerEvaluationSpeed" : {
        "totalBytes" : 32234,
        "totalCpuTime" : 17451601
      }
    }, {
      "indexId" : "php.doctag.user.name",
      "partOfTotalIndexingTime" : {
        "part" : 16556501,
        "total" : 616344457
      },
      "totalNumberOfFiles" : 6,
      "totalNumberOfFilesIndexedByExtensions" : 0,
      "totalFilesSize" : 32234,
      "indexValueChangerEvaluationSpeed" : {
        "totalBytes" : 32234,
        "totalCpuTime" : 16556501
      }
    }, {
      "indexId" : "php.max.language.level",
      "partOfTotalIndexingTime" : {
        "part" : 12831649,
        "total" : 616344457
      },
      "totalNumberOfFiles" : 6,
      "totalNumberOfFilesIndexedByExtensions" : 0,
      "totalFilesSize" : 32234,
      "indexValueChangerEvaluationSpeed" : {
        "totalBytes" : 32234,
        "totalCpuTime" : 12831649
      }
    }, {
      "indexId" : "php.not.used.parameters",
      "partOfTotalIndexingTime" : {
        "part" : 10052074,
        "total" : 616344457
      },
      "totalNumberOfFiles" : 6,
      "totalNumberOfFilesIndexedByExtensions" : 0,
      "totalFilesSize" : 32234,
      "indexValueChangerEvaluationSpeed" : {
        "totalBytes" : 32234,
        "totalCpuTime" : 10052074
      }
    }, {
      "indexId" : "CssIndex",
      "partOfTotalIndexingTime" : {
        "part" : 8801338,
        "total" : 616344457
      },
      "totalNumberOfFiles" : 6,
      "totalNumberOfFilesIndexedByExtensions" : 0,
      "totalFilesSize" : 32234,
      "indexValueChangerEvaluationSpeed" : {
        "totalBytes" : 32234,
        "totalCpuTime" : 8801338
      }
    }, {
      "indexId" : "css.template.selectors",
      "partOfTotalIndexingTime" : {
        "part" : 8567874,
        "total" : 616344457
      },
      "totalNumberOfFiles" : 6,
      "totalNumberOfFilesIndexedByExtensions" : 0,
      "totalFilesSize" : 32234,
      "indexValueChangerEvaluationSpeed" : {
        "totalBytes" : 32234,
        "totalCpuTime" : 8567874
      }
    }, {
      "indexId" : "IdIndex",
      "partOfTotalIndexingTime" : {
        "part" : 6605988,
        "total" : 616344457
      },
      "totalNumberOfFiles" : 8,
      "totalNumberOfFilesIndexedByExtensions" : 0,
      "totalFilesSize" : 32234,
      "indexValueChangerEvaluationSpeed" : {
        "totalBytes" : 32234,
        "totalCpuTime" : 6605988
      }
    }, {
      "indexId" : "php.array.shapes.entries",
      "partOfTotalIndexingTime" : {
        "part" : 5052363,
        "total" : 616344457
      },
      "totalNumberOfFiles" : 6,
      "totalNumberOfFilesIndexedByExtensions" : 0,
      "totalFilesSize" : 32234,
      "indexValueChangerEvaluationSpeed" : {
        "totalBytes" : 32234,
        "totalCpuTime" : 5052363
      }
    }, {
      "indexId" : "espend.php.annotation.classes",
      "partOfTotalIndexingTime" : {
        "part" : 4376377,
        "total" : 616344457
      },
      "totalNumberOfFiles" : 6,
      "totalNumberOfFilesIndexedByExtensions" : 0,
      "totalFilesSize" : 32234,
      "indexValueChangerEvaluationSpeed" : {
        "totalBytes" : 32234,
        "totalCpuTime" : 4376377
      }
    }, {
      "indexId" : "php.generic.template.index",
      "partOfTotalIndexingTime" : {
        "part" : 3664032,
        "total" : 616344457
      },
      "totalNumberOfFiles" : 6,
      "totalNumberOfFilesIndexedByExtensions" : 0,
      "totalFilesSize" : 32234,
      "indexValueChangerEvaluationSpeed" : {
        "totalBytes" : 32234,
        "totalCpuTime" : 3664032
      }
    }, {
      "indexId" : "php.field.names.accessed.by.the.constructor",
      "partOfTotalIndexingTime" : {
        "part" : 3357572,
        "total" : 616344457
      },
      "totalNumberOfFiles" : 6,
      "totalNumberOfFilesIndexedByExtensions" : 0,
      "totalFilesSize" : 32234,
      "indexValueChangerEvaluationSpeed" : {
        "totalBytes" : 32234,
        "totalCpuTime" : 3357572
      }
    }, {
      "indexId" : "php.global.assignment.index",
      "partOfTotalIndexingTime" : {
        "part" : 3275100,
        "total" : 616344457
      },
      "totalNumberOfFiles" : 6,
      "totalNumberOfFilesIndexedByExtensions" : 0,
      "totalFilesSize" : 32234,
      "indexValueChangerEvaluationSpeed" : {
        "totalBytes" : 32234,
        "totalCpuTime" : 3275100
      }
    }, {
      "indexId" : "php.fields.default.value.matchers",
      "partOfTotalIndexingTime" : {
        "part" : 2341624,
        "total" : 616344457
      },
      "totalNumberOfFiles" : 6,
      "totalNumberOfFilesIndexedByExtensions" : 0,
      "totalFilesSize" : 32234,
      "indexValueChangerEvaluationSpeed" : {
        "totalBytes" : 32234,
        "totalCpuTime" : 2341624
      }
    }, {
      "indexId" : "php.generator.operands.type.index",
      "partOfTotalIndexingTime" : {
        "part" : 2121944,
        "total" : 616344457
      },
      "totalNumberOfFiles" : 6,
      "totalNumberOfFilesIndexedByExtensions" : 0,
      "totalFilesSize" : 32234,
      "indexValueChangerEvaluationSpeed" : {
        "totalBytes" : 32234,
        "totalCpuTime" : 2121944
      }
    }, {
      "indexId" : "php.unit.data.providers",
      "partOfTotalIndexingTime" : {
        "part" : 2072389,
        "total" : 616344457
      },
      "totalNumberOfFiles" : 6,
      "totalNumberOfFilesIndexedByExtensions" : 0,
      "totalFilesSize" : 32234,
      "indexValueChangerEvaluationSpeed" : {
        "totalBytes" : 32234,
        "totalCpuTime" : 2072389
      }
    }, {
      "indexId" : "php.unit.covers",
      "partOfTotalIndexingTime" : {
        "part" : 1886309,
        "total" : 616344457
      },
      "totalNumberOfFiles" : 6,
      "totalNumberOfFilesIndexedByExtensions" : 0,
      "totalFilesSize" : 32234,
      "indexValueChangerEvaluationSpeed" : {
        "totalBytes" : 32234,
        "totalCpuTime" : 1886309
      }
    }, {
      "indexId" : "php.method.name",
      "partOfTotalIndexingTime" : {
        "part" : 1592475,
        "total" : 616344457
      },
      "totalNumberOfFiles" : 6,
      "totalNumberOfFilesIndexedByExtensions" : 0,
      "totalFilesSize" : 32234,
      "indexValueChangerEvaluationSpeed" : {
        "totalBytes" : 32234,
        "totalCpuTime" : 1592475
      }
    }, {
      "indexId" : "php.namespace.inheritance",
      "partOfTotalIndexingTime" : {
        "part" : 1482550,
        "total" : 616344457
      },
      "totalNumberOfFiles" : 6,
      "totalNumberOfFilesIndexedByExtensions" : 0,
      "totalFilesSize" : 32234,
      "indexValueChangerEvaluationSpeed" : {
        "totalBytes" : 32234,
        "totalCpuTime" : 1482550
      }
    }, {
      "indexId" : "php.parameters.default.value.matchers",
      "partOfTotalIndexingTime" : {
        "part" : 1148826,
        "total" : 616344457
      },
      "totalNumberOfFiles" : 6,
      "totalNumberOfFilesIndexedByExtensions" : 0,
      "totalFilesSize" : 32234,
      "indexValueChangerEvaluationSpeed" : {
        "totalBytes" : 32234,
        "totalCpuTime" : 1148826
      }
    }, {
      "indexId" : "php.expected.function.arguments",
      "partOfTotalIndexingTime" : {
        "part" : 962233,
        "total" : 616344457
      },
      "totalNumberOfFiles" : 6,
      "totalNumberOfFilesIndexedByExtensions" : 0,
      "totalFilesSize" : 32234,
      "indexValueChangerEvaluationSpeed" : {
        "totalBytes" : 32234,
        "totalCpuTime" : 962233
      }
    }, {
      "indexId" : "Trigram.Index",
      "partOfTotalIndexingTime" : {
        "part" : 778332,
        "total" : 616344457
      },
      "totalNumberOfFiles" : 8,
      "totalNumberOfFilesIndexedByExtensions" : 0,
      "totalFilesSize" : 32234,
      "indexValueChangerEvaluationSpeed" : {
        "totalBytes" : 32234,
        "totalCpuTime" : 778332
      }
    }, {
      "indexId" : "php.function.parameters.used.as.regexp",
      "partOfTotalIndexingTime" : {
        "part" : 751658,
        "total" : 616344457
      },
      "totalNumberOfFiles" : 6,
      "totalNumberOfFilesIndexedByExtensions" : 0,
      "totalFilesSize" : 32234,
      "indexValueChangerEvaluationSpeed" : {
        "totalBytes" : 32234,
        "totalCpuTime" : 751658
      }
    }, {
      "indexId" : "php.trait.usage",
      "partOfTotalIndexingTime" : {
        "part" : 696629,
        "total" : 616344457
      },
      "totalNumberOfFiles" : 6,
      "totalNumberOfFilesIndexedByExtensions" : 0,
      "totalFilesSize" : 32234,
      "indexValueChangerEvaluationSpeed" : {
        "totalBytes" : 32234,
        "totalCpuTime" : 696629
      }
    }, {
      "indexId" : "php.used.parameters.array.keys",
      "partOfTotalIndexingTime" : {
        "part" : 661376,
        "total" : 616344457
      },
      "totalNumberOfFiles" : 6,
      "totalNumberOfFilesIndexedByExtensions" : 0,
      "totalFilesSize" : 32234,
      "indexValueChangerEvaluationSpeed" : {
        "totalBytes" : 32234,
        "totalCpuTime" : 661376
      }
    }, {
      "indexId" : "php.class.alias.fqn",
      "partOfTotalIndexingTime" : {
        "part" : 659327,
        "total" : 616344457
      },
      "totalNumberOfFiles" : 6,
      "totalNumberOfFilesIndexedByExtensions" : 0,
      "totalFilesSize" : 32234,
      "indexValueChangerEvaluationSpeed" : {
        "totalBytes" : 32234,
        "totalCpuTime" : 659327
      }
    }, {
      "indexId" : "espend.php.annotation.usage",
      "partOfTotalIndexingTime" : {
        "part" : 645384,
        "total" : 616344457
      },
      "totalNumberOfFiles" : 6,
      "totalNumberOfFilesIndexedByExtensions" : 0,
      "totalFilesSize" : 32234,
      "indexValueChangerEvaluationSpeed" : {
        "totalBytes" : 32234,
        "totalCpuTime" : 645384
      }
    }, {
      "indexId" : "js.custom.single.entry.index",
      "partOfTotalIndexingTime" : {
        "part" : 620339,
        "total" : 616344457
      },
      "totalNumberOfFiles" : 6,
      "totalNumberOfFilesIndexedByExtensions" : 0,
      "totalFilesSize" : 32234,
      "indexValueChangerEvaluationSpeed" : {
        "totalBytes" : 32234,
        "totalCpuTime" : 620339
      }
    }, {
      "indexId" : "php.array.access.offsets",
      "partOfTotalIndexingTime" : {
        "part" : 619366,
        "total" : 616344457
      },
      "totalNumberOfFiles" : 6,
      "totalNumberOfFilesIndexedByExtensions" : 0,
      "totalFilesSize" : 32234,
      "indexValueChangerEvaluationSpeed" : {
        "totalBytes" : 32234,
        "totalCpuTime" : 619366
      }
    }, {
      "indexId" : "php.aliased.trait.method.name",
      "partOfTotalIndexingTime" : {
        "part" : 452853,
        "total" : 616344457
      },
      "totalNumberOfFiles" : 6,
      "totalNumberOfFilesIndexedByExtensions" : 0,
      "totalFilesSize" : 32234,
      "indexValueChangerEvaluationSpeed" : {
        "totalBytes" : 32234,
        "totalCpuTime" : 452853
      }
    }, {
      "indexId" : "php.inferred.meta.pattern.index",
      "partOfTotalIndexingTime" : {
        "part" : 423471,
        "total" : 616344457
      },
      "totalNumberOfFiles" : 6,
      "totalNumberOfFilesIndexedByExtensions" : 0,
      "totalFilesSize" : 32234,
      "indexValueChangerEvaluationSpeed" : {
        "totalBytes" : 32234,
        "totalCpuTime" : 423471
      }
    }, {
      "indexId" : "php.doc.type.aliases.index",
      "partOfTotalIndexingTime" : {
        "part" : 423210,
        "total" : 616344457
      },
      "totalNumberOfFiles" : 6,
      "totalNumberOfFilesIndexedByExtensions" : 0,
      "totalFilesSize" : 32234,
      "indexValueChangerEvaluationSpeed" : {
        "totalBytes" : 32234,
        "totalCpuTime" : 423210
      }
    }, {
      "indexId" : "php.putenv.arguments",
      "partOfTotalIndexingTime" : {
        "part" : 406435,
        "total" : 616344457
      },
      "totalNumberOfFiles" : 6,
      "totalNumberOfFilesIndexedByExtensions" : 0,
      "totalFilesSize" : 32234,
      "indexValueChangerEvaluationSpeed" : {
        "totalBytes" : 32234,
        "totalCpuTime" : 406435
      }
    }, {
      "indexId" : "php.expected.function.return.values",
      "partOfTotalIndexingTime" : {
        "part" : 374715,
        "total" : 616344457
      },
      "totalNumberOfFiles" : 6,
      "totalNumberOfFilesIndexedByExtensions" : 0,
      "totalFilesSize" : 32234,
      "indexValueChangerEvaluationSpeed" : {
        "totalBytes" : 32234,
        "totalCpuTime" : 374715
      }
    }, {
      "indexId" : "php.functions.with.not.catched.dynamic.passed.calls",
      "partOfTotalIndexingTime" : {
        "part" : 371229,
        "total" : 616344457
      },
      "totalNumberOfFiles" : 6,
      "totalNumberOfFilesIndexedByExtensions" : 0,
      "totalFilesSize" : 32234,
      "indexValueChangerEvaluationSpeed" : {
        "totalBytes" : 32234,
        "totalCpuTime" : 371229
      }
    }, {
      "indexId" : "php.constants.default.array.shapes",
      "partOfTotalIndexingTime" : {
        "part" : 345885,
        "total" : 616344457
      },
      "totalNumberOfFiles" : 6,
      "totalNumberOfFilesIndexedByExtensions" : 0,
      "totalFilesSize" : 32234,
      "indexValueChangerEvaluationSpeed" : {
        "totalBytes" : 32234,
        "totalCpuTime" : 345885
      }
    }, {
      "indexId" : "HtmlTagIdIndex",
      "partOfTotalIndexingTime" : {
        "part" : 339213,
        "total" : 616344457
      },
      "totalNumberOfFiles" : 6,
      "totalNumberOfFilesIndexedByExtensions" : 0,
      "totalFilesSize" : 32234,
      "indexValueChangerEvaluationSpeed" : {
        "totalBytes" : 32234,
        "totalCpuTime" : 339213
      }
    }, {
      "indexId" : "php.class.attributes.name",
      "partOfTotalIndexingTime" : {
        "part" : 333155,
        "total" : 616344457
      },
      "totalNumberOfFiles" : 6,
      "totalNumberOfFilesIndexedByExtensions" : 0,
      "totalFilesSize" : 32234,
      "indexValueChangerEvaluationSpeed" : {
        "totalBytes" : 32234,
        "totalCpuTime" : 333155
      }
    }, {
      "indexId" : "php.func.get.arg.usage.index",
      "partOfTotalIndexingTime" : {
        "part" : 327116,
        "total" : 616344457
      },
      "totalNumberOfFiles" : 6,
      "totalNumberOfFilesIndexedByExtensions" : 0,
      "totalFilesSize" : 32234,
      "indexValueChangerEvaluationSpeed" : {
        "totalBytes" : 32234,
        "totalCpuTime" : 327116
      }
    }, {
      "indexId" : "php.exit.point.function.index",
      "partOfTotalIndexingTime" : {
        "part" : 317725,
        "total" : 616344457
      },
      "totalNumberOfFiles" : 6,
      "totalNumberOfFilesIndexedByExtensions" : 0,
      "totalFilesSize" : 32234,
      "indexValueChangerEvaluationSpeed" : {
        "totalBytes" : 32234,
        "totalCpuTime" : 317725
      }
    }, {
      "indexId" : "php.serialize.function.calls.offsets",
      "partOfTotalIndexingTime" : {
        "part" : 308550,
        "total" : 616344457
      },
      "totalNumberOfFiles" : 6,
      "totalNumberOfFilesIndexedByExtensions" : 0,
      "totalFilesSize" : 32234,
      "indexValueChangerEvaluationSpeed" : {
        "totalBytes" : 32234,
        "totalCpuTime" : 308550
      }
    }, {
      "indexId" : "php.class.fqn",
      "partOfTotalIndexingTime" : {
        "part" : 185309,
        "total" : 616344457
      },
      "totalNumberOfFiles" : 6,
      "totalNumberOfFilesIndexedByExtensions" : 0,
      "totalFilesSize" : 32234,
      "indexValueChangerEvaluationSpeed" : {
        "totalBytes" : 32234,
        "totalCpuTime" : 185309
      }
    }, {
      "indexId" : "php.constants.default.expected.arguments",
      "partOfTotalIndexingTime" : {
        "part" : 175687,
        "total" : 616344457
      },
      "totalNumberOfFiles" : 6,
      "totalNumberOfFilesIndexedByExtensions" : 0,
      "totalFilesSize" : 32234,
      "indexValueChangerEvaluationSpeed" : {
        "totalBytes" : 32234,
        "totalCpuTime" : 175687
      }
    }, {
      "indexId" : "php.function.always.re",
      "partOfTotalIndexingTime" : {
        "part" : 158068,
        "total" : 616344457
      },
      "totalNumberOfFiles" : 6,
      "totalNumberOfFilesIndexedByExtensions" : 0,
      "totalFilesSize" : 32234,
      "indexValueChangerEvaluationSpeed" : {
        "totalBytes" : 32234,
        "totalCpuTime" : 158068
      }
    }, {
      "indexId" : "php.interface.fqn",
      "partOfTotalIndexingTime" : {
        "part" : 141853,
        "total" : 616344457
      },
      "totalNumberOfFiles" : 6,
      "totalNumberOfFilesIndexedByExtensions" : 0,
      "totalFilesSize" : 32234,
      "indexValueChangerEvaluationSpeed" : {
        "totalBytes" : 32234,
        "totalCpuTime" : 141853
      }
    }, {
      "indexId" : "HtmlScriptSrcIndex",
      "partOfTotalIndexingTime" : {
        "part" : 121476,
        "total" : 616344457
      },
      "totalNumberOfFiles" : 6,
      "totalNumberOfFilesIndexedByExtensions" : 0,
      "totalFilesSize" : 32234,
      "indexValueChangerEvaluationSpeed" : {
        "totalBytes" : 32234,
        "totalCpuTime" : 121476
      }
    }, {
      "indexId" : "php.constant.name",
      "partOfTotalIndexingTime" : {
        "part" : 117760,
        "total" : 616344457
      },
      "totalNumberOfFiles" : 6,
      "totalNumberOfFilesIndexedByExtensions" : 0,
      "totalFilesSize" : 32234,
      "indexValueChangerEvaluationSpeed" : {
        "totalBytes" : 32234,
        "totalCpuTime" : 117760
      }
    }, {
      "indexId" : "php.class.alias.to.class",
      "partOfTotalIndexingTime" : {
        "part" : 113841,
        "total" : 616344457
      },
      "totalNumberOfFiles" : 6,
      "totalNumberOfFilesIndexedByExtensions" : 0,
      "totalFilesSize" : 32234,
      "indexValueChangerEvaluationSpeed" : {
        "totalBytes" : 32234,
        "totalCpuTime" : 113841
      }
    }, {
      "indexId" : "php.file.constants.default.value.matchers",
      "partOfTotalIndexingTime" : {
        "part" : 105392,
        "total" : 616344457
      },
      "totalNumberOfFiles" : 6,
      "totalNumberOfFilesIndexedByExtensions" : 0,
      "totalFilesSize" : 32234,
      "indexValueChangerEvaluationSpeed" : {
        "totalBytes" : 32234,
        "totalCpuTime" : 105392
      }
    }, {
      "indexId" : "php.variable.name",
      "partOfTotalIndexingTime" : {
        "part" : 57344,
        "total" : 616344457
      },
      "totalNumberOfFiles" : 6,
      "totalNumberOfFilesIndexedByExtensions" : 0,
      "totalFilesSize" : 32234,
      "indexValueChangerEvaluationSpeed" : {
        "totalBytes" : 32234,
        "totalCpuTime" : 57344
      }
    }, {
      "indexId" : "php.function.name",
      "partOfTotalIndexingTime" : {
        "part" : 49218,
        "total" : 616344457
      },
      "totalNumberOfFiles" : 6,
      "totalNumberOfFilesIndexedByExtensions" : 0,
      "totalFilesSize" : 32234,
      "indexValueChangerEvaluationSpeed" : {
        "totalBytes" : 32234,
        "totalCpuTime" : 49218
      }
    }, {
      "indexId" : "php.class.alias.name",
      "partOfTotalIndexingTime" : {
        "part" : 38537,
        "total" : 616344457
      },
      "totalNumberOfFiles" : 6,
      "totalNumberOfFilesIndexedByExtensions" : 0,
      "totalFilesSize" : 32234,
      "indexValueChangerEvaluationSpeed" : {
        "totalBytes" : 32234,
        "totalCpuTime" : 38537
      }
    }, {
      "indexId" : "php.class.to.class.alias",
      "partOfTotalIndexingTime" : {
        "part" : 31297,
        "total" : 616344457
      },
      "totalNumberOfFiles" : 6,
      "totalNumberOfFilesIndexedByExtensions" : 0,
      "totalFilesSize" : 32234,
      "indexValueChangerEvaluationSpeed" : {
        "totalBytes" : 32234,
        "totalCpuTime" : 31297
      }
    } ],
    "statisticsOfChangedDuringIndexingFiles" : {
      "numberOfFiles" : 0,
      "retrievingTime" : 83771
    },
    "fileProviderStatistics" : [ {
      "providerName" : "Module 'backend' (all roots)",
      "totalNumberOfIndexedFiles" : 6,
      "totalNumberOfFilesFullyIndexedByExtensions" : 0,
      "totalNumberOfNothingToWriteFiles" : 1,
      "totalIndexingVisibleTime" : 169455807,
      "contentLoadingVisibleTime" : 254301,
      "numberOfTooLargeForIndexingFiles" : 0,
      "slowIndexedFiles" : [ ],
      "filesFullyIndexedByExtensions" : [ ],
      "separateApplyingIndexesVisibleTime" : 21742957
    }, {
      "providerName" : "External roots from entity (empty; empty; event-loop, composer, promise, ...; empty)",
      "totalNumberOfIndexedFiles" : 1,
      "totalNumberOfFilesFullyIndexedByExtensions" : 0,
      "totalNumberOfNothingToWriteFiles" : 0,
      "totalIndexingVisibleTime" : 106345212,
      "contentLoadingVisibleTime" : 84861,
      "numberOfTooLargeForIndexingFiles" : 0,
      "slowIndexedFiles" : [ ],
      "filesFullyIndexedByExtensions" : [ ],
      "separateApplyingIndexesVisibleTime" : 1025705
    }, {
      "providerName" : "Custom kind roots from entity (db, extensions, empty)",
      "totalNumberOfIndexedFiles" : 2,
      "totalNumberOfFilesFullyIndexedByExtensions" : 0,
      "totalNumberOfNothingToWriteFiles" : 0,
      "totalIndexingVisibleTime" : 2320699,
      "contentLoadingVisibleTime" : 69104,
      "numberOfTooLargeForIndexingFiles" : 0,
      "slowIndexedFiles" : [ ],
      "filesFullyIndexedByExtensions" : [ ],
      "separateApplyingIndexesVisibleTime" : 601338
    }, {
      "providerName" : "Refreshed files",
      "totalNumberOfIndexedFiles" : 0,
      "totalNumberOfFilesFullyIndexedByExtensions" : 0,
      "totalNumberOfNothingToWriteFiles" : 0,
      "totalIndexingVisibleTime" : 0,
      "contentLoadingVisibleTime" : 0,
      "numberOfTooLargeForIndexingFiles" : 0,
      "slowIndexedFiles" : [ ],
      "filesFullyIndexedByExtensions" : [ ],
      "separateApplyingIndexesVisibleTime" : 0
    } ],
    "visibleTimeToAllThreadTimeRatio" : 0.0
  }
}