{
  "appInfo" : {
    "build" : "233.11799.241",
    "buildDate" : "2023-12-02T05:05:00Z[UTC]",
    "productCode" : "IU",
    "generated" : "2024-01-18T11:11:18.446117Z",
    "os" : "macOS 13.6",
    "runtime" : "JetBrains s.r.o. 17.0.9 17.0.9+7-b1087.7"
  },
  "runtimeInfo" : {
    "maxMemory" : 3170893824,
    "numberOfProcessors" : 4,
    "maxNumberOfIndexingThreads" : 3,
    "maxSizeOfFileForIntelliSense" : 2560000,
    "maxSizeOfFileForContentLoading" : 20971520
  },
  "type" : "DumbIndexing",
  "projectIndexingActivityHistory" : {
    "projectName" : "backend",
    "times" : {
      "scanningIds" : [ 6 ],
      "contentLoadingVisibleTime" : 1547452,
      "retrievingChangedDuringIndexingFilesTime" : 2829861,
      "separateApplyingIndexesVisibleTime" : 40688,
      "updatingStart" : "2024-01-18T11:11:17.347439Z",
      "updatingEnd" : "2024-01-18T11:11:17.365501Z",
      "totalWallTimeWithPauses" : 18061367,
      "wallTimeOnPause" : 0,
      "wasInterrupted" : false,
      "dumbWallTimeWithPauses" : 18061367,
      "dumbModeStart" : "2024-01-18T11:11:17.347439Z",
      "dumbWallTimeWithoutPauses" : 18061367,
      "totalWallTimeWithoutPauses" : 18061367
    },
    "fileCount" : {
      "numberOfChangedDuringIndexingFiles" : 0,
      "numberOfFilesIndexedByInfrastructureExtensionsDuringIndexingStage" : 0,
      "numberOfFilesIndexedWithLoadingContent" : 7,
      "numberOfNothingToWriteFiles" : 7
    },
    "totalStatsPerFileType" : [ {
      "fileType" : "PHP",
      "partOfTotalProcessingTime" : {
        "part" : 11120592,
        "total" : 11120592
      },
      "partOfTotalContentLoadingTime" : {
        "part" : 1749774,
        "total" : 1749774
      },
      "totalNumberOfFiles" : 7,
      "totalFilesSize" : 46071,
      "totalProcessingSpeed" : {
        "totalBytes" : 46071,
        "totalCpuTime" : 11120592
      },
      "biggestContributors" : [ {
        "providerName" : "Module 'backend' (all roots)",
        "numberOfFiles" : 6,
        "totalFilesSize" : 29927,
        "partOfTotalProcessingTimeOfThisFileType" : {
          "part" : 8545500,
          "total" : 11120592
        }
      }, {
        "providerName" : "External roots from entity (empty; empty; event-loop, composer, promise, ...; empty)",
        "numberOfFiles" : 1,
        "totalFilesSize" : 16144,
        "partOfTotalProcessingTimeOfThisFileType" : {
          "part" : 2575092,
          "total" : 11120592
        }
      } ]
    } ],
    "totalStatsPerBaseLanguage" : [ {
      "language" : "PHP",
      "partOfTotalProcessingTime" : {
        "part" : 11120592,
        "total" : 11120592
      },
      "partOfTotalContentLoadingTime" : {
        "part" : 3499548,
        "total" : 1749774
      },
      "totalNumberOfFiles" : 7,
      "totalFilesSize" : 46071,
      "totalProcessingSpeed" : {
        "totalBytes" : 46071,
        "totalCpuTime" : 11120592
      }
    } ],
    "totalStatsPerIndexer" : [ ],
    "statisticsOfChangedDuringIndexingFiles" : {
      "numberOfFiles" : 0,
      "retrievingTime" : 2829861
    },
    "fileProviderStatistics" : [ {
      "providerName" : "Module 'backend' (all roots)",
      "totalNumberOfIndexedFiles" : 6,
      "totalNumberOfFilesFullyIndexedByExtensions" : 0,
      "totalNumberOfNothingToWriteFiles" : 6,
      "totalIndexingVisibleTime" : 7557413,
      "contentLoadingVisibleTime" : 782836,
      "numberOfTooLargeForIndexingFiles" : 0,
      "slowIndexedFiles" : [ ],
      "filesFullyIndexedByExtensions" : [ ],
      "separateApplyingIndexesVisibleTime" : 32864
    }, {
      "providerName" : "External roots from entity (empty; empty; event-loop, composer, promise, ...; empty)",
      "totalNumberOfIndexedFiles" : 1,
      "totalNumberOfFilesFullyIndexedByExtensions" : 0,
      "totalNumberOfNothingToWriteFiles" : 1,
      "totalIndexingVisibleTime" : 2277343,
      "contentLoadingVisibleTime" : 764616,
      "numberOfTooLargeForIndexingFiles" : 0,
      "slowIndexedFiles" : [ ],
      "filesFullyIndexedByExtensions" : [ ],
      "separateApplyingIndexesVisibleTime" : 7824
    }, {
      "providerName" : "Refreshed files",
      "totalNumberOfIndexedFiles" : 0,
      "totalNumberOfFilesFullyIndexedByExtensions" : 0,
      "totalNumberOfNothingToWriteFiles" : 0,
      "totalIndexingVisibleTime" : 0,
      "contentLoadingVisibleTime" : 0,
      "numberOfTooLargeForIndexingFiles" : 0,
      "slowIndexedFiles" : [ ],
      "filesFullyIndexedByExtensions" : [ ],
      "separateApplyingIndexesVisibleTime" : 0
    } ],
    "visibleTimeToAllThreadTimeRatio" : 0.0
  }
}