{
  "appInfo" : {
    "build" : "233.11799.241",
    "buildDate" : "2023-12-02T05:05:00Z[UTC]",
    "productCode" : "IU",
    "generated" : "2024-01-17T10:16:16.783224Z",
    "os" : "macOS 13.6",
    "runtime" : "JetBrains s.r.o. 17.0.9 17.0.9+7-b1087.7"
  },
  "runtimeInfo" : {
    "maxMemory" : 3170893824,
    "numberOfProcessors" : 4,
    "maxNumberOfIndexingThreads" : 3,
    "maxSizeOfFileForIntelliSense" : 2560000,
    "maxSizeOfFileForContentLoading" : 20971520
  },
  "type" : "DumbIndexing",
  "projectIndexingActivityHistory" : {
    "projectName" : "backend",
    "times" : {
      "scanningIds" : [ ],
      "contentLoadingVisibleTime" : 2711966,
      "retrievingChangedDuringIndexingFilesTime" : 85649,
      "separateApplyingIndexesVisibleTime" : 237132711,
      "updatingStart" : "2024-01-17T10:16:15.222093Z",
      "updatingEnd" : "2024-01-17T10:16:16.781069Z",
      "totalWallTimeWithPauses" : 1558972331,
      "wallTimeOnPause" : 0,
      "wasInterrupted" : false,
      "dumbModeStart" : "2024-01-17T10:16:15.222093Z",
      "dumbWallTimeWithPauses" : 1558972331,
      "dumbWallTimeWithoutPauses" : 1558972331,
      "totalWallTimeWithoutPauses" : 1558972331
    },
    "fileCount" : {
      "numberOfChangedDuringIndexingFiles" : 22,
      "numberOfFilesIndexedByInfrastructureExtensionsDuringIndexingStage" : 0,
      "numberOfFilesIndexedWithLoadingContent" : 22,
      "numberOfNothingToWriteFiles" : 0
    },
    "totalStatsPerFileType" : [ {
      "fileType" : "PHP",
      "partOfTotalProcessingTime" : {
        "part" : 4184466672,
        "total" : 4184466672
      },
      "partOfTotalContentLoadingTime" : {
        "part" : 7288725,
        "total" : 7288725
      },
      "totalNumberOfFiles" : 22,
      "totalFilesSize" : 100430,
      "totalProcessingSpeed" : {
        "totalBytes" : 100430,
        "totalCpuTime" : 4184466672
      },
      "biggestContributors" : [ {
        "providerName" : "Refreshed files",
        "numberOfFiles" : 22,
        "totalFilesSize" : 100430,
        "partOfTotalProcessingTimeOfThisFileType" : {
          "part" : 4184466672,
          "total" : 4184466672
        }
      } ]
    } ],
    "totalStatsPerBaseLanguage" : [ {
      "language" : "PHP",
      "partOfTotalProcessingTime" : {
        "part" : 4184466672,
        "total" : 4184466672
      },
      "partOfTotalContentLoadingTime" : {
        "part" : 14577450,
        "total" : 7288725
      },
      "totalNumberOfFiles" : 22,
      "totalFilesSize" : 100430,
      "totalProcessingSpeed" : {
        "totalBytes" : 100430,
        "totalCpuTime" : 4184466672
      }
    } ],
    "totalStatsPerIndexer" : [ {
      "indexId" : "Stubs",
      "partOfTotalIndexingTime" : {
        "part" : 1400932741,
        "total" : 2383065072
      },
      "totalNumberOfFiles" : 22,
      "totalNumberOfFilesIndexedByExtensions" : 0,
      "totalFilesSize" : 100430,
      "indexValueChangerEvaluationSpeed" : {
        "totalBytes" : 100430,
        "totalCpuTime" : 1400932741
      }
    }, {
      "indexId" : "php.invoke.calls.offsets",
      "partOfTotalIndexingTime" : {
        "part" : 192269590,
        "total" : 2383065072
      },
      "totalNumberOfFiles" : 22,
      "totalNumberOfFilesIndexedByExtensions" : 0,
      "totalFilesSize" : 100430,
      "indexValueChangerEvaluationSpeed" : {
        "totalBytes" : 100430,
        "totalCpuTime" : 192269590
      }
    }, {
      "indexId" : "php.max.language.level",
      "partOfTotalIndexingTime" : {
        "part" : 120533865,
        "total" : 2383065072
      },
      "totalNumberOfFiles" : 22,
      "totalNumberOfFilesIndexedByExtensions" : 0,
      "totalFilesSize" : 100430,
      "indexValueChangerEvaluationSpeed" : {
        "totalBytes" : 100430,
        "totalCpuTime" : 120533865
      }
    }, {
      "indexId" : "php.array.shapes.entries",
      "partOfTotalIndexingTime" : {
        "part" : 120395321,
        "total" : 2383065072
      },
      "totalNumberOfFiles" : 22,
      "totalNumberOfFilesIndexedByExtensions" : 0,
      "totalFilesSize" : 100430,
      "indexValueChangerEvaluationSpeed" : {
        "totalBytes" : 100430,
        "totalCpuTime" : 120395321
      }
    }, {
      "indexId" : "php.class.name",
      "partOfTotalIndexingTime" : {
        "part" : 96704204,
        "total" : 2383065072
      },
      "totalNumberOfFiles" : 22,
      "totalNumberOfFilesIndexedByExtensions" : 0,
      "totalFilesSize" : 100430,
      "indexValueChangerEvaluationSpeed" : {
        "totalBytes" : 100430,
        "totalCpuTime" : 96704204
      }
    }, {
      "indexId" : "CssIndex",
      "partOfTotalIndexingTime" : {
        "part" : 45187433,
        "total" : 2383065072
      },
      "totalNumberOfFiles" : 22,
      "totalNumberOfFilesIndexedByExtensions" : 0,
      "totalFilesSize" : 100430,
      "indexValueChangerEvaluationSpeed" : {
        "totalBytes" : 100430,
        "totalCpuTime" : 45187433
      }
    }, {
      "indexId" : "php.doc.type.aliases.index",
      "partOfTotalIndexingTime" : {
        "part" : 44548620,
        "total" : 2383065072
      },
      "totalNumberOfFiles" : 22,
      "totalNumberOfFilesIndexedByExtensions" : 0,
      "totalFilesSize" : 100430,
      "indexValueChangerEvaluationSpeed" : {
        "totalBytes" : 100430,
        "totalCpuTime" : 44548620
      }
    }, {
      "indexId" : "php.function.parameters.used.as.regexp",
      "partOfTotalIndexingTime" : {
        "part" : 37810111,
        "total" : 2383065072
      },
      "totalNumberOfFiles" : 22,
      "totalNumberOfFilesIndexedByExtensions" : 0,
      "totalFilesSize" : 100430,
      "indexValueChangerEvaluationSpeed" : {
        "totalBytes" : 100430,
        "totalCpuTime" : 37810111
      }
    }, {
      "indexId" : "php.doctag.user.name",
      "partOfTotalIndexingTime" : {
        "part" : 33896915,
        "total" : 2383065072
      },
      "totalNumberOfFiles" : 22,
      "totalNumberOfFilesIndexedByExtensions" : 0,
      "totalFilesSize" : 100430,
      "indexValueChangerEvaluationSpeed" : {
        "totalBytes" : 100430,
        "totalCpuTime" : 33896915
      }
    }, {
      "indexId" : "IdIndex",
      "partOfTotalIndexingTime" : {
        "part" : 31160801,
        "total" : 2383065072
      },
      "totalNumberOfFiles" : 22,
      "totalNumberOfFilesIndexedByExtensions" : 0,
      "totalFilesSize" : 100430,
      "indexValueChangerEvaluationSpeed" : {
        "totalBytes" : 100430,
        "totalCpuTime" : 31160801
      }
    }, {
      "indexId" : "php.func.get.arg.usage.index",
      "partOfTotalIndexingTime" : {
        "part" : 25744899,
        "total" : 2383065072
      },
      "totalNumberOfFiles" : 22,
      "totalNumberOfFilesIndexedByExtensions" : 0,
      "totalFilesSize" : 100430,
      "indexValueChangerEvaluationSpeed" : {
        "totalBytes" : 100430,
        "totalCpuTime" : 25744899
      }
    }, {
      "indexId" : "php.generic.template.index",
      "partOfTotalIndexingTime" : {
        "part" : 24395844,
        "total" : 2383065072
      },
      "totalNumberOfFiles" : 22,
      "totalNumberOfFilesIndexedByExtensions" : 0,
      "totalFilesSize" : 100430,
      "indexValueChangerEvaluationSpeed" : {
        "totalBytes" : 100430,
        "totalCpuTime" : 24395844
      }
    }, {
      "indexId" : "php.functions.with.not.catched.dynamic.passed.calls",
      "partOfTotalIndexingTime" : {
        "part" : 18117103,
        "total" : 2383065072
      },
      "totalNumberOfFiles" : 22,
      "totalNumberOfFilesIndexedByExtensions" : 0,
      "totalFilesSize" : 100430,
      "indexValueChangerEvaluationSpeed" : {
        "totalBytes" : 100430,
        "totalCpuTime" : 18117103
      }
    }, {
      "indexId" : "php.class.fqn",
      "partOfTotalIndexingTime" : {
        "part" : 18016702,
        "total" : 2383065072
      },
      "totalNumberOfFiles" : 22,
      "totalNumberOfFilesIndexedByExtensions" : 0,
      "totalFilesSize" : 100430,
      "indexValueChangerEvaluationSpeed" : {
        "totalBytes" : 100430,
        "totalCpuTime" : 18016702
      }
    }, {
      "indexId" : "css.template.selectors",
      "partOfTotalIndexingTime" : {
        "part" : 16525968,
        "total" : 2383065072
      },
      "totalNumberOfFiles" : 22,
      "totalNumberOfFilesIndexedByExtensions" : 0,
      "totalFilesSize" : 100430,
      "indexValueChangerEvaluationSpeed" : {
        "totalBytes" : 100430,
        "totalCpuTime" : 16525968
      }
    }, {
      "indexId" : "php.used.parameters.array.keys",
      "partOfTotalIndexingTime" : {
        "part" : 15776546,
        "total" : 2383065072
      },
      "totalNumberOfFiles" : 22,
      "totalNumberOfFilesIndexedByExtensions" : 0,
      "totalFilesSize" : 100430,
      "indexValueChangerEvaluationSpeed" : {
        "totalBytes" : 100430,
        "totalCpuTime" : 15776546
      }
    }, {
      "indexId" : "HtmlTagIdIndex",
      "partOfTotalIndexingTime" : {
        "part" : 14664637,
        "total" : 2383065072
      },
      "totalNumberOfFiles" : 22,
      "totalNumberOfFilesIndexedByExtensions" : 0,
      "totalFilesSize" : 100430,
      "indexValueChangerEvaluationSpeed" : {
        "totalBytes" : 100430,
        "totalCpuTime" : 14664637
      }
    }, {
      "indexId" : "php.exit.point.function.index",
      "partOfTotalIndexingTime" : {
        "part" : 10203148,
        "total" : 2383065072
      },
      "totalNumberOfFiles" : 22,
      "totalNumberOfFilesIndexedByExtensions" : 0,
      "totalFilesSize" : 100430,
      "indexValueChangerEvaluationSpeed" : {
        "totalBytes" : 100430,
        "totalCpuTime" : 10203148
      }
    }, {
      "indexId" : "php.generator.operands.type.index",
      "partOfTotalIndexingTime" : {
        "part" : 10114962,
        "total" : 2383065072
      },
      "totalNumberOfFiles" : 22,
      "totalNumberOfFilesIndexedByExtensions" : 0,
      "totalFilesSize" : 100430,
      "indexValueChangerEvaluationSpeed" : {
        "totalBytes" : 100430,
        "totalCpuTime" : 10114962
      }
    }, {
      "indexId" : "php.field.names.accessed.by.the.constructor",
      "partOfTotalIndexingTime" : {
        "part" : 9104849,
        "total" : 2383065072
      },
      "totalNumberOfFiles" : 22,
      "totalNumberOfFilesIndexedByExtensions" : 0,
      "totalFilesSize" : 100430,
      "indexValueChangerEvaluationSpeed" : {
        "totalBytes" : 100430,
        "totalCpuTime" : 9104849
      }
    }, {
      "indexId" : "php.not.used.parameters",
      "partOfTotalIndexingTime" : {
        "part" : 8569304,
        "total" : 2383065072
      },
      "totalNumberOfFiles" : 22,
      "totalNumberOfFilesIndexedByExtensions" : 0,
      "totalFilesSize" : 100430,
      "indexValueChangerEvaluationSpeed" : {
        "totalBytes" : 100430,
        "totalCpuTime" : 8569304
      }
    }, {
      "indexId" : "Trigram.Index",
      "partOfTotalIndexingTime" : {
        "part" : 7569459,
        "total" : 2383065072
      },
      "totalNumberOfFiles" : 22,
      "totalNumberOfFilesIndexedByExtensions" : 0,
      "totalFilesSize" : 100430,
      "indexValueChangerEvaluationSpeed" : {
        "totalBytes" : 100430,
        "totalCpuTime" : 7569459
      }
    }, {
      "indexId" : "php.fields.default.value.matchers",
      "partOfTotalIndexingTime" : {
        "part" : 7435191,
        "total" : 2383065072
      },
      "totalNumberOfFiles" : 22,
      "totalNumberOfFilesIndexedByExtensions" : 0,
      "totalFilesSize" : 100430,
      "indexValueChangerEvaluationSpeed" : {
        "totalBytes" : 100430,
        "totalCpuTime" : 7435191
      }
    }, {
      "indexId" : "js.custom.single.entry.index",
      "partOfTotalIndexingTime" : {
        "part" : 7433813,
        "total" : 2383065072
      },
      "totalNumberOfFiles" : 22,
      "totalNumberOfFilesIndexedByExtensions" : 0,
      "totalFilesSize" : 100430,
      "indexValueChangerEvaluationSpeed" : {
        "totalBytes" : 100430,
        "totalCpuTime" : 7433813
      }
    }, {
      "indexId" : "php.global.assignment.index",
      "partOfTotalIndexingTime" : {
        "part" : 6782004,
        "total" : 2383065072
      },
      "totalNumberOfFiles" : 22,
      "totalNumberOfFilesIndexedByExtensions" : 0,
      "totalFilesSize" : 100430,
      "indexValueChangerEvaluationSpeed" : {
        "totalBytes" : 100430,
        "totalCpuTime" : 6782004
      }
    }, {
      "indexId" : "php.class.alias.fqn",
      "partOfTotalIndexingTime" : {
        "part" : 6737844,
        "total" : 2383065072
      },
      "totalNumberOfFiles" : 22,
      "totalNumberOfFilesIndexedByExtensions" : 0,
      "totalFilesSize" : 100430,
      "indexValueChangerEvaluationSpeed" : {
        "totalBytes" : 100430,
        "totalCpuTime" : 6737844
      }
    }, {
      "indexId" : "php.function.always.re",
      "partOfTotalIndexingTime" : {
        "part" : 6735399,
        "total" : 2383065072
      },
      "totalNumberOfFiles" : 22,
      "totalNumberOfFilesIndexedByExtensions" : 0,
      "totalFilesSize" : 100430,
      "indexValueChangerEvaluationSpeed" : {
        "totalBytes" : 100430,
        "totalCpuTime" : 6735399
      }
    }, {
      "indexId" : "php.parameters.default.value.matchers",
      "partOfTotalIndexingTime" : {
        "part" : 6246367,
        "total" : 2383065072
      },
      "totalNumberOfFiles" : 22,
      "totalNumberOfFilesIndexedByExtensions" : 0,
      "totalFilesSize" : 100430,
      "indexValueChangerEvaluationSpeed" : {
        "totalBytes" : 100430,
        "totalCpuTime" : 6246367
      }
    }, {
      "indexId" : "php.method.name",
      "partOfTotalIndexingTime" : {
        "part" : 5526944,
        "total" : 2383065072
      },
      "totalNumberOfFiles" : 22,
      "totalNumberOfFilesIndexedByExtensions" : 0,
      "totalFilesSize" : 100430,
      "indexValueChangerEvaluationSpeed" : {
        "totalBytes" : 100430,
        "totalCpuTime" : 5526944
      }
    }, {
      "indexId" : "php.unit.covers",
      "partOfTotalIndexingTime" : {
        "part" : 3570662,
        "total" : 2383065072
      },
      "totalNumberOfFiles" : 22,
      "totalNumberOfFilesIndexedByExtensions" : 0,
      "totalFilesSize" : 100430,
      "indexValueChangerEvaluationSpeed" : {
        "totalBytes" : 100430,
        "totalCpuTime" : 3570662
      }
    }, {
      "indexId" : "php.inferred.meta.pattern.index",
      "partOfTotalIndexingTime" : {
        "part" : 3300692,
        "total" : 2383065072
      },
      "totalNumberOfFiles" : 22,
      "totalNumberOfFilesIndexedByExtensions" : 0,
      "totalFilesSize" : 100430,
      "indexValueChangerEvaluationSpeed" : {
        "totalBytes" : 100430,
        "totalCpuTime" : 3300692
      }
    }, {
      "indexId" : "php.expected.function.return.values",
      "partOfTotalIndexingTime" : {
        "part" : 2742824,
        "total" : 2383065072
      },
      "totalNumberOfFiles" : 22,
      "totalNumberOfFilesIndexedByExtensions" : 0,
      "totalFilesSize" : 100430,
      "indexValueChangerEvaluationSpeed" : {
        "totalBytes" : 100430,
        "totalCpuTime" : 2742824
      }
    }, {
      "indexId" : "php.expected.function.arguments",
      "partOfTotalIndexingTime" : {
        "part" : 2677453,
        "total" : 2383065072
      },
      "totalNumberOfFiles" : 22,
      "totalNumberOfFilesIndexedByExtensions" : 0,
      "totalFilesSize" : 100430,
      "indexValueChangerEvaluationSpeed" : {
        "totalBytes" : 100430,
        "totalCpuTime" : 2677453
      }
    }, {
      "indexId" : "php.class.attributes.name",
      "partOfTotalIndexingTime" : {
        "part" : 2646014,
        "total" : 2383065072
      },
      "totalNumberOfFiles" : 22,
      "totalNumberOfFilesIndexedByExtensions" : 0,
      "totalFilesSize" : 100430,
      "indexValueChangerEvaluationSpeed" : {
        "totalBytes" : 100430,
        "totalCpuTime" : 2646014
      }
    }, {
      "indexId" : "php.aliased.trait.method.name",
      "partOfTotalIndexingTime" : {
        "part" : 2237683,
        "total" : 2383065072
      },
      "totalNumberOfFiles" : 22,
      "totalNumberOfFilesIndexedByExtensions" : 0,
      "totalFilesSize" : 100430,
      "indexValueChangerEvaluationSpeed" : {
        "totalBytes" : 100430,
        "totalCpuTime" : 2237683
      }
    }, {
      "indexId" : "espend.php.annotation.usage",
      "partOfTotalIndexingTime" : {
        "part" : 1969576,
        "total" : 2383065072
      },
      "totalNumberOfFiles" : 22,
      "totalNumberOfFilesIndexedByExtensions" : 0,
      "totalFilesSize" : 100430,
      "indexValueChangerEvaluationSpeed" : {
        "totalBytes" : 100430,
        "totalCpuTime" : 1969576
      }
    }, {
      "indexId" : "espend.php.annotation.classes",
      "partOfTotalIndexingTime" : {
        "part" : 1832980,
        "total" : 2383065072
      },
      "totalNumberOfFiles" : 22,
      "totalNumberOfFilesIndexedByExtensions" : 0,
      "totalFilesSize" : 100430,
      "indexValueChangerEvaluationSpeed" : {
        "totalBytes" : 100430,
        "totalCpuTime" : 1832980
      }
    }, {
      "indexId" : "php.serialize.function.calls.offsets",
      "partOfTotalIndexingTime" : {
        "part" : 1718012,
        "total" : 2383065072
      },
      "totalNumberOfFiles" : 22,
      "totalNumberOfFilesIndexedByExtensions" : 0,
      "totalFilesSize" : 100430,
      "indexValueChangerEvaluationSpeed" : {
        "totalBytes" : 100430,
        "totalCpuTime" : 1718012
      }
    }, {
      "indexId" : "php.trait.usage",
      "partOfTotalIndexingTime" : {
        "part" : 1666931,
        "total" : 2383065072
      },
      "totalNumberOfFiles" : 22,
      "totalNumberOfFilesIndexedByExtensions" : 0,
      "totalFilesSize" : 100430,
      "indexValueChangerEvaluationSpeed" : {
        "totalBytes" : 100430,
        "totalCpuTime" : 1666931
      }
    }, {
      "indexId" : "php.array.access.offsets",
      "partOfTotalIndexingTime" : {
        "part" : 1477253,
        "total" : 2383065072
      },
      "totalNumberOfFiles" : 22,
      "totalNumberOfFilesIndexedByExtensions" : 0,
      "totalFilesSize" : 100430,
      "indexValueChangerEvaluationSpeed" : {
        "totalBytes" : 100430,
        "totalCpuTime" : 1477253
      }
    }, {
      "indexId" : "php.unit.data.providers",
      "partOfTotalIndexingTime" : {
        "part" : 1409816,
        "total" : 2383065072
      },
      "totalNumberOfFiles" : 22,
      "totalNumberOfFilesIndexedByExtensions" : 0,
      "totalFilesSize" : 100430,
      "indexValueChangerEvaluationSpeed" : {
        "totalBytes" : 100430,
        "totalCpuTime" : 1409816
      }
    }, {
      "indexId" : "php.namespace.inheritance",
      "partOfTotalIndexingTime" : {
        "part" : 984341,
        "total" : 2383065072
      },
      "totalNumberOfFiles" : 22,
      "totalNumberOfFilesIndexedByExtensions" : 0,
      "totalFilesSize" : 100430,
      "indexValueChangerEvaluationSpeed" : {
        "totalBytes" : 100430,
        "totalCpuTime" : 984341
      }
    }, {
      "indexId" : "HtmlScriptSrcIndex",
      "partOfTotalIndexingTime" : {
        "part" : 834528,
        "total" : 2383065072
      },
      "totalNumberOfFiles" : 22,
      "totalNumberOfFilesIndexedByExtensions" : 0,
      "totalFilesSize" : 100430,
      "indexValueChangerEvaluationSpeed" : {
        "totalBytes" : 100430,
        "totalCpuTime" : 834528
      }
    }, {
      "indexId" : "php.constants.default.expected.arguments",
      "partOfTotalIndexingTime" : {
        "part" : 799027,
        "total" : 2383065072
      },
      "totalNumberOfFiles" : 22,
      "totalNumberOfFilesIndexedByExtensions" : 0,
      "totalFilesSize" : 100430,
      "indexValueChangerEvaluationSpeed" : {
        "totalBytes" : 100430,
        "totalCpuTime" : 799027
      }
    }, {
      "indexId" : "php.putenv.arguments",
      "partOfTotalIndexingTime" : {
        "part" : 719088,
        "total" : 2383065072
      },
      "totalNumberOfFiles" : 22,
      "totalNumberOfFilesIndexedByExtensions" : 0,
      "totalFilesSize" : 100430,
      "indexValueChangerEvaluationSpeed" : {
        "totalBytes" : 100430,
        "totalCpuTime" : 719088
      }
    }, {
      "indexId" : "php.class.alias.name",
      "partOfTotalIndexingTime" : {
        "part" : 567008,
        "total" : 2383065072
      },
      "totalNumberOfFiles" : 22,
      "totalNumberOfFilesIndexedByExtensions" : 0,
      "totalFilesSize" : 100430,
      "indexValueChangerEvaluationSpeed" : {
        "totalBytes" : 100430,
        "totalCpuTime" : 567008
      }
    }, {
      "indexId" : "php.file.constants.default.value.matchers",
      "partOfTotalIndexingTime" : {
        "part" : 532505,
        "total" : 2383065072
      },
      "totalNumberOfFiles" : 22,
      "totalNumberOfFilesIndexedByExtensions" : 0,
      "totalFilesSize" : 100430,
      "indexValueChangerEvaluationSpeed" : {
        "totalBytes" : 100430,
        "totalCpuTime" : 532505
      }
    }, {
      "indexId" : "php.interface.fqn",
      "partOfTotalIndexingTime" : {
        "part" : 450970,
        "total" : 2383065072
      },
      "totalNumberOfFiles" : 22,
      "totalNumberOfFilesIndexedByExtensions" : 0,
      "totalFilesSize" : 100430,
      "indexValueChangerEvaluationSpeed" : {
        "totalBytes" : 100430,
        "totalCpuTime" : 450970
      }
    }, {
      "indexId" : "php.constants.default.array.shapes",
      "partOfTotalIndexingTime" : {
        "part" : 374956,
        "total" : 2383065072
      },
      "totalNumberOfFiles" : 22,
      "totalNumberOfFilesIndexedByExtensions" : 0,
      "totalFilesSize" : 100430,
      "indexValueChangerEvaluationSpeed" : {
        "totalBytes" : 100430,
        "totalCpuTime" : 374956
      }
    }, {
      "indexId" : "php.function.name",
      "partOfTotalIndexingTime" : {
        "part" : 355381,
        "total" : 2383065072
      },
      "totalNumberOfFiles" : 22,
      "totalNumberOfFilesIndexedByExtensions" : 0,
      "totalFilesSize" : 100430,
      "indexValueChangerEvaluationSpeed" : {
        "totalBytes" : 100430,
        "totalCpuTime" : 355381
      }
    }, {
      "indexId" : "php.variable.name",
      "partOfTotalIndexingTime" : {
        "part" : 308727,
        "total" : 2383065072
      },
      "totalNumberOfFiles" : 22,
      "totalNumberOfFilesIndexedByExtensions" : 0,
      "totalFilesSize" : 100430,
      "indexValueChangerEvaluationSpeed" : {
        "totalBytes" : 100430,
        "totalCpuTime" : 308727
      }
    }, {
      "indexId" : "php.class.alias.to.class",
      "partOfTotalIndexingTime" : {
        "part" : 278796,
        "total" : 2383065072
      },
      "totalNumberOfFiles" : 22,
      "totalNumberOfFilesIndexedByExtensions" : 0,
      "totalFilesSize" : 100430,
      "indexValueChangerEvaluationSpeed" : {
        "totalBytes" : 100430,
        "totalCpuTime" : 278796
      }
    }, {
      "indexId" : "php.constant.name",
      "partOfTotalIndexingTime" : {
        "part" : 239348,
        "total" : 2383065072
      },
      "totalNumberOfFiles" : 22,
      "totalNumberOfFilesIndexedByExtensions" : 0,
      "totalFilesSize" : 100430,
      "indexValueChangerEvaluationSpeed" : {
        "totalBytes" : 100430,
        "totalCpuTime" : 239348
      }
    }, {
      "indexId" : "php.class.to.class.alias",
      "partOfTotalIndexingTime" : {
        "part" : 229917,
        "total" : 2383065072
      },
      "totalNumberOfFiles" : 22,
      "totalNumberOfFilesIndexedByExtensions" : 0,
      "totalFilesSize" : 100430,
      "indexValueChangerEvaluationSpeed" : {
        "totalBytes" : 100430,
        "totalCpuTime" : 229917
      }
    } ],
    "statisticsOfChangedDuringIndexingFiles" : {
      "numberOfFiles" : 22,
      "retrievingTime" : 85649
    },
    "fileProviderStatistics" : [ {
      "providerName" : "Refreshed files",
      "totalNumberOfIndexedFiles" : 22,
      "totalNumberOfFilesFullyIndexedByExtensions" : 0,
      "totalNumberOfNothingToWriteFiles" : 0,
      "totalIndexingVisibleTime" : 1556943814,
      "contentLoadingVisibleTime" : 2711966,
      "numberOfTooLargeForIndexingFiles" : 0,
      "slowIndexedFiles" : [ {
        "fileName" : "SettlementHub.php",
        "processingTime" : 713247990,
        "evaluationOfIndexValueChangerTime" : 239713211,
        "contentLoadingTime" : 348206
      }, {
        "fileName" : "MatchDataEntity.php",
        "processingTime" : 818276368,
        "evaluationOfIndexValueChangerTime" : 211168422,
        "contentLoadingTime" : 263901
      }, {
        "fileName" : "SettlementEntry.php",
        "processingTime" : 810214684,
        "evaluationOfIndexValueChangerTime" : 733066139,
        "contentLoadingTime" : 471707
      } ],
      "filesFullyIndexedByExtensions" : [ ],
      "separateApplyingIndexesVisibleTime" : 237132711
    } ],
    "visibleTimeToAllThreadTimeRatio" : 0.3720770019314901
  }
}