{
  "appInfo" : {
    "build" : "233.11799.241",
    "buildDate" : "2023-12-02T05:05:00Z[UTC]",
    "productCode" : "IU",
    "generated" : "2024-01-09T14:12:36.626434Z",
    "os" : "macOS 13.6",
    "runtime" : "JetBrains s.r.o. 17.0.9 17.0.9+7-b1087.7"
  },
  "runtimeInfo" : {
    "maxMemory" : 3170893824,
    "numberOfProcessors" : 4,
    "maxNumberOfIndexingThreads" : 3,
    "maxSizeOfFileForIntelliSense" : 2560000,
    "maxSizeOfFileForContentLoading" : 20971520
  },
  "type" : "DumbIndexing",
  "projectIndexingActivityHistory" : {
    "projectName" : "backend",
    "times" : {
      "scanningIds" : [ 1 ],
      "contentLoadingVisibleTime" : 3752379,
      "retrievingChangedDuringIndexingFilesTime" : 868333,
      "separateApplyingIndexesVisibleTime" : 12351965,
      "updatingStart" : "2024-01-09T14:12:35.164682Z",
      "updatingEnd" : "2024-01-09T14:12:36.625425Z",
      "totalWallTimeWithPauses" : 1460715677,
      "wallTimeOnPause" : 0,
      "wasInterrupted" : false,
      "dumbWallTimeWithPauses" : 1460715677,
      "dumbWallTimeWithoutPauses" : 1460715677,
      "dumbModeStart" : "2024-01-09T14:12:35.164682Z",
      "totalWallTimeWithoutPauses" : 1460715677
    },
    "fileCount" : {
      "numberOfChangedDuringIndexingFiles" : 0,
      "numberOfFilesIndexedByInfrastructureExtensionsDuringIndexingStage" : 0,
      "numberOfFilesIndexedWithLoadingContent" : 10,
      "numberOfNothingToWriteFiles" : 9
    },
    "totalStatsPerFileType" : [ {
      "fileType" : "PHP",
      "partOfTotalProcessingTime" : {
        "part" : 1488284970,
        "total" : 1488284970
      },
      "partOfTotalContentLoadingTime" : {
        "part" : 3879339,
        "total" : 3879339
      },
      "totalNumberOfFiles" : 10,
      "totalFilesSize" : 77895,
      "totalProcessingSpeed" : {
        "totalBytes" : 77895,
        "totalCpuTime" : 1488284970
      },
      "biggestContributors" : [ {
        "providerName" : "Module 'backend' (all roots)",
        "numberOfFiles" : 10,
        "totalFilesSize" : 77895,
        "partOfTotalProcessingTimeOfThisFileType" : {
          "part" : 1488284970,
          "total" : 1488284970
        }
      } ]
    } ],
    "totalStatsPerBaseLanguage" : [ {
      "language" : "PHP",
      "partOfTotalProcessingTime" : {
        "part" : 1488284970,
        "total" : 1488284970
      },
      "partOfTotalContentLoadingTime" : {
        "part" : 7758678,
        "total" : 3879339
      },
      "totalNumberOfFiles" : 10,
      "totalFilesSize" : 77895,
      "totalProcessingSpeed" : {
        "totalBytes" : 77895,
        "totalCpuTime" : 1488284970
      }
    } ],
    "totalStatsPerIndexer" : [ {
      "indexId" : "Stubs",
      "partOfTotalIndexingTime" : {
        "part" : 1094231500,
        "total" : 1373713931
      },
      "totalNumberOfFiles" : 1,
      "totalNumberOfFilesIndexedByExtensions" : 0,
      "totalFilesSize" : 31386,
      "indexValueChangerEvaluationSpeed" : {
        "totalBytes" : 31386,
        "totalCpuTime" : 1094231500
      }
    }, {
      "indexId" : "php.invoke.calls.offsets",
      "partOfTotalIndexingTime" : {
        "part" : 146011679,
        "total" : 1373713931
      },
      "totalNumberOfFiles" : 1,
      "totalNumberOfFilesIndexedByExtensions" : 0,
      "totalFilesSize" : 31386,
      "indexValueChangerEvaluationSpeed" : {
        "totalBytes" : 31386,
        "totalCpuTime" : 146011679
      }
    }, {
      "indexId" : "php.max.language.level",
      "partOfTotalIndexingTime" : {
        "part" : 44698504,
        "total" : 1373713931
      },
      "totalNumberOfFiles" : 1,
      "totalNumberOfFilesIndexedByExtensions" : 0,
      "totalFilesSize" : 31386,
      "indexValueChangerEvaluationSpeed" : {
        "totalBytes" : 31386,
        "totalCpuTime" : 44698504
      }
    }, {
      "indexId" : "css.template.selectors",
      "partOfTotalIndexingTime" : {
        "part" : 19459257,
        "total" : 1373713931
      },
      "totalNumberOfFiles" : 1,
      "totalNumberOfFilesIndexedByExtensions" : 0,
      "totalFilesSize" : 31386,
      "indexValueChangerEvaluationSpeed" : {
        "totalBytes" : 31386,
        "totalCpuTime" : 19459257
      }
    }, {
      "indexId" : "CssIndex",
      "partOfTotalIndexingTime" : {
        "part" : 10090678,
        "total" : 1373713931
      },
      "totalNumberOfFiles" : 1,
      "totalNumberOfFilesIndexedByExtensions" : 0,
      "totalFilesSize" : 31386,
      "indexValueChangerEvaluationSpeed" : {
        "totalBytes" : 31386,
        "totalCpuTime" : 10090678
      }
    }, {
      "indexId" : "IdIndex",
      "partOfTotalIndexingTime" : {
        "part" : 9232117,
        "total" : 1373713931
      },
      "totalNumberOfFiles" : 1,
      "totalNumberOfFilesIndexedByExtensions" : 0,
      "totalFilesSize" : 31386,
      "indexValueChangerEvaluationSpeed" : {
        "totalBytes" : 31386,
        "totalCpuTime" : 9232117
      }
    }, {
      "indexId" : "php.class.attributes.name",
      "partOfTotalIndexingTime" : {
        "part" : 8618699,
        "total" : 1373713931
      },
      "totalNumberOfFiles" : 1,
      "totalNumberOfFilesIndexedByExtensions" : 0,
      "totalFilesSize" : 31386,
      "indexValueChangerEvaluationSpeed" : {
        "totalBytes" : 31386,
        "totalCpuTime" : 8618699
      }
    }, {
      "indexId" : "php.doctag.user.name",
      "partOfTotalIndexingTime" : {
        "part" : 7850572,
        "total" : 1373713931
      },
      "totalNumberOfFiles" : 1,
      "totalNumberOfFilesIndexedByExtensions" : 0,
      "totalFilesSize" : 31386,
      "indexValueChangerEvaluationSpeed" : {
        "totalBytes" : 31386,
        "totalCpuTime" : 7850572
      }
    }, {
      "indexId" : "php.generator.operands.type.index",
      "partOfTotalIndexingTime" : {
        "part" : 6317941,
        "total" : 1373713931
      },
      "totalNumberOfFiles" : 1,
      "totalNumberOfFilesIndexedByExtensions" : 0,
      "totalFilesSize" : 31386,
      "indexValueChangerEvaluationSpeed" : {
        "totalBytes" : 31386,
        "totalCpuTime" : 6317941
      }
    }, {
      "indexId" : "php.global.assignment.index",
      "partOfTotalIndexingTime" : {
        "part" : 4177063,
        "total" : 1373713931
      },
      "totalNumberOfFiles" : 1,
      "totalNumberOfFilesIndexedByExtensions" : 0,
      "totalFilesSize" : 31386,
      "indexValueChangerEvaluationSpeed" : {
        "totalBytes" : 31386,
        "totalCpuTime" : 4177063
      }
    }, {
      "indexId" : "php.functions.with.not.catched.dynamic.passed.calls",
      "partOfTotalIndexingTime" : {
        "part" : 3356580,
        "total" : 1373713931
      },
      "totalNumberOfFiles" : 1,
      "totalNumberOfFilesIndexedByExtensions" : 0,
      "totalFilesSize" : 31386,
      "indexValueChangerEvaluationSpeed" : {
        "totalBytes" : 31386,
        "totalCpuTime" : 3356580
      }
    }, {
      "indexId" : "php.generic.template.index",
      "partOfTotalIndexingTime" : {
        "part" : 2934175,
        "total" : 1373713931
      },
      "totalNumberOfFiles" : 1,
      "totalNumberOfFilesIndexedByExtensions" : 0,
      "totalFilesSize" : 31386,
      "indexValueChangerEvaluationSpeed" : {
        "totalBytes" : 31386,
        "totalCpuTime" : 2934175
      }
    }, {
      "indexId" : "php.func.get.arg.usage.index",
      "partOfTotalIndexingTime" : {
        "part" : 2680721,
        "total" : 1373713931
      },
      "totalNumberOfFiles" : 1,
      "totalNumberOfFilesIndexedByExtensions" : 0,
      "totalFilesSize" : 31386,
      "indexValueChangerEvaluationSpeed" : {
        "totalBytes" : 31386,
        "totalCpuTime" : 2680721
      }
    }, {
      "indexId" : "Trigram.Index",
      "partOfTotalIndexingTime" : {
        "part" : 2387514,
        "total" : 1373713931
      },
      "totalNumberOfFiles" : 1,
      "totalNumberOfFilesIndexedByExtensions" : 0,
      "totalFilesSize" : 31386,
      "indexValueChangerEvaluationSpeed" : {
        "totalBytes" : 31386,
        "totalCpuTime" : 2387514
      }
    }, {
      "indexId" : "php.class.alias.fqn",
      "partOfTotalIndexingTime" : {
        "part" : 1906750,
        "total" : 1373713931
      },
      "totalNumberOfFiles" : 1,
      "totalNumberOfFilesIndexedByExtensions" : 0,
      "totalFilesSize" : 31386,
      "indexValueChangerEvaluationSpeed" : {
        "totalBytes" : 31386,
        "totalCpuTime" : 1906750
      }
    }, {
      "indexId" : "php.function.parameters.used.as.regexp",
      "partOfTotalIndexingTime" : {
        "part" : 1187874,
        "total" : 1373713931
      },
      "totalNumberOfFiles" : 1,
      "totalNumberOfFilesIndexedByExtensions" : 0,
      "totalFilesSize" : 31386,
      "indexValueChangerEvaluationSpeed" : {
        "totalBytes" : 31386,
        "totalCpuTime" : 1187874
      }
    }, {
      "indexId" : "php.not.used.parameters",
      "partOfTotalIndexingTime" : {
        "part" : 975182,
        "total" : 1373713931
      },
      "totalNumberOfFiles" : 1,
      "totalNumberOfFilesIndexedByExtensions" : 0,
      "totalFilesSize" : 31386,
      "indexValueChangerEvaluationSpeed" : {
        "totalBytes" : 31386,
        "totalCpuTime" : 975182
      }
    }, {
      "indexId" : "php.array.shapes.entries",
      "partOfTotalIndexingTime" : {
        "part" : 858573,
        "total" : 1373713931
      },
      "totalNumberOfFiles" : 1,
      "totalNumberOfFilesIndexedByExtensions" : 0,
      "totalFilesSize" : 31386,
      "indexValueChangerEvaluationSpeed" : {
        "totalBytes" : 31386,
        "totalCpuTime" : 858573
      }
    }, {
      "indexId" : "php.used.parameters.array.keys",
      "partOfTotalIndexingTime" : {
        "part" : 638256,
        "total" : 1373713931
      },
      "totalNumberOfFiles" : 1,
      "totalNumberOfFilesIndexedByExtensions" : 0,
      "totalFilesSize" : 31386,
      "indexValueChangerEvaluationSpeed" : {
        "totalBytes" : 31386,
        "totalCpuTime" : 638256
      }
    }, {
      "indexId" : "php.field.names.accessed.by.the.constructor",
      "partOfTotalIndexingTime" : {
        "part" : 566930,
        "total" : 1373713931
      },
      "totalNumberOfFiles" : 1,
      "totalNumberOfFilesIndexedByExtensions" : 0,
      "totalFilesSize" : 31386,
      "indexValueChangerEvaluationSpeed" : {
        "totalBytes" : 31386,
        "totalCpuTime" : 566930
      }
    }, {
      "indexId" : "php.expected.function.arguments",
      "partOfTotalIndexingTime" : {
        "part" : 495490,
        "total" : 1373713931
      },
      "totalNumberOfFiles" : 1,
      "totalNumberOfFilesIndexedByExtensions" : 0,
      "totalFilesSize" : 31386,
      "indexValueChangerEvaluationSpeed" : {
        "totalBytes" : 31386,
        "totalCpuTime" : 495490
      }
    }, {
      "indexId" : "php.parameters.default.value.matchers",
      "partOfTotalIndexingTime" : {
        "part" : 484801,
        "total" : 1373713931
      },
      "totalNumberOfFiles" : 1,
      "totalNumberOfFilesIndexedByExtensions" : 0,
      "totalFilesSize" : 31386,
      "indexValueChangerEvaluationSpeed" : {
        "totalBytes" : 31386,
        "totalCpuTime" : 484801
      }
    }, {
      "indexId" : "HtmlTagIdIndex",
      "partOfTotalIndexingTime" : {
        "part" : 457253,
        "total" : 1373713931
      },
      "totalNumberOfFiles" : 1,
      "totalNumberOfFilesIndexedByExtensions" : 0,
      "totalFilesSize" : 31386,
      "indexValueChangerEvaluationSpeed" : {
        "totalBytes" : 31386,
        "totalCpuTime" : 457253
      }
    }, {
      "indexId" : "php.inferred.meta.pattern.index",
      "partOfTotalIndexingTime" : {
        "part" : 366287,
        "total" : 1373713931
      },
      "totalNumberOfFiles" : 1,
      "totalNumberOfFilesIndexedByExtensions" : 0,
      "totalFilesSize" : 31386,
      "indexValueChangerEvaluationSpeed" : {
        "totalBytes" : 31386,
        "totalCpuTime" : 366287
      }
    }, {
      "indexId" : "php.exit.point.function.index",
      "partOfTotalIndexingTime" : {
        "part" : 360954,
        "total" : 1373713931
      },
      "totalNumberOfFiles" : 1,
      "totalNumberOfFilesIndexedByExtensions" : 0,
      "totalFilesSize" : 31386,
      "indexValueChangerEvaluationSpeed" : {
        "totalBytes" : 31386,
        "totalCpuTime" : 360954
      }
    }, {
      "indexId" : "espend.php.annotation.classes",
      "partOfTotalIndexingTime" : {
        "part" : 320970,
        "total" : 1373713931
      },
      "totalNumberOfFiles" : 1,
      "totalNumberOfFilesIndexedByExtensions" : 0,
      "totalFilesSize" : 31386,
      "indexValueChangerEvaluationSpeed" : {
        "totalBytes" : 31386,
        "totalCpuTime" : 320970
      }
    }, {
      "indexId" : "php.array.access.offsets",
      "partOfTotalIndexingTime" : {
        "part" : 304180,
        "total" : 1373713931
      },
      "totalNumberOfFiles" : 1,
      "totalNumberOfFilesIndexedByExtensions" : 0,
      "totalFilesSize" : 31386,
      "indexValueChangerEvaluationSpeed" : {
        "totalBytes" : 31386,
        "totalCpuTime" : 304180
      }
    }, {
      "indexId" : "php.expected.function.return.values",
      "partOfTotalIndexingTime" : {
        "part" : 301934,
        "total" : 1373713931
      },
      "totalNumberOfFiles" : 1,
      "totalNumberOfFilesIndexedByExtensions" : 0,
      "totalFilesSize" : 31386,
      "indexValueChangerEvaluationSpeed" : {
        "totalBytes" : 31386,
        "totalCpuTime" : 301934
      }
    }, {
      "indexId" : "php.method.name",
      "partOfTotalIndexingTime" : {
        "part" : 295205,
        "total" : 1373713931
      },
      "totalNumberOfFiles" : 1,
      "totalNumberOfFilesIndexedByExtensions" : 0,
      "totalFilesSize" : 31386,
      "indexValueChangerEvaluationSpeed" : {
        "totalBytes" : 31386,
        "totalCpuTime" : 295205
      }
    }, {
      "indexId" : "HtmlScriptSrcIndex",
      "partOfTotalIndexingTime" : {
        "part" : 235469,
        "total" : 1373713931
      },
      "totalNumberOfFiles" : 1,
      "totalNumberOfFilesIndexedByExtensions" : 0,
      "totalFilesSize" : 31386,
      "indexValueChangerEvaluationSpeed" : {
        "totalBytes" : 31386,
        "totalCpuTime" : 235469
      }
    }, {
      "indexId" : "php.serialize.function.calls.offsets",
      "partOfTotalIndexingTime" : {
        "part" : 195073,
        "total" : 1373713931
      },
      "totalNumberOfFiles" : 1,
      "totalNumberOfFilesIndexedByExtensions" : 0,
      "totalFilesSize" : 31386,
      "indexValueChangerEvaluationSpeed" : {
        "totalBytes" : 31386,
        "totalCpuTime" : 195073
      }
    }, {
      "indexId" : "php.fields.default.value.matchers",
      "partOfTotalIndexingTime" : {
        "part" : 160625,
        "total" : 1373713931
      },
      "totalNumberOfFiles" : 1,
      "totalNumberOfFilesIndexedByExtensions" : 0,
      "totalFilesSize" : 31386,
      "indexValueChangerEvaluationSpeed" : {
        "totalBytes" : 31386,
        "totalCpuTime" : 160625
      }
    }, {
      "indexId" : "js.custom.single.entry.index",
      "partOfTotalIndexingTime" : {
        "part" : 158362,
        "total" : 1373713931
      },
      "totalNumberOfFiles" : 1,
      "totalNumberOfFilesIndexedByExtensions" : 0,
      "totalFilesSize" : 31386,
      "indexValueChangerEvaluationSpeed" : {
        "totalBytes" : 31386,
        "totalCpuTime" : 158362
      }
    }, {
      "indexId" : "php.unit.data.providers",
      "partOfTotalIndexingTime" : {
        "part" : 135089,
        "total" : 1373713931
      },
      "totalNumberOfFiles" : 1,
      "totalNumberOfFilesIndexedByExtensions" : 0,
      "totalFilesSize" : 31386,
      "indexValueChangerEvaluationSpeed" : {
        "totalBytes" : 31386,
        "totalCpuTime" : 135089
      }
    }, {
      "indexId" : "php.doc.type.aliases.index",
      "partOfTotalIndexingTime" : {
        "part" : 114190,
        "total" : 1373713931
      },
      "totalNumberOfFiles" : 1,
      "totalNumberOfFilesIndexedByExtensions" : 0,
      "totalFilesSize" : 31386,
      "indexValueChangerEvaluationSpeed" : {
        "totalBytes" : 31386,
        "totalCpuTime" : 114190
      }
    }, {
      "indexId" : "espend.php.annotation.usage",
      "partOfTotalIndexingTime" : {
        "part" : 102355,
        "total" : 1373713931
      },
      "totalNumberOfFiles" : 1,
      "totalNumberOfFilesIndexedByExtensions" : 0,
      "totalFilesSize" : 31386,
      "indexValueChangerEvaluationSpeed" : {
        "totalBytes" : 31386,
        "totalCpuTime" : 102355
      }
    }, {
      "indexId" : "php.aliased.trait.method.name",
      "partOfTotalIndexingTime" : {
        "part" : 100417,
        "total" : 1373713931
      },
      "totalNumberOfFiles" : 1,
      "totalNumberOfFilesIndexedByExtensions" : 0,
      "totalFilesSize" : 31386,
      "indexValueChangerEvaluationSpeed" : {
        "totalBytes" : 31386,
        "totalCpuTime" : 100417
      }
    }, {
      "indexId" : "php.class.name",
      "partOfTotalIndexingTime" : {
        "part" : 91186,
        "total" : 1373713931
      },
      "totalNumberOfFiles" : 1,
      "totalNumberOfFilesIndexedByExtensions" : 0,
      "totalFilesSize" : 31386,
      "indexValueChangerEvaluationSpeed" : {
        "totalBytes" : 31386,
        "totalCpuTime" : 91186
      }
    }, {
      "indexId" : "php.file.constants.default.value.matchers",
      "partOfTotalIndexingTime" : {
        "part" : 90827,
        "total" : 1373713931
      },
      "totalNumberOfFiles" : 1,
      "totalNumberOfFilesIndexedByExtensions" : 0,
      "totalFilesSize" : 31386,
      "indexValueChangerEvaluationSpeed" : {
        "totalBytes" : 31386,
        "totalCpuTime" : 90827
      }
    }, {
      "indexId" : "php.class.fqn",
      "partOfTotalIndexingTime" : {
        "part" : 90380,
        "total" : 1373713931
      },
      "totalNumberOfFiles" : 1,
      "totalNumberOfFilesIndexedByExtensions" : 0,
      "totalFilesSize" : 31386,
      "indexValueChangerEvaluationSpeed" : {
        "totalBytes" : 31386,
        "totalCpuTime" : 90380
      }
    }, {
      "indexId" : "php.function.always.re",
      "partOfTotalIndexingTime" : {
        "part" : 85443,
        "total" : 1373713931
      },
      "totalNumberOfFiles" : 1,
      "totalNumberOfFilesIndexedByExtensions" : 0,
      "totalFilesSize" : 31386,
      "indexValueChangerEvaluationSpeed" : {
        "totalBytes" : 31386,
        "totalCpuTime" : 85443
      }
    }, {
      "indexId" : "php.trait.usage",
      "partOfTotalIndexingTime" : {
        "part" : 84326,
        "total" : 1373713931
      },
      "totalNumberOfFiles" : 1,
      "totalNumberOfFilesIndexedByExtensions" : 0,
      "totalFilesSize" : 31386,
      "indexValueChangerEvaluationSpeed" : {
        "totalBytes" : 31386,
        "totalCpuTime" : 84326
      }
    }, {
      "indexId" : "php.putenv.arguments",
      "partOfTotalIndexingTime" : {
        "part" : 75367,
        "total" : 1373713931
      },
      "totalNumberOfFiles" : 1,
      "totalNumberOfFilesIndexedByExtensions" : 0,
      "totalFilesSize" : 31386,
      "indexValueChangerEvaluationSpeed" : {
        "totalBytes" : 31386,
        "totalCpuTime" : 75367
      }
    }, {
      "indexId" : "php.unit.covers",
      "partOfTotalIndexingTime" : {
        "part" : 71141,
        "total" : 1373713931
      },
      "totalNumberOfFiles" : 1,
      "totalNumberOfFilesIndexedByExtensions" : 0,
      "totalFilesSize" : 31386,
      "indexValueChangerEvaluationSpeed" : {
        "totalBytes" : 31386,
        "totalCpuTime" : 71141
      }
    }, {
      "indexId" : "php.namespace.inheritance",
      "partOfTotalIndexingTime" : {
        "part" : 65332,
        "total" : 1373713931
      },
      "totalNumberOfFiles" : 1,
      "totalNumberOfFilesIndexedByExtensions" : 0,
      "totalFilesSize" : 31386,
      "indexValueChangerEvaluationSpeed" : {
        "totalBytes" : 31386,
        "totalCpuTime" : 65332
      }
    }, {
      "indexId" : "php.interface.fqn",
      "partOfTotalIndexingTime" : {
        "part" : 65181,
        "total" : 1373713931
      },
      "totalNumberOfFiles" : 1,
      "totalNumberOfFilesIndexedByExtensions" : 0,
      "totalFilesSize" : 31386,
      "indexValueChangerEvaluationSpeed" : {
        "totalBytes" : 31386,
        "totalCpuTime" : 65181
      }
    }, {
      "indexId" : "php.constant.name",
      "partOfTotalIndexingTime" : {
        "part" : 62361,
        "total" : 1373713931
      },
      "totalNumberOfFiles" : 1,
      "totalNumberOfFilesIndexedByExtensions" : 0,
      "totalFilesSize" : 31386,
      "indexValueChangerEvaluationSpeed" : {
        "totalBytes" : 31386,
        "totalCpuTime" : 62361
      }
    }, {
      "indexId" : "php.constants.default.expected.arguments",
      "partOfTotalIndexingTime" : {
        "part" : 43961,
        "total" : 1373713931
      },
      "totalNumberOfFiles" : 1,
      "totalNumberOfFilesIndexedByExtensions" : 0,
      "totalFilesSize" : 31386,
      "indexValueChangerEvaluationSpeed" : {
        "totalBytes" : 31386,
        "totalCpuTime" : 43961
      }
    }, {
      "indexId" : "php.constants.default.array.shapes",
      "partOfTotalIndexingTime" : {
        "part" : 23400,
        "total" : 1373713931
      },
      "totalNumberOfFiles" : 1,
      "totalNumberOfFilesIndexedByExtensions" : 0,
      "totalFilesSize" : 31386,
      "indexValueChangerEvaluationSpeed" : {
        "totalBytes" : 31386,
        "totalCpuTime" : 23400
      }
    }, {
      "indexId" : "php.function.name",
      "partOfTotalIndexingTime" : {
        "part" : 21554,
        "total" : 1373713931
      },
      "totalNumberOfFiles" : 1,
      "totalNumberOfFilesIndexedByExtensions" : 0,
      "totalFilesSize" : 31386,
      "indexValueChangerEvaluationSpeed" : {
        "totalBytes" : 31386,
        "totalCpuTime" : 21554
      }
    }, {
      "indexId" : "php.variable.name",
      "partOfTotalIndexingTime" : {
        "part" : 20351,
        "total" : 1373713931
      },
      "totalNumberOfFiles" : 1,
      "totalNumberOfFilesIndexedByExtensions" : 0,
      "totalFilesSize" : 31386,
      "indexValueChangerEvaluationSpeed" : {
        "totalBytes" : 31386,
        "totalCpuTime" : 20351
      }
    }, {
      "indexId" : "php.class.alias.to.class",
      "partOfTotalIndexingTime" : {
        "part" : 20330,
        "total" : 1373713931
      },
      "totalNumberOfFiles" : 1,
      "totalNumberOfFilesIndexedByExtensions" : 0,
      "totalFilesSize" : 31386,
      "indexValueChangerEvaluationSpeed" : {
        "totalBytes" : 31386,
        "totalCpuTime" : 20330
      }
    }, {
      "indexId" : "php.class.to.class.alias",
      "partOfTotalIndexingTime" : {
        "part" : 18889,
        "total" : 1373713931
      },
      "totalNumberOfFiles" : 1,
      "totalNumberOfFilesIndexedByExtensions" : 0,
      "totalFilesSize" : 31386,
      "indexValueChangerEvaluationSpeed" : {
        "totalBytes" : 31386,
        "totalCpuTime" : 18889
      }
    }, {
      "indexId" : "php.class.alias.name",
      "partOfTotalIndexingTime" : {
        "part" : 14683,
        "total" : 1373713931
      },
      "totalNumberOfFiles" : 1,
      "totalNumberOfFilesIndexedByExtensions" : 0,
      "totalFilesSize" : 31386,
      "indexValueChangerEvaluationSpeed" : {
        "totalBytes" : 31386,
        "totalCpuTime" : 14683
      }
    } ],
    "statisticsOfChangedDuringIndexingFiles" : {
      "numberOfFiles" : 0,
      "retrievingTime" : 868333
    },
    "fileProviderStatistics" : [ {
      "providerName" : "Module 'backend' (all roots)",
      "totalNumberOfIndexedFiles" : 10,
      "totalNumberOfFilesFullyIndexedByExtensions" : 0,
      "totalNumberOfNothingToWriteFiles" : 9,
      "totalIndexingVisibleTime" : 1439577559,
      "contentLoadingVisibleTime" : 3752379,
      "numberOfTooLargeForIndexingFiles" : 0,
      "slowIndexedFiles" : [ {
        "fileName" : "SettlementEntry.php",
        "processingTime" : 1388984863,
        "evaluationOfIndexValueChangerTime" : 1373713931,
        "contentLoadingTime" : 387254
      } ],
      "filesFullyIndexedByExtensions" : [ ],
      "separateApplyingIndexesVisibleTime" : 12351965
    }, {
      "providerName" : "Refreshed files",
      "totalNumberOfIndexedFiles" : 0,
      "totalNumberOfFilesFullyIndexedByExtensions" : 0,
      "totalNumberOfNothingToWriteFiles" : 0,
      "totalIndexingVisibleTime" : 0,
      "contentLoadingVisibleTime" : 0,
      "numberOfTooLargeForIndexingFiles" : 0,
      "slowIndexedFiles" : [ ],
      "filesFullyIndexedByExtensions" : [ ],
      "separateApplyingIndexesVisibleTime" : 0
    } ],
    "visibleTimeToAllThreadTimeRatio" : 0.0
  }
}