{
  "appInfo" : {
    "build" : "233.11799.241",
    "buildDate" : "2023-12-02T05:05:00Z[UTC]",
    "productCode" : "IU",
    "generated" : "2024-01-06T17:00:57.512948Z",
    "os" : "macOS 13.6",
    "runtime" : "JetBrains s.r.o. 17.0.9 17.0.9+7-b1087.7"
  },
  "runtimeInfo" : {
    "maxMemory" : 3170893824,
    "numberOfProcessors" : 4,
    "maxNumberOfIndexingThreads" : 3,
    "maxSizeOfFileForIntelliSense" : 2560000,
    "maxSizeOfFileForContentLoading" : 20971520
  },
  "type" : "Scanning",
  "projectIndexingActivityHistory" : {
    "projectName" : "backend",
    "times" : {
      "scanningReason" : "changes in: \"Module 'backend' (src, test)\"",
      "scanningType" : "PARTIAL",
      "scanningId" : 38,
      "creatingIteratorsTime" : 2000,
      "concurrentHandlingWallTimeWithoutPauses" : 196156000,
      "concurrentHandlingWallTimeWithPauses" : 196156000,
      "concurrentHandlingSumOfThreadTimesWithPauses" : 195921136,
      "concurrentIterationAndScannersApplicationSumOfThreadTimesWithPauses" : 664117,
      "concurrentFileCheckSumOfThreadTimesWithPauses" : 195189188,
      "delayedPushPropertiesStageTime" : 7000,
      "indexExtensionsTime" : 0,
      "dumbWallTimeWithPauses" : 0,
      "dumbWallTimeWithoutPauses" : 0,
      "updatingStart" : "2024-01-06T17:00:57.232925Z",
      "updatingEnd" : "2024-01-06T17:00:57.430187Z",
      "totalWallTimeWithPauses" : 197259587,
      "wallTimeOnPause" : 0,
      "wasInterrupted" : false,
      "totalWallTimeWithoutPauses" : 197259587
    },
    "fileCount" : {
      "numberOfFileProviders" : 1,
      "numberOfScannedFiles" : 194,
      "numberOfFilesIndexedByInfrastructureExtensionsDuringScan" : 0,
      "numberOfFilesScheduledForIndexingAfterScan" : 0
    },
    "scanningStatistics" : [ {
      "providerName" : "Module 'backend' (src, test)",
      "numberOfScannedFiles" : 194,
      "numberOfSkippedFiles" : 0,
      "numberOfFilesForIndexing" : 0,
      "numberOfFilesFullyIndexedByInfrastructureExtensions" : 0,
      "filesFullyIndexedByInfrastructureExtensions" : [ ],
      "statusTime" : 115497712,
      "totalOneThreadTimeWithPauses" : 195921136,
      "iterationAndScannersApplicationTime" : 664117,
      "filesCheckTime" : 195189188,
      "timeProcessingUpToDateFiles" : 17464212,
      "timeUpdatingContentLessIndexes" : 3339,
      "timeIndexingWithoutContentViaInfrastructureExtension" : 0,
      "roots" : [ ]
    } ]
  }
}