{
  "appInfo" : {
    "build" : "233.11799.241",
    "buildDate" : "2023-12-02T05:05:00Z[UTC]",
    "productCode" : "IU",
    "generated" : "2024-01-06T18:04:36.269896Z",
    "os" : "macOS 13.6",
    "runtime" : "JetBrains s.r.o. 17.0.9 17.0.9+7-b1087.7"
  },
  "runtimeInfo" : {
    "maxMemory" : 3170893824,
    "numberOfProcessors" : 4,
    "maxNumberOfIndexingThreads" : 3,
    "maxSizeOfFileForIntelliSense" : 2560000,
    "maxSizeOfFileForContentLoading" : 20971520
  },
  "type" : "Scanning",
  "projectIndexingActivityHistory" : {
    "projectName" : "backend",
    "times" : {
      "scanningReason" : "changes in: \"Module 'backend' (src, test)\"",
      "scanningType" : "PARTIAL",
      "scanningId" : 47,
      "creatingIteratorsTime" : 18000,
      "concurrentHandlingWallTimeWithoutPauses" : 41181000,
      "concurrentHandlingWallTimeWithPauses" : 45149000,
      "concurrentHandlingSumOfThreadTimesWithPauses" : 44946111,
      "concurrentIterationAndScannersApplicationSumOfThreadTimesWithPauses" : 614563,
      "concurrentFileCheckSumOfThreadTimesWithPauses" : 44257120,
      "delayedPushPropertiesStageTime" : 5000,
      "indexExtensionsTime" : 0,
      "dumbWallTimeWithPauses" : 0,
      "dumbWallTimeWithoutPauses" : 0,
      "updatingStart" : "2024-01-06T18:04:36.08981Z",
      "updatingEnd" : "2024-01-06T18:04:36.135745Z",
      "totalWallTimeWithPauses" : 45934643,
      "wallTimeOnPause" : 3968000,
      "wasInterrupted" : false,
      "totalWallTimeWithoutPauses" : 41966643
    },
    "fileCount" : {
      "numberOfFileProviders" : 1,
      "numberOfScannedFiles" : 195,
      "numberOfFilesIndexedByInfrastructureExtensionsDuringScan" : 0,
      "numberOfFilesScheduledForIndexingAfterScan" : 0
    },
    "scanningStatistics" : [ {
      "providerName" : "Module 'backend' (src, test)",
      "numberOfScannedFiles" : 195,
      "numberOfSkippedFiles" : 0,
      "numberOfFilesForIndexing" : 0,
      "numberOfFilesFullyIndexedByInfrastructureExtensions" : 0,
      "filesFullyIndexedByInfrastructureExtensions" : [ ],
      "statusTime" : 34834803,
      "totalOneThreadTimeWithPauses" : 44946111,
      "iterationAndScannersApplicationTime" : 614563,
      "filesCheckTime" : 44257120,
      "timeProcessingUpToDateFiles" : 9224804,
      "timeUpdatingContentLessIndexes" : 3808,
      "timeIndexingWithoutContentViaInfrastructureExtension" : 0,
      "roots" : [ ]
    } ]
  }
}