{
  "appInfo" : {
    "build" : "233.11799.241",
    "buildDate" : "2023-12-02T05:05:00Z[UTC]",
    "productCode" : "IU",
    "generated" : "2024-01-05T10:59:31.332922Z",
    "os" : "macOS 13.6",
    "runtime" : "JetBrains s.r.o. 17.0.9 17.0.9+7-b1087.7"
  },
  "runtimeInfo" : {
    "maxMemory" : 3170893824,
    "numberOfProcessors" : 4,
    "maxNumberOfIndexingThreads" : 3,
    "maxSizeOfFileForIntelliSense" : 2560000,
    "maxSizeOfFileForContentLoading" : 20971520
  },
  "type" : "Scanning",
  "projectIndexingActivityHistory" : {
    "projectName" : "backend",
    "times" : {
      "scanningReason" : "changes in: \"External roots from entity (empty; empty; ndjson-react; empty)\"",
      "scanningType" : "PARTIAL",
      "scanningId" : 4,
      "creatingIteratorsTime" : 2000,
      "concurrentHandlingWallTimeWithoutPauses" : 14496000,
      "concurrentHandlingWallTimeWithPauses" : 14496000,
      "concurrentHandlingSumOfThreadTimesWithPauses" : 8561383,
      "concurrentIterationAndScannersApplicationSumOfThreadTimesWithPauses" : 1133886,
      "concurrentFileCheckSumOfThreadTimesWithPauses" : 6467554,
      "delayedPushPropertiesStageTime" : 22000,
      "indexExtensionsTime" : 715303,
      "dumbWallTimeWithPauses" : 0,
      "dumbWallTimeWithoutPauses" : 0,
      "updatingStart" : "2024-01-05T10:59:31.311694Z",
      "updatingEnd" : "2024-01-05T10:59:31.329589Z",
      "totalWallTimeWithPauses" : 17861421,
      "wallTimeOnPause" : 68000,
      "wasInterrupted" : false,
      "totalWallTimeWithoutPauses" : 17793421
    },
    "fileCount" : {
      "numberOfFileProviders" : 1,
      "numberOfScannedFiles" : 7,
      "numberOfFilesIndexedByInfrastructureExtensionsDuringScan" : 0,
      "numberOfFilesScheduledForIndexingAfterScan" : 7
    },
    "scanningStatistics" : [ {
      "providerName" : "External roots from entity (empty; empty; ndjson-react; empty)",
      "numberOfScannedFiles" : 7,
      "numberOfSkippedFiles" : 0,
      "numberOfFilesForIndexing" : 7,
      "numberOfFilesFullyIndexedByInfrastructureExtensions" : 0,
      "filesFullyIndexedByInfrastructureExtensions" : [ ],
      "statusTime" : 3746403,
      "totalOneThreadTimeWithPauses" : 8561383,
      "iterationAndScannersApplicationTime" : 1133886,
      "filesCheckTime" : 6467554,
      "timeProcessingUpToDateFiles" : 0,
      "timeUpdatingContentLessIndexes" : 0,
      "timeIndexingWithoutContentViaInfrastructureExtension" : 715303,
      "roots" : [ ]
    } ]
  }
}