{
  "appInfo" : {
    "build" : "233.11799.241",
    "buildDate" : "2023-12-02T05:05:00Z[UTC]",
    "productCode" : "IU",
    "generated" : "2024-01-22T12:36:14.202262Z",
    "os" : "macOS 13.6",
    "runtime" : "JetBrains s.r.o. 17.0.9 17.0.9+7-b1087.7"
  },
  "runtimeInfo" : {
    "maxMemory" : 3170893824,
    "numberOfProcessors" : 4,
    "maxNumberOfIndexingThreads" : 3,
    "maxSizeOfFileForIntelliSense" : 2560000,
    "maxSizeOfFileForContentLoading" : 20971520
  },
  "type" : "DumbIndexing",
  "projectIndexingActivityHistory" : {
    "projectName" : "backend",
    "times" : {
      "scanningIds" : [ 6 ],
      "contentLoadingVisibleTime" : 1224863,
      "retrievingChangedDuringIndexingFilesTime" : 33229,
      "separateApplyingIndexesVisibleTime" : 56620566,
      "updatingStart" : "2024-01-22T12:36:13.140271Z",
      "updatingEnd" : "2024-01-22T12:36:13.916686Z",
      "totalWallTimeWithPauses" : 776547685,
      "wallTimeOnPause" : 0,
      "wasInterrupted" : false,
      "dumbWallTimeWithoutPauses" : 776547685,
      "dumbWallTimeWithPauses" : 776547685,
      "dumbModeStart" : "2024-01-22T12:36:13.140271Z",
      "totalWallTimeWithoutPauses" : 776547685
    },
    "fileCount" : {
      "numberOfChangedDuringIndexingFiles" : 0,
      "numberOfFilesIndexedByInfrastructureExtensionsDuringIndexingStage" : 0,
      "numberOfFilesIndexedWithLoadingContent" : 9,
      "numberOfNothingToWriteFiles" : 0
    },
    "totalStatsPerFileType" : [ {
      "fileType" : "PHP",
      "partOfTotalProcessingTime" : {
        "part" : 1873627060,
        "total" : 1897956922
      },
      "partOfTotalContentLoadingTime" : {
        "part" : 2908097,
        "total" : 3030508
      },
      "totalNumberOfFiles" : 8,
      "totalFilesSize" : 41233,
      "totalProcessingSpeed" : {
        "totalBytes" : 41233,
        "totalCpuTime" : 1873627060
      },
      "biggestContributors" : [ {
        "providerName" : "Module 'backend' (all roots)",
        "numberOfFiles" : 7,
        "totalFilesSize" : 24452,
        "partOfTotalProcessingTimeOfThisFileType" : {
          "part" : 1315806574,
          "total" : 1873627060
        }
      }, {
        "providerName" : "External roots from entity (empty; empty; event-loop, composer, promise, ...; empty)",
        "numberOfFiles" : 1,
        "totalFilesSize" : 16781,
        "partOfTotalProcessingTimeOfThisFileType" : {
          "part" : 557820486,
          "total" : 1873627060
        }
      } ]
    }, {
      "fileType" : "SQL",
      "partOfTotalProcessingTime" : {
        "part" : 24329862,
        "total" : 1897956922
      },
      "partOfTotalContentLoadingTime" : {
        "part" : 122411,
        "total" : 3030508
      },
      "totalNumberOfFiles" : 1,
      "totalFilesSize" : 230,
      "totalProcessingSpeed" : {
        "totalBytes" : 230,
        "totalCpuTime" : 24329862
      },
      "biggestContributors" : [ {
        "providerName" : "Custom kind roots from entity (db, extensions, empty)",
        "numberOfFiles" : 1,
        "totalFilesSize" : 230,
        "partOfTotalProcessingTimeOfThisFileType" : {
          "part" : 24329862,
          "total" : 24329862
        }
      } ]
    } ],
    "totalStatsPerBaseLanguage" : [ {
      "language" : "PHP",
      "partOfTotalProcessingTime" : {
        "part" : 1873627060,
        "total" : 1897956922
      },
      "partOfTotalContentLoadingTime" : {
        "part" : 5938605,
        "total" : 3030508
      },
      "totalNumberOfFiles" : 8,
      "totalFilesSize" : 41233,
      "totalProcessingSpeed" : {
        "totalBytes" : 41233,
        "totalCpuTime" : 1873627060
      }
    }, {
      "language" : "MariaDB",
      "partOfTotalProcessingTime" : {
        "part" : 24329862,
        "total" : 1897956922
      },
      "partOfTotalContentLoadingTime" : {
        "part" : 3152919,
        "total" : 3030508
      },
      "totalNumberOfFiles" : 1,
      "totalFilesSize" : 230,
      "totalProcessingSpeed" : {
        "totalBytes" : 230,
        "totalCpuTime" : 24329862
      }
    }, {
      "language" : "SQL",
      "partOfTotalProcessingTime" : {
        "part" : 24329862,
        "total" : 1897956922
      },
      "partOfTotalContentLoadingTime" : {
        "part" : 3152919,
        "total" : 3030508
      },
      "totalNumberOfFiles" : 1,
      "totalFilesSize" : 230,
      "totalProcessingSpeed" : {
        "totalBytes" : 230,
        "totalCpuTime" : 24329862
      }
    } ],
    "totalStatsPerIndexer" : [ {
      "indexId" : "Stubs",
      "partOfTotalIndexingTime" : {
        "part" : 884991029,
        "total" : 1609453387
      },
      "totalNumberOfFiles" : 9,
      "totalNumberOfFilesIndexedByExtensions" : 0,
      "totalFilesSize" : 41463,
      "indexValueChangerEvaluationSpeed" : {
        "totalBytes" : 41463,
        "totalCpuTime" : 884991029
      }
    }, {
      "indexId" : "php.generic.template.index",
      "partOfTotalIndexingTime" : {
        "part" : 191402008,
        "total" : 1609453387
      },
      "totalNumberOfFiles" : 8,
      "totalNumberOfFilesIndexedByExtensions" : 0,
      "totalFilesSize" : 41233,
      "indexValueChangerEvaluationSpeed" : {
        "totalBytes" : 41233,
        "totalCpuTime" : 191402008
      }
    }, {
      "indexId" : "php.max.language.level",
      "partOfTotalIndexingTime" : {
        "part" : 142239980,
        "total" : 1609453387
      },
      "totalNumberOfFiles" : 8,
      "totalNumberOfFilesIndexedByExtensions" : 0,
      "totalFilesSize" : 41233,
      "indexValueChangerEvaluationSpeed" : {
        "totalBytes" : 41233,
        "totalCpuTime" : 142239980
      }
    }, {
      "indexId" : "php.invoke.calls.offsets",
      "partOfTotalIndexingTime" : {
        "part" : 71255426,
        "total" : 1609453387
      },
      "totalNumberOfFiles" : 8,
      "totalNumberOfFilesIndexedByExtensions" : 0,
      "totalFilesSize" : 41233,
      "indexValueChangerEvaluationSpeed" : {
        "totalBytes" : 41233,
        "totalCpuTime" : 71255426
      }
    }, {
      "indexId" : "php.class.alias.to.class",
      "partOfTotalIndexingTime" : {
        "part" : 57144576,
        "total" : 1609453387
      },
      "totalNumberOfFiles" : 8,
      "totalNumberOfFilesIndexedByExtensions" : 0,
      "totalFilesSize" : 41233,
      "indexValueChangerEvaluationSpeed" : {
        "totalBytes" : 41233,
        "totalCpuTime" : 57144576
      }
    }, {
      "indexId" : "php.doctag.user.name",
      "partOfTotalIndexingTime" : {
        "part" : 39204947,
        "total" : 1609453387
      },
      "totalNumberOfFiles" : 8,
      "totalNumberOfFilesIndexedByExtensions" : 0,
      "totalFilesSize" : 41233,
      "indexValueChangerEvaluationSpeed" : {
        "totalBytes" : 41233,
        "totalCpuTime" : 39204947
      }
    }, {
      "indexId" : "php.class.name",
      "partOfTotalIndexingTime" : {
        "part" : 36934566,
        "total" : 1609453387
      },
      "totalNumberOfFiles" : 8,
      "totalNumberOfFilesIndexedByExtensions" : 0,
      "totalFilesSize" : 41233,
      "indexValueChangerEvaluationSpeed" : {
        "totalBytes" : 41233,
        "totalCpuTime" : 36934566
      }
    }, {
      "indexId" : "IdIndex",
      "partOfTotalIndexingTime" : {
        "part" : 23405861,
        "total" : 1609453387
      },
      "totalNumberOfFiles" : 9,
      "totalNumberOfFilesIndexedByExtensions" : 0,
      "totalFilesSize" : 41463,
      "indexValueChangerEvaluationSpeed" : {
        "totalBytes" : 41463,
        "totalCpuTime" : 23405861
      }
    }, {
      "indexId" : "php.generator.operands.type.index",
      "partOfTotalIndexingTime" : {
        "part" : 18859904,
        "total" : 1609453387
      },
      "totalNumberOfFiles" : 8,
      "totalNumberOfFilesIndexedByExtensions" : 0,
      "totalFilesSize" : 41233,
      "indexValueChangerEvaluationSpeed" : {
        "totalBytes" : 41233,
        "totalCpuTime" : 18859904
      }
    }, {
      "indexId" : "php.class.alias.fqn",
      "partOfTotalIndexingTime" : {
        "part" : 16593768,
        "total" : 1609453387
      },
      "totalNumberOfFiles" : 8,
      "totalNumberOfFilesIndexedByExtensions" : 0,
      "totalFilesSize" : 41233,
      "indexValueChangerEvaluationSpeed" : {
        "totalBytes" : 41233,
        "totalCpuTime" : 16593768
      }
    }, {
      "indexId" : "CssIndex",
      "partOfTotalIndexingTime" : {
        "part" : 16543767,
        "total" : 1609453387
      },
      "totalNumberOfFiles" : 8,
      "totalNumberOfFilesIndexedByExtensions" : 0,
      "totalFilesSize" : 41233,
      "indexValueChangerEvaluationSpeed" : {
        "totalBytes" : 41233,
        "totalCpuTime" : 16543767
      }
    }, {
      "indexId" : "css.template.selectors",
      "partOfTotalIndexingTime" : {
        "part" : 15866811,
        "total" : 1609453387
      },
      "totalNumberOfFiles" : 8,
      "totalNumberOfFilesIndexedByExtensions" : 0,
      "totalFilesSize" : 41233,
      "indexValueChangerEvaluationSpeed" : {
        "totalBytes" : 41233,
        "totalCpuTime" : 15866811
      }
    }, {
      "indexId" : "php.global.assignment.index",
      "partOfTotalIndexingTime" : {
        "part" : 8049915,
        "total" : 1609453387
      },
      "totalNumberOfFiles" : 8,
      "totalNumberOfFilesIndexedByExtensions" : 0,
      "totalFilesSize" : 41233,
      "indexValueChangerEvaluationSpeed" : {
        "totalBytes" : 41233,
        "totalCpuTime" : 8049915
      }
    }, {
      "indexId" : "php.unit.data.providers",
      "partOfTotalIndexingTime" : {
        "part" : 7190101,
        "total" : 1609453387
      },
      "totalNumberOfFiles" : 8,
      "totalNumberOfFilesIndexedByExtensions" : 0,
      "totalFilesSize" : 41233,
      "indexValueChangerEvaluationSpeed" : {
        "totalBytes" : 41233,
        "totalCpuTime" : 7190101
      }
    }, {
      "indexId" : "Trigram.Index",
      "partOfTotalIndexingTime" : {
        "part" : 6680378,
        "total" : 1609453387
      },
      "totalNumberOfFiles" : 9,
      "totalNumberOfFilesIndexedByExtensions" : 0,
      "totalFilesSize" : 41463,
      "indexValueChangerEvaluationSpeed" : {
        "totalBytes" : 41463,
        "totalCpuTime" : 6680378
      }
    }, {
      "indexId" : "php.parameters.default.value.matchers",
      "partOfTotalIndexingTime" : {
        "part" : 5191493,
        "total" : 1609453387
      },
      "totalNumberOfFiles" : 8,
      "totalNumberOfFilesIndexedByExtensions" : 0,
      "totalFilesSize" : 41233,
      "indexValueChangerEvaluationSpeed" : {
        "totalBytes" : 41233,
        "totalCpuTime" : 5191493
      }
    }, {
      "indexId" : "php.array.shapes.entries",
      "partOfTotalIndexingTime" : {
        "part" : 5016015,
        "total" : 1609453387
      },
      "totalNumberOfFiles" : 8,
      "totalNumberOfFilesIndexedByExtensions" : 0,
      "totalFilesSize" : 41233,
      "indexValueChangerEvaluationSpeed" : {
        "totalBytes" : 41233,
        "totalCpuTime" : 5016015
      }
    }, {
      "indexId" : "php.not.used.parameters",
      "partOfTotalIndexingTime" : {
        "part" : 4821888,
        "total" : 1609453387
      },
      "totalNumberOfFiles" : 8,
      "totalNumberOfFilesIndexedByExtensions" : 0,
      "totalFilesSize" : 41233,
      "indexValueChangerEvaluationSpeed" : {
        "totalBytes" : 41233,
        "totalCpuTime" : 4821888
      }
    }, {
      "indexId" : "php.used.parameters.array.keys",
      "partOfTotalIndexingTime" : {
        "part" : 4254363,
        "total" : 1609453387
      },
      "totalNumberOfFiles" : 8,
      "totalNumberOfFilesIndexedByExtensions" : 0,
      "totalFilesSize" : 41233,
      "indexValueChangerEvaluationSpeed" : {
        "totalBytes" : 41233,
        "totalCpuTime" : 4254363
      }
    }, {
      "indexId" : "php.method.name",
      "partOfTotalIndexingTime" : {
        "part" : 3664765,
        "total" : 1609453387
      },
      "totalNumberOfFiles" : 8,
      "totalNumberOfFilesIndexedByExtensions" : 0,
      "totalFilesSize" : 41233,
      "indexValueChangerEvaluationSpeed" : {
        "totalBytes" : 41233,
        "totalCpuTime" : 3664765
      }
    }, {
      "indexId" : "php.interface.fqn",
      "partOfTotalIndexingTime" : {
        "part" : 3469346,
        "total" : 1609453387
      },
      "totalNumberOfFiles" : 8,
      "totalNumberOfFilesIndexedByExtensions" : 0,
      "totalFilesSize" : 41233,
      "indexValueChangerEvaluationSpeed" : {
        "totalBytes" : 41233,
        "totalCpuTime" : 3469346
      }
    }, {
      "indexId" : "espend.php.annotation.classes",
      "partOfTotalIndexingTime" : {
        "part" : 3387104,
        "total" : 1609453387
      },
      "totalNumberOfFiles" : 8,
      "totalNumberOfFilesIndexedByExtensions" : 0,
      "totalFilesSize" : 41233,
      "indexValueChangerEvaluationSpeed" : {
        "totalBytes" : 41233,
        "totalCpuTime" : 3387104
      }
    }, {
      "indexId" : "php.function.parameters.used.as.regexp",
      "partOfTotalIndexingTime" : {
        "part" : 3170444,
        "total" : 1609453387
      },
      "totalNumberOfFiles" : 8,
      "totalNumberOfFilesIndexedByExtensions" : 0,
      "totalFilesSize" : 41233,
      "indexValueChangerEvaluationSpeed" : {
        "totalBytes" : 41233,
        "totalCpuTime" : 3170444
      }
    }, {
      "indexId" : "js.custom.single.entry.index",
      "partOfTotalIndexingTime" : {
        "part" : 3015791,
        "total" : 1609453387
      },
      "totalNumberOfFiles" : 8,
      "totalNumberOfFilesIndexedByExtensions" : 0,
      "totalFilesSize" : 41233,
      "indexValueChangerEvaluationSpeed" : {
        "totalBytes" : 41233,
        "totalCpuTime" : 3015791
      }
    }, {
      "indexId" : "php.expected.function.arguments",
      "partOfTotalIndexingTime" : {
        "part" : 2844140,
        "total" : 1609453387
      },
      "totalNumberOfFiles" : 8,
      "totalNumberOfFilesIndexedByExtensions" : 0,
      "totalFilesSize" : 41233,
      "indexValueChangerEvaluationSpeed" : {
        "totalBytes" : 41233,
        "totalCpuTime" : 2844140
      }
    }, {
      "indexId" : "php.function.always.re",
      "partOfTotalIndexingTime" : {
        "part" : 2679393,
        "total" : 1609453387
      },
      "totalNumberOfFiles" : 8,
      "totalNumberOfFilesIndexedByExtensions" : 0,
      "totalFilesSize" : 41233,
      "indexValueChangerEvaluationSpeed" : {
        "totalBytes" : 41233,
        "totalCpuTime" : 2679393
      }
    }, {
      "indexId" : "php.field.names.accessed.by.the.constructor",
      "partOfTotalIndexingTime" : {
        "part" : 2635309,
        "total" : 1609453387
      },
      "totalNumberOfFiles" : 8,
      "totalNumberOfFilesIndexedByExtensions" : 0,
      "totalFilesSize" : 41233,
      "indexValueChangerEvaluationSpeed" : {
        "totalBytes" : 41233,
        "totalCpuTime" : 2635309
      }
    }, {
      "indexId" : "php.functions.with.not.catched.dynamic.passed.calls",
      "partOfTotalIndexingTime" : {
        "part" : 2539221,
        "total" : 1609453387
      },
      "totalNumberOfFiles" : 8,
      "totalNumberOfFilesIndexedByExtensions" : 0,
      "totalFilesSize" : 41233,
      "indexValueChangerEvaluationSpeed" : {
        "totalBytes" : 41233,
        "totalCpuTime" : 2539221
      }
    }, {
      "indexId" : "php.expected.function.return.values",
      "partOfTotalIndexingTime" : {
        "part" : 2494916,
        "total" : 1609453387
      },
      "totalNumberOfFiles" : 8,
      "totalNumberOfFilesIndexedByExtensions" : 0,
      "totalFilesSize" : 41233,
      "indexValueChangerEvaluationSpeed" : {
        "totalBytes" : 41233,
        "totalCpuTime" : 2494916
      }
    }, {
      "indexId" : "HtmlTagIdIndex",
      "partOfTotalIndexingTime" : {
        "part" : 2417566,
        "total" : 1609453387
      },
      "totalNumberOfFiles" : 8,
      "totalNumberOfFilesIndexedByExtensions" : 0,
      "totalFilesSize" : 41233,
      "indexValueChangerEvaluationSpeed" : {
        "totalBytes" : 41233,
        "totalCpuTime" : 2417566
      }
    }, {
      "indexId" : "php.array.access.offsets",
      "partOfTotalIndexingTime" : {
        "part" : 2152915,
        "total" : 1609453387
      },
      "totalNumberOfFiles" : 8,
      "totalNumberOfFilesIndexedByExtensions" : 0,
      "totalFilesSize" : 41233,
      "indexValueChangerEvaluationSpeed" : {
        "totalBytes" : 41233,
        "totalCpuTime" : 2152915
      }
    }, {
      "indexId" : "php.inferred.meta.pattern.index",
      "partOfTotalIndexingTime" : {
        "part" : 1984583,
        "total" : 1609453387
      },
      "totalNumberOfFiles" : 8,
      "totalNumberOfFilesIndexedByExtensions" : 0,
      "totalFilesSize" : 41233,
      "indexValueChangerEvaluationSpeed" : {
        "totalBytes" : 41233,
        "totalCpuTime" : 1984583
      }
    }, {
      "indexId" : "php.func.get.arg.usage.index",
      "partOfTotalIndexingTime" : {
        "part" : 1953476,
        "total" : 1609453387
      },
      "totalNumberOfFiles" : 8,
      "totalNumberOfFilesIndexedByExtensions" : 0,
      "totalFilesSize" : 41233,
      "indexValueChangerEvaluationSpeed" : {
        "totalBytes" : 41233,
        "totalCpuTime" : 1953476
      }
    }, {
      "indexId" : "espend.php.annotation.usage",
      "partOfTotalIndexingTime" : {
        "part" : 1760044,
        "total" : 1609453387
      },
      "totalNumberOfFiles" : 8,
      "totalNumberOfFilesIndexedByExtensions" : 0,
      "totalFilesSize" : 41233,
      "indexValueChangerEvaluationSpeed" : {
        "totalBytes" : 41233,
        "totalCpuTime" : 1760044
      }
    }, {
      "indexId" : "php.fields.default.value.matchers",
      "partOfTotalIndexingTime" : {
        "part" : 1573869,
        "total" : 1609453387
      },
      "totalNumberOfFiles" : 8,
      "totalNumberOfFilesIndexedByExtensions" : 0,
      "totalFilesSize" : 41233,
      "indexValueChangerEvaluationSpeed" : {
        "totalBytes" : 41233,
        "totalCpuTime" : 1573869
      }
    }, {
      "indexId" : "php.exit.point.function.index",
      "partOfTotalIndexingTime" : {
        "part" : 1524934,
        "total" : 1609453387
      },
      "totalNumberOfFiles" : 8,
      "totalNumberOfFilesIndexedByExtensions" : 0,
      "totalFilesSize" : 41233,
      "indexValueChangerEvaluationSpeed" : {
        "totalBytes" : 41233,
        "totalCpuTime" : 1524934
      }
    }, {
      "indexId" : "php.serialize.function.calls.offsets",
      "partOfTotalIndexingTime" : {
        "part" : 1356464,
        "total" : 1609453387
      },
      "totalNumberOfFiles" : 8,
      "totalNumberOfFilesIndexedByExtensions" : 0,
      "totalFilesSize" : 41233,
      "indexValueChangerEvaluationSpeed" : {
        "totalBytes" : 41233,
        "totalCpuTime" : 1356464
      }
    }, {
      "indexId" : "php.unit.covers",
      "partOfTotalIndexingTime" : {
        "part" : 1094332,
        "total" : 1609453387
      },
      "totalNumberOfFiles" : 8,
      "totalNumberOfFilesIndexedByExtensions" : 0,
      "totalFilesSize" : 41233,
      "indexValueChangerEvaluationSpeed" : {
        "totalBytes" : 41233,
        "totalCpuTime" : 1094332
      }
    }, {
      "indexId" : "php.class.attributes.name",
      "partOfTotalIndexingTime" : {
        "part" : 987402,
        "total" : 1609453387
      },
      "totalNumberOfFiles" : 8,
      "totalNumberOfFilesIndexedByExtensions" : 0,
      "totalFilesSize" : 41233,
      "indexValueChangerEvaluationSpeed" : {
        "totalBytes" : 41233,
        "totalCpuTime" : 987402
      }
    }, {
      "indexId" : "php.doc.type.aliases.index",
      "partOfTotalIndexingTime" : {
        "part" : 906834,
        "total" : 1609453387
      },
      "totalNumberOfFiles" : 8,
      "totalNumberOfFilesIndexedByExtensions" : 0,
      "totalFilesSize" : 41233,
      "indexValueChangerEvaluationSpeed" : {
        "totalBytes" : 41233,
        "totalCpuTime" : 906834
      }
    }, {
      "indexId" : "php.function.name",
      "partOfTotalIndexingTime" : {
        "part" : 686582,
        "total" : 1609453387
      },
      "totalNumberOfFiles" : 8,
      "totalNumberOfFilesIndexedByExtensions" : 0,
      "totalFilesSize" : 41233,
      "indexValueChangerEvaluationSpeed" : {
        "totalBytes" : 41233,
        "totalCpuTime" : 686582
      }
    }, {
      "indexId" : "php.aliased.trait.method.name",
      "partOfTotalIndexingTime" : {
        "part" : 665413,
        "total" : 1609453387
      },
      "totalNumberOfFiles" : 8,
      "totalNumberOfFilesIndexedByExtensions" : 0,
      "totalFilesSize" : 41233,
      "indexValueChangerEvaluationSpeed" : {
        "totalBytes" : 41233,
        "totalCpuTime" : 665413
      }
    }, {
      "indexId" : "php.trait.usage",
      "partOfTotalIndexingTime" : {
        "part" : 614192,
        "total" : 1609453387
      },
      "totalNumberOfFiles" : 8,
      "totalNumberOfFilesIndexedByExtensions" : 0,
      "totalFilesSize" : 41233,
      "indexValueChangerEvaluationSpeed" : {
        "totalBytes" : 41233,
        "totalCpuTime" : 614192
      }
    }, {
      "indexId" : "php.class.fqn",
      "partOfTotalIndexingTime" : {
        "part" : 572638,
        "total" : 1609453387
      },
      "totalNumberOfFiles" : 8,
      "totalNumberOfFilesIndexedByExtensions" : 0,
      "totalFilesSize" : 41233,
      "indexValueChangerEvaluationSpeed" : {
        "totalBytes" : 41233,
        "totalCpuTime" : 572638
      }
    }, {
      "indexId" : "php.constants.default.array.shapes",
      "partOfTotalIndexingTime" : {
        "part" : 505623,
        "total" : 1609453387
      },
      "totalNumberOfFiles" : 8,
      "totalNumberOfFilesIndexedByExtensions" : 0,
      "totalFilesSize" : 41233,
      "indexValueChangerEvaluationSpeed" : {
        "totalBytes" : 41233,
        "totalCpuTime" : 505623
      }
    }, {
      "indexId" : "php.namespace.inheritance",
      "partOfTotalIndexingTime" : {
        "part" : 493074,
        "total" : 1609453387
      },
      "totalNumberOfFiles" : 8,
      "totalNumberOfFilesIndexedByExtensions" : 0,
      "totalFilesSize" : 41233,
      "indexValueChangerEvaluationSpeed" : {
        "totalBytes" : 41233,
        "totalCpuTime" : 493074
      }
    }, {
      "indexId" : "HtmlScriptSrcIndex",
      "partOfTotalIndexingTime" : {
        "part" : 481661,
        "total" : 1609453387
      },
      "totalNumberOfFiles" : 8,
      "totalNumberOfFilesIndexedByExtensions" : 0,
      "totalFilesSize" : 41233,
      "indexValueChangerEvaluationSpeed" : {
        "totalBytes" : 41233,
        "totalCpuTime" : 481661
      }
    }, {
      "indexId" : "php.putenv.arguments",
      "partOfTotalIndexingTime" : {
        "part" : 478888,
        "total" : 1609453387
      },
      "totalNumberOfFiles" : 8,
      "totalNumberOfFilesIndexedByExtensions" : 0,
      "totalFilesSize" : 41233,
      "indexValueChangerEvaluationSpeed" : {
        "totalBytes" : 41233,
        "totalCpuTime" : 478888
      }
    }, {
      "indexId" : "php.constants.default.expected.arguments",
      "partOfTotalIndexingTime" : {
        "part" : 447706,
        "total" : 1609453387
      },
      "totalNumberOfFiles" : 8,
      "totalNumberOfFilesIndexedByExtensions" : 0,
      "totalFilesSize" : 41233,
      "indexValueChangerEvaluationSpeed" : {
        "totalBytes" : 41233,
        "totalCpuTime" : 447706
      }
    }, {
      "indexId" : "php.constant.name",
      "partOfTotalIndexingTime" : {
        "part" : 412749,
        "total" : 1609453387
      },
      "totalNumberOfFiles" : 8,
      "totalNumberOfFilesIndexedByExtensions" : 0,
      "totalFilesSize" : 41233,
      "indexValueChangerEvaluationSpeed" : {
        "totalBytes" : 41233,
        "totalCpuTime" : 412749
      }
    }, {
      "indexId" : "php.file.constants.default.value.matchers",
      "partOfTotalIndexingTime" : {
        "part" : 362582,
        "total" : 1609453387
      },
      "totalNumberOfFiles" : 8,
      "totalNumberOfFilesIndexedByExtensions" : 0,
      "totalFilesSize" : 41233,
      "indexValueChangerEvaluationSpeed" : {
        "totalBytes" : 41233,
        "totalCpuTime" : 362582
      }
    }, {
      "indexId" : "php.variable.name",
      "partOfTotalIndexingTime" : {
        "part" : 210368,
        "total" : 1609453387
      },
      "totalNumberOfFiles" : 8,
      "totalNumberOfFilesIndexedByExtensions" : 0,
      "totalFilesSize" : 41233,
      "indexValueChangerEvaluationSpeed" : {
        "totalBytes" : 41233,
        "totalCpuTime" : 210368
      }
    }, {
      "indexId" : "php.class.to.class.alias",
      "partOfTotalIndexingTime" : {
        "part" : 132252,
        "total" : 1609453387
      },
      "totalNumberOfFiles" : 8,
      "totalNumberOfFilesIndexedByExtensions" : 0,
      "totalFilesSize" : 41233,
      "indexValueChangerEvaluationSpeed" : {
        "totalBytes" : 41233,
        "totalCpuTime" : 132252
      }
    }, {
      "indexId" : "php.class.alias.name",
      "partOfTotalIndexingTime" : {
        "part" : 130015,
        "total" : 1609453387
      },
      "totalNumberOfFiles" : 8,
      "totalNumberOfFilesIndexedByExtensions" : 0,
      "totalFilesSize" : 41233,
      "indexValueChangerEvaluationSpeed" : {
        "totalBytes" : 41233,
        "totalCpuTime" : 130015
      }
    } ],
    "statisticsOfChangedDuringIndexingFiles" : {
      "numberOfFiles" : 0,
      "retrievingTime" : 33229
    },
    "fileProviderStatistics" : [ {
      "providerName" : "Module 'backend' (all roots)",
      "totalNumberOfIndexedFiles" : 7,
      "totalNumberOfFilesFullyIndexedByExtensions" : 0,
      "totalNumberOfNothingToWriteFiles" : 0,
      "totalIndexingVisibleTime" : 531819964,
      "contentLoadingVisibleTime" : 729996,
      "numberOfTooLargeForIndexingFiles" : 0,
      "slowIndexedFiles" : [ ],
      "filesFullyIndexedByExtensions" : [ ],
      "separateApplyingIndexesVisibleTime" : 38280066
    }, {
      "providerName" : "External roots from entity (empty; empty; event-loop, composer, promise, ...; empty)",
      "totalNumberOfIndexedFiles" : 1,
      "totalNumberOfFilesFullyIndexedByExtensions" : 0,
      "totalNumberOfNothingToWriteFiles" : 0,
      "totalIndexingVisibleTime" : 225458724,
      "contentLoadingVisibleTime" : 445392,
      "numberOfTooLargeForIndexingFiles" : 0,
      "slowIndexedFiles" : [ {
        "fileName" : "MysqlClient.php",
        "processingTime" : 557820486,
        "evaluationOfIndexValueChangerTime" : 498571160,
        "contentLoadingTime" : 1101971
      } ],
      "filesFullyIndexedByExtensions" : [ ],
      "separateApplyingIndexesVisibleTime" : 17859379
    }, {
      "providerName" : "Custom kind roots from entity (db, extensions, empty)",
      "totalNumberOfIndexedFiles" : 1,
      "totalNumberOfFilesFullyIndexedByExtensions" : 0,
      "totalNumberOfNothingToWriteFiles" : 0,
      "totalIndexingVisibleTime" : 9833593,
      "contentLoadingVisibleTime" : 49475,
      "numberOfTooLargeForIndexingFiles" : 0,
      "slowIndexedFiles" : [ ],
      "filesFullyIndexedByExtensions" : [ ],
      "separateApplyingIndexesVisibleTime" : 481121
    }, {
      "providerName" : "Refreshed files",
      "totalNumberOfIndexedFiles" : 0,
      "totalNumberOfFilesFullyIndexedByExtensions" : 0,
      "totalNumberOfNothingToWriteFiles" : 0,
      "totalIndexingVisibleTime" : 0,
      "contentLoadingVisibleTime" : 0,
      "numberOfTooLargeForIndexingFiles" : 0,
      "slowIndexedFiles" : [ ],
      "filesFullyIndexedByExtensions" : [ ],
      "separateApplyingIndexesVisibleTime" : 0
    } ],
    "visibleTimeToAllThreadTimeRatio" : 0.0
  }
}