{
  "appInfo" : {
    "build" : "233.11799.241",
    "buildDate" : "2023-12-02T05:05:00Z[UTC]",
    "productCode" : "IU",
    "generated" : "2024-01-02T11:07:57.865112Z",
    "os" : "macOS 13.6",
    "runtime" : "JetBrains s.r.o. 17.0.9 17.0.9+7-b1087.7"
  },
  "runtimeInfo" : {
    "maxMemory" : 1572864000,
    "numberOfProcessors" : 4,
    "maxNumberOfIndexingThreads" : 3,
    "maxSizeOfFileForIntelliSense" : 2560000,
    "maxSizeOfFileForContentLoading" : 20971520
  },
  "type" : "DumbIndexing",
  "projectIndexingActivityHistory" : {
    "projectName" : "backend",
    "times" : {
      "scanningIds" : [ ],
      "contentLoadingVisibleTime" : 1237001,
      "retrievingChangedDuringIndexingFilesTime" : 68292,
      "separateApplyingIndexesVisibleTime" : 14666369,
      "updatingStart" : "2024-01-02T11:07:57.762608Z",
      "updatingEnd" : "2024-01-02T11:07:57.862293Z",
      "totalWallTimeWithPauses" : 99674815,
      "wallTimeOnPause" : 0,
      "wasInterrupted" : false,
      "dumbModeStart" : "2024-01-02T11:07:57.762608Z",
      "dumbWallTimeWithPauses" : 99674815,
      "dumbWallTimeWithoutPauses" : 99674815,
      "totalWallTimeWithoutPauses" : 99674815
    },
    "fileCount" : {
      "numberOfChangedDuringIndexingFiles" : 1,
      "numberOfFilesIndexedByInfrastructureExtensionsDuringIndexingStage" : 0,
      "numberOfFilesIndexedWithLoadingContent" : 1,
      "numberOfNothingToWriteFiles" : 0
    },
    "totalStatsPerFileType" : [ {
      "fileType" : "PLAIN_TEXT",
      "partOfTotalProcessingTime" : {
        "part" : 97033536,
        "total" : 97033536
      },
      "partOfTotalContentLoadingTime" : {
        "part" : 1229823,
        "total" : 1229823
      },
      "totalNumberOfFiles" : 1,
      "totalFilesSize" : 401584,
      "totalProcessingSpeed" : {
        "totalBytes" : 401584,
        "totalCpuTime" : 97033536
      },
      "biggestContributors" : [ {
        "providerName" : "Refreshed files",
        "numberOfFiles" : 1,
        "totalFilesSize" : 401584,
        "partOfTotalProcessingTimeOfThisFileType" : {
          "part" : 97033536,
          "total" : 97033536
        }
      } ]
    } ],
    "totalStatsPerBaseLanguage" : [ {
      "language" : "TEXT",
      "partOfTotalProcessingTime" : {
        "part" : 97033536,
        "total" : 97033536
      },
      "partOfTotalContentLoadingTime" : {
        "part" : 2459646,
        "total" : 1229823
      },
      "totalNumberOfFiles" : 1,
      "totalFilesSize" : 401584,
      "totalProcessingSpeed" : {
        "totalBytes" : 401584,
        "totalCpuTime" : 97033536
      }
    } ],
    "totalStatsPerIndexer" : [ {
      "indexId" : "IdIndex",
      "partOfTotalIndexingTime" : {
        "part" : 69832457,
        "total" : 79987964
      },
      "totalNumberOfFiles" : 1,
      "totalNumberOfFilesIndexedByExtensions" : 0,
      "totalFilesSize" : 401584,
      "indexValueChangerEvaluationSpeed" : {
        "totalBytes" : 401584,
        "totalCpuTime" : 69832457
      }
    }, {
      "indexId" : "Trigram.Index",
      "partOfTotalIndexingTime" : {
        "part" : 10155507,
        "total" : 79987964
      },
      "totalNumberOfFiles" : 1,
      "totalNumberOfFilesIndexedByExtensions" : 0,
      "totalFilesSize" : 401584,
      "indexValueChangerEvaluationSpeed" : {
        "totalBytes" : 401584,
        "totalCpuTime" : 10155507
      }
    } ],
    "statisticsOfChangedDuringIndexingFiles" : {
      "numberOfFiles" : 1,
      "retrievingTime" : 68292
    },
    "fileProviderStatistics" : [ {
      "providerName" : "Refreshed files",
      "totalNumberOfIndexedFiles" : 1,
      "totalNumberOfFilesFullyIndexedByExtensions" : 0,
      "totalNumberOfNothingToWriteFiles" : 0,
      "totalIndexingVisibleTime" : 97599948,
      "contentLoadingVisibleTime" : 1237001,
      "numberOfTooLargeForIndexingFiles" : 0,
      "slowIndexedFiles" : [ ],
      "filesFullyIndexedByExtensions" : [ ],
      "separateApplyingIndexesVisibleTime" : 14666369
    } ],
    "visibleTimeToAllThreadTimeRatio" : 1.0058372808345355
  }
}