{
  "appInfo" : {
    "build" : "233.11799.241",
    "buildDate" : "2023-12-02T05:05:00Z[UTC]",
    "productCode" : "IU",
    "generated" : "2024-01-02T09:45:01.90923Z",
    "os" : "macOS 13.6",
    "runtime" : "JetBrains s.r.o. 17.0.9 17.0.9+7-b1087.7"
  },
  "runtimeInfo" : {
    "maxMemory" : 1572864000,
    "numberOfProcessors" : 4,
    "maxNumberOfIndexingThreads" : 3,
    "maxSizeOfFileForIntelliSense" : 2560000,
    "maxSizeOfFileForContentLoading" : 20971520
  },
  "type" : "DumbIndexing",
  "projectIndexingActivityHistory" : {
    "projectName" : "backend",
    "times" : {
      "scanningIds" : [ 2 ],
      "contentLoadingVisibleTime" : 559017,
      "retrievingChangedDuringIndexingFilesTime" : 18045,
      "separateApplyingIndexesVisibleTime" : 26874,
      "updatingStart" : "2024-01-02T09:45:01.215812Z",
      "updatingEnd" : "2024-01-02T09:45:01.219226Z",
      "totalWallTimeWithPauses" : 3412292,
      "wallTimeOnPause" : 0,
      "wasInterrupted" : false,
      "dumbModeStart" : "2024-01-02T09:45:01.215812Z",
      "dumbWallTimeWithPauses" : 3412292,
      "dumbWallTimeWithoutPauses" : 3412292,
      "totalWallTimeWithoutPauses" : 3412292
    },
    "fileCount" : {
      "numberOfChangedDuringIndexingFiles" : 0,
      "numberOfFilesIndexedByInfrastructureExtensionsDuringIndexingStage" : 0,
      "numberOfFilesIndexedWithLoadingContent" : 1,
      "numberOfNothingToWriteFiles" : 1
    },
    "totalStatsPerFileType" : [ {
      "fileType" : "PHP",
      "partOfTotalProcessingTime" : {
        "part" : 857211,
        "total" : 857211
      },
      "partOfTotalContentLoadingTime" : {
        "part" : 231748,
        "total" : 231748
      },
      "totalNumberOfFiles" : 1,
      "totalFilesSize" : 9129,
      "totalProcessingSpeed" : {
        "totalBytes" : 9129,
        "totalCpuTime" : 857211
      },
      "biggestContributors" : [ {
        "providerName" : "Custom kind roots from entity (sodium, cubrid, couchbase, ..., empty)",
        "numberOfFiles" : 1,
        "totalFilesSize" : 9129,
        "partOfTotalProcessingTimeOfThisFileType" : {
          "part" : 857211,
          "total" : 857211
        }
      } ]
    } ],
    "totalStatsPerBaseLanguage" : [ {
      "language" : "PHP",
      "partOfTotalProcessingTime" : {
        "part" : 857211,
        "total" : 857211
      },
      "partOfTotalContentLoadingTime" : {
        "part" : 463496,
        "total" : 231748
      },
      "totalNumberOfFiles" : 1,
      "totalFilesSize" : 9129,
      "totalProcessingSpeed" : {
        "totalBytes" : 9129,
        "totalCpuTime" : 857211
      }
    } ],
    "totalStatsPerIndexer" : [ ],
    "statisticsOfChangedDuringIndexingFiles" : {
      "numberOfFiles" : 0,
      "retrievingTime" : 18045
    },
    "fileProviderStatistics" : [ {
      "providerName" : "Custom kind roots from entity (sodium, cubrid, couchbase, ..., empty)",
      "totalNumberOfIndexedFiles" : 1,
      "totalNumberOfFilesFullyIndexedByExtensions" : 0,
      "totalNumberOfNothingToWriteFiles" : 1,
      "totalIndexingVisibleTime" : 2067747,
      "contentLoadingVisibleTime" : 559017,
      "numberOfTooLargeForIndexingFiles" : 0,
      "slowIndexedFiles" : [ ],
      "filesFullyIndexedByExtensions" : [ ],
      "separateApplyingIndexesVisibleTime" : 26874
    }, {
      "providerName" : "Refreshed files",
      "totalNumberOfIndexedFiles" : 0,
      "totalNumberOfFilesFullyIndexedByExtensions" : 0,
      "totalNumberOfNothingToWriteFiles" : 0,
      "totalIndexingVisibleTime" : 0,
      "contentLoadingVisibleTime" : 0,
      "numberOfTooLargeForIndexingFiles" : 0,
      "slowIndexedFiles" : [ ],
      "filesFullyIndexedByExtensions" : [ ],
      "separateApplyingIndexesVisibleTime" : 0
    } ],
    "visibleTimeToAllThreadTimeRatio" : 0.0
  }
}