{
  "appInfo" : {
    "build" : "233.11799.241",
    "buildDate" : "2023-12-02T05:05:00Z[UTC]",
    "productCode" : "IU",
    "generated" : "2024-01-08T11:48:13.297614Z",
    "os" : "macOS 13.6",
    "runtime" : "JetBrains s.r.o. 17.0.9 17.0.9+7-b1087.7"
  },
  "runtimeInfo" : {
    "maxMemory" : 3170893824,
    "numberOfProcessors" : 4,
    "maxNumberOfIndexingThreads" : 3,
    "maxSizeOfFileForIntelliSense" : 2560000,
    "maxSizeOfFileForContentLoading" : 20971520
  },
  "type" : "Scanning",
  "projectIndexingActivityHistory" : {
    "projectName" : "backend",
    "times" : {
      "scanningReason" : "changes in: \"Module 'backend' (src, test)\"",
      "scanningType" : "PARTIAL",
      "scanningId" : 5,
      "creatingIteratorsTime" : 6000,
      "concurrentHandlingWallTimeWithoutPauses" : 409017000,
      "concurrentHandlingWallTimeWithPauses" : 409017000,
      "concurrentHandlingSumOfThreadTimesWithPauses" : 398125256,
      "concurrentIterationAndScannersApplicationSumOfThreadTimesWithPauses" : 1511438,
      "concurrentFileCheckSumOfThreadTimesWithPauses" : 396451822,
      "delayedPushPropertiesStageTime" : 15000,
      "indexExtensionsTime" : 0,
      "dumbWallTimeWithPauses" : 0,
      "dumbWallTimeWithoutPauses" : 0,
      "updatingStart" : "2024-01-08T11:48:11.947919Z",
      "updatingEnd" : "2024-01-08T11:48:12.375419Z",
      "totalWallTimeWithPauses" : 427492762,
      "wallTimeOnPause" : 0,
      "wasInterrupted" : false,
      "totalWallTimeWithoutPauses" : 427492762
    },
    "fileCount" : {
      "numberOfFileProviders" : 1,
      "numberOfScannedFiles" : 204,
      "numberOfFilesIndexedByInfrastructureExtensionsDuringScan" : 0,
      "numberOfFilesScheduledForIndexingAfterScan" : 0
    },
    "scanningStatistics" : [ {
      "providerName" : "Module 'backend' (src, test)",
      "numberOfScannedFiles" : 204,
      "numberOfSkippedFiles" : 0,
      "numberOfFilesForIndexing" : 0,
      "numberOfFilesFullyIndexedByInfrastructureExtensions" : 0,
      "filesFullyIndexedByInfrastructureExtensions" : [ ],
      "statusTime" : 191054272,
      "totalOneThreadTimeWithPauses" : 398125256,
      "iterationAndScannersApplicationTime" : 1511438,
      "filesCheckTime" : 396451822,
      "timeProcessingUpToDateFiles" : 51501715,
      "timeUpdatingContentLessIndexes" : 4334,
      "timeIndexingWithoutContentViaInfrastructureExtension" : 0,
      "roots" : [ ]
    } ]
  }
}