{
  "appInfo" : {
    "build" : "233.11799.241",
    "buildDate" : "2023-12-02T05:05:00Z[UTC]",
    "productCode" : "IU",
    "generated" : "2024-01-06T17:01:50.917732Z",
    "os" : "macOS 13.6",
    "runtime" : "JetBrains s.r.o. 17.0.9 17.0.9+7-b1087.7"
  },
  "runtimeInfo" : {
    "maxMemory" : 3170893824,
    "numberOfProcessors" : 4,
    "maxNumberOfIndexingThreads" : 3,
    "maxSizeOfFileForIntelliSense" : 2560000,
    "maxSizeOfFileForContentLoading" : 20971520
  },
  "type" : "Scanning",
  "projectIndexingActivityHistory" : {
    "projectName" : "backend",
    "times" : {
      "scanningReason" : "changes in: \"External roots from entity (empty; empty; readable, middleman, http-server-middleware, ...; empty)\"",
      "scanningType" : "PARTIAL",
      "scanningId" : 41,
      "creatingIteratorsTime" : 8000,
      "concurrentHandlingWallTimeWithoutPauses" : 9751000,
      "concurrentHandlingWallTimeWithPauses" : 9751000,
      "concurrentHandlingSumOfThreadTimesWithPauses" : 9294867,
      "concurrentIterationAndScannersApplicationSumOfThreadTimesWithPauses" : 2064401,
      "concurrentFileCheckSumOfThreadTimesWithPauses" : 7127646,
      "delayedPushPropertiesStageTime" : 18000,
      "indexExtensionsTime" : 895607,
      "dumbModeStart" : "2024-01-06T17:01:50.904083Z",
      "dumbWallTimeWithPauses" : 11575000,
      "dumbWallTimeWithoutPauses" : 11575000,
      "updatingStart" : "2024-01-06T17:01:50.903293Z",
      "updatingEnd" : "2024-01-06T17:01:50.915658Z",
      "totalWallTimeWithPauses" : 12333703,
      "wallTimeOnPause" : 0,
      "wasInterrupted" : false,
      "totalWallTimeWithoutPauses" : 12333703
    },
    "fileCount" : {
      "numberOfFileProviders" : 1,
      "numberOfScannedFiles" : 27,
      "numberOfFilesIndexedByInfrastructureExtensionsDuringScan" : 0,
      "numberOfFilesScheduledForIndexingAfterScan" : 27
    },
    "scanningStatistics" : [ {
      "providerName" : "External roots from entity (empty; empty; readable, middleman, http-server-middleware, ...; empty)",
      "numberOfScannedFiles" : 27,
      "numberOfSkippedFiles" : 0,
      "numberOfFilesForIndexing" : 27,
      "numberOfFilesFullyIndexedByInfrastructureExtensions" : 0,
      "filesFullyIndexedByInfrastructureExtensions" : [ ],
      "statusTime" : 4472096,
      "totalOneThreadTimeWithPauses" : 9294867,
      "iterationAndScannersApplicationTime" : 2064401,
      "filesCheckTime" : 7127646,
      "timeProcessingUpToDateFiles" : 0,
      "timeUpdatingContentLessIndexes" : 0,
      "timeIndexingWithoutContentViaInfrastructureExtension" : 895607,
      "roots" : [ ]
    } ]
  }
}