{
  "appInfo" : {
    "build" : "233.11799.241",
    "buildDate" : "2023-12-02T05:05:00Z[UTC]",
    "productCode" : "IU",
    "generated" : "2024-01-03T14:50:26.127987Z",
    "os" : "macOS 13.6",
    "runtime" : "JetBrains s.r.o. 17.0.9 17.0.9+7-b1087.7"
  },
  "runtimeInfo" : {
    "maxMemory" : 1572864000,
    "numberOfProcessors" : 4,
    "maxNumberOfIndexingThreads" : 3,
    "maxSizeOfFileForIntelliSense" : 2560000,
    "maxSizeOfFileForContentLoading" : 20971520
  },
  "type" : "DumbIndexing",
  "projectIndexingActivityHistory" : {
    "projectName" : "backend",
    "times" : {
      "scanningIds" : [ ],
      "contentLoadingVisibleTime" : 2392364,
      "retrievingChangedDuringIndexingFilesTime" : 118998,
      "separateApplyingIndexesVisibleTime" : 392345,
      "updatingStart" : "2024-01-03T14:50:26.076579Z",
      "updatingEnd" : "2024-01-03T14:50:26.114382Z",
      "totalWallTimeWithPauses" : 37802083,
      "wallTimeOnPause" : 0,
      "wasInterrupted" : false,
      "dumbModeStart" : "2024-01-03T14:50:26.076579Z",
      "dumbWallTimeWithPauses" : 37802083,
      "dumbWallTimeWithoutPauses" : 37802083,
      "totalWallTimeWithoutPauses" : 37802083
    },
    "fileCount" : {
      "numberOfChangedDuringIndexingFiles" : 26,
      "numberOfFilesIndexedByInfrastructureExtensionsDuringIndexingStage" : 0,
      "numberOfFilesIndexedWithLoadingContent" : 26,
      "numberOfNothingToWriteFiles" : 0
    },
    "totalStatsPerFileType" : [ {
      "fileType" : "UNKNOWN",
      "partOfTotalProcessingTime" : {
        "part" : 63827081,
        "total" : 63827081
      },
      "partOfTotalContentLoadingTime" : {
        "part" : 4959117,
        "total" : 4959117
      },
      "totalNumberOfFiles" : 26,
      "totalFilesSize" : 0,
      "totalProcessingSpeed" : {
        "totalBytes" : 0,
        "totalCpuTime" : 63827081
      },
      "biggestContributors" : [ {
        "providerName" : "Refreshed files",
        "numberOfFiles" : 26,
        "totalFilesSize" : 0,
        "partOfTotalProcessingTimeOfThisFileType" : {
          "part" : 63827081,
          "total" : 63827081
        }
      } ]
    } ],
    "totalStatsPerBaseLanguage" : [ ],
    "totalStatsPerIndexer" : [ ],
    "statisticsOfChangedDuringIndexingFiles" : {
      "numberOfFiles" : 26,
      "retrievingTime" : 118998
    },
    "fileProviderStatistics" : [ {
      "providerName" : "Refreshed files",
      "totalNumberOfIndexedFiles" : 26,
      "totalNumberOfFilesFullyIndexedByExtensions" : 0,
      "totalNumberOfNothingToWriteFiles" : 0,
      "totalIndexingVisibleTime" : 30791292,
      "contentLoadingVisibleTime" : 2392364,
      "numberOfTooLargeForIndexingFiles" : 0,
      "slowIndexedFiles" : [ ],
      "filesFullyIndexedByExtensions" : [ ],
      "separateApplyingIndexesVisibleTime" : 392345
    } ],
    "visibleTimeToAllThreadTimeRatio" : 0.4824173613704816
  }
}