{
  "appInfo" : {
    "build" : "233.11799.241",
    "buildDate" : "2023-12-02T05:05:00Z[UTC]",
    "productCode" : "IU",
    "generated" : "2024-01-06T15:41:51.047528Z",
    "os" : "macOS 13.6",
    "runtime" : "JetBrains s.r.o. 17.0.9 17.0.9+7-b1087.7"
  },
  "runtimeInfo" : {
    "maxMemory" : 3170893824,
    "numberOfProcessors" : 4,
    "maxNumberOfIndexingThreads" : 3,
    "maxSizeOfFileForIntelliSense" : 2560000,
    "maxSizeOfFileForContentLoading" : 20971520
  },
  "type" : "Scanning",
  "projectIndexingActivityHistory" : {
    "projectName" : "backend",
    "times" : {
      "scanningReason" : "changes in: \"External roots from entity (empty; empty; getallheaders, http-factory, deprecation-contracts, ...; empty)\"",
      "scanningType" : "PARTIAL",
      "scanningId" : 24,
      "creatingIteratorsTime" : 2000,
      "concurrentHandlingWallTimeWithoutPauses" : 439263000,
      "concurrentHandlingWallTimeWithPauses" : 439263000,
      "concurrentHandlingSumOfThreadTimesWithPauses" : 414503939,
      "concurrentIterationAndScannersApplicationSumOfThreadTimesWithPauses" : 1046393,
      "concurrentFileCheckSumOfThreadTimesWithPauses" : 413374551,
      "delayedPushPropertiesStageTime" : 14000,
      "indexExtensionsTime" : 0,
      "dumbWallTimeWithPauses" : 0,
      "dumbWallTimeWithoutPauses" : 0,
      "updatingStart" : "2024-01-06T15:41:50.447749Z",
      "updatingEnd" : "2024-01-06T15:41:50.890422Z",
      "totalWallTimeWithPauses" : 442679596,
      "wallTimeOnPause" : 13000,
      "wasInterrupted" : false,
      "totalWallTimeWithoutPauses" : 442666596
    },
    "fileCount" : {
      "numberOfFileProviders" : 1,
      "numberOfScannedFiles" : 382,
      "numberOfFilesIndexedByInfrastructureExtensionsDuringScan" : 0,
      "numberOfFilesScheduledForIndexingAfterScan" : 0
    },
    "scanningStatistics" : [ {
      "providerName" : "External roots from entity (empty; empty; getallheaders, http-factory, deprecation-contracts, ...; empty)",
      "numberOfScannedFiles" : 382,
      "numberOfSkippedFiles" : 0,
      "numberOfFilesForIndexing" : 0,
      "numberOfFilesFullyIndexedByInfrastructureExtensions" : 0,
      "filesFullyIndexedByInfrastructureExtensions" : [ ],
      "statusTime" : 299598656,
      "totalOneThreadTimeWithPauses" : 414503939,
      "iterationAndScannersApplicationTime" : 1046393,
      "filesCheckTime" : 413374551,
      "timeProcessingUpToDateFiles" : 113014579,
      "timeUpdatingContentLessIndexes" : 0,
      "timeIndexingWithoutContentViaInfrastructureExtension" : 0,
      "roots" : [ ]
    } ]
  }
}