{
  "appInfo" : {
    "build" : "233.11799.241",
    "buildDate" : "2023-12-02T05:05:00Z[UTC]",
    "productCode" : "IU",
    "generated" : "2024-01-08T19:42:12.118975Z",
    "os" : "macOS 13.6",
    "runtime" : "JetBrains s.r.o. 17.0.9 17.0.9+7-b1087.7"
  },
  "runtimeInfo" : {
    "maxMemory" : 3170893824,
    "numberOfProcessors" : 4,
    "maxNumberOfIndexingThreads" : 3,
    "maxSizeOfFileForIntelliSense" : 2560000,
    "maxSizeOfFileForContentLoading" : 20971520
  },
  "type" : "DumbIndexing",
  "projectIndexingActivityHistory" : {
    "projectName" : "backend",
    "times" : {
      "scanningIds" : [ 5 ],
      "contentLoadingVisibleTime" : 861620,
      "retrievingChangedDuringIndexingFilesTime" : 70223,
      "separateApplyingIndexesVisibleTime" : 12046739,
      "updatingStart" : "2024-01-08T19:42:11.676222Z",
      "updatingEnd" : "2024-01-08T19:42:12.116714Z",
      "totalWallTimeWithPauses" : 440488484,
      "wallTimeOnPause" : 0,
      "wasInterrupted" : false,
      "dumbModeStart" : "2024-01-08T19:42:11.676222Z",
      "dumbWallTimeWithPauses" : 440488484,
      "dumbWallTimeWithoutPauses" : 440488484,
      "totalWallTimeWithoutPauses" : 440488484
    },
    "fileCount" : {
      "numberOfChangedDuringIndexingFiles" : 0,
      "numberOfFilesIndexedByInfrastructureExtensionsDuringIndexingStage" : 0,
      "numberOfFilesIndexedWithLoadingContent" : 10,
      "numberOfNothingToWriteFiles" : 0
    },
    "totalStatsPerFileType" : [ {
      "fileType" : "PHP",
      "partOfTotalProcessingTime" : {
        "part" : 963056331,
        "total" : 963056331
      },
      "partOfTotalContentLoadingTime" : {
        "part" : 1894871,
        "total" : 1894871
      },
      "totalNumberOfFiles" : 10,
      "totalFilesSize" : 48780,
      "totalProcessingSpeed" : {
        "totalBytes" : 48780,
        "totalCpuTime" : 963056331
      },
      "biggestContributors" : [ {
        "providerName" : "Module 'backend' (all roots)",
        "numberOfFiles" : 9,
        "totalFilesSize" : 31999,
        "partOfTotalProcessingTimeOfThisFileType" : {
          "part" : 770218540,
          "total" : 963056331
        }
      }, {
        "providerName" : "External roots from entity (empty; empty; event-loop, composer, promise, ...; empty)",
        "numberOfFiles" : 1,
        "totalFilesSize" : 16781,
        "partOfTotalProcessingTimeOfThisFileType" : {
          "part" : 192837791,
          "total" : 963056331
        }
      } ]
    } ],
    "totalStatsPerBaseLanguage" : [ {
      "language" : "PHP",
      "partOfTotalProcessingTime" : {
        "part" : 963056331,
        "total" : 963056331
      },
      "partOfTotalContentLoadingTime" : {
        "part" : 3789742,
        "total" : 1894871
      },
      "totalNumberOfFiles" : 10,
      "totalFilesSize" : 48780,
      "totalProcessingSpeed" : {
        "totalBytes" : 48780,
        "totalCpuTime" : 963056331
      }
    } ],
    "totalStatsPerIndexer" : [ {
      "indexId" : "Stubs",
      "partOfTotalIndexingTime" : {
        "part" : 451311490,
        "total" : 905512683
      },
      "totalNumberOfFiles" : 10,
      "totalNumberOfFilesIndexedByExtensions" : 0,
      "totalFilesSize" : 48780,
      "indexValueChangerEvaluationSpeed" : {
        "totalBytes" : 48780,
        "totalCpuTime" : 451311490
      }
    }, {
      "indexId" : "php.invoke.calls.offsets",
      "partOfTotalIndexingTime" : {
        "part" : 91536594,
        "total" : 905512683
      },
      "totalNumberOfFiles" : 10,
      "totalNumberOfFilesIndexedByExtensions" : 0,
      "totalFilesSize" : 48780,
      "indexValueChangerEvaluationSpeed" : {
        "totalBytes" : 48780,
        "totalCpuTime" : 91536594
      }
    }, {
      "indexId" : "php.max.language.level",
      "partOfTotalIndexingTime" : {
        "part" : 62722386,
        "total" : 905512683
      },
      "totalNumberOfFiles" : 10,
      "totalNumberOfFilesIndexedByExtensions" : 0,
      "totalFilesSize" : 48780,
      "indexValueChangerEvaluationSpeed" : {
        "totalBytes" : 48780,
        "totalCpuTime" : 62722386
      }
    }, {
      "indexId" : "php.class.name",
      "partOfTotalIndexingTime" : {
        "part" : 55392419,
        "total" : 905512683
      },
      "totalNumberOfFiles" : 10,
      "totalNumberOfFilesIndexedByExtensions" : 0,
      "totalFilesSize" : 48780,
      "indexValueChangerEvaluationSpeed" : {
        "totalBytes" : 48780,
        "totalCpuTime" : 55392419
      }
    }, {
      "indexId" : "php.doctag.user.name",
      "partOfTotalIndexingTime" : {
        "part" : 48440409,
        "total" : 905512683
      },
      "totalNumberOfFiles" : 10,
      "totalNumberOfFilesIndexedByExtensions" : 0,
      "totalFilesSize" : 48780,
      "indexValueChangerEvaluationSpeed" : {
        "totalBytes" : 48780,
        "totalCpuTime" : 48440409
      }
    }, {
      "indexId" : "php.generic.template.index",
      "partOfTotalIndexingTime" : {
        "part" : 37337331,
        "total" : 905512683
      },
      "totalNumberOfFiles" : 10,
      "totalNumberOfFilesIndexedByExtensions" : 0,
      "totalFilesSize" : 48780,
      "indexValueChangerEvaluationSpeed" : {
        "totalBytes" : 48780,
        "totalCpuTime" : 37337331
      }
    }, {
      "indexId" : "CssIndex",
      "partOfTotalIndexingTime" : {
        "part" : 18311182,
        "total" : 905512683
      },
      "totalNumberOfFiles" : 10,
      "totalNumberOfFilesIndexedByExtensions" : 0,
      "totalFilesSize" : 48780,
      "indexValueChangerEvaluationSpeed" : {
        "totalBytes" : 48780,
        "totalCpuTime" : 18311182
      }
    }, {
      "indexId" : "php.array.shapes.entries",
      "partOfTotalIndexingTime" : {
        "part" : 18282159,
        "total" : 905512683
      },
      "totalNumberOfFiles" : 10,
      "totalNumberOfFilesIndexedByExtensions" : 0,
      "totalFilesSize" : 48780,
      "indexValueChangerEvaluationSpeed" : {
        "totalBytes" : 48780,
        "totalCpuTime" : 18282159
      }
    }, {
      "indexId" : "php.fields.default.value.matchers",
      "partOfTotalIndexingTime" : {
        "part" : 13432815,
        "total" : 905512683
      },
      "totalNumberOfFiles" : 10,
      "totalNumberOfFilesIndexedByExtensions" : 0,
      "totalFilesSize" : 48780,
      "indexValueChangerEvaluationSpeed" : {
        "totalBytes" : 48780,
        "totalCpuTime" : 13432815
      }
    }, {
      "indexId" : "php.function.parameters.used.as.regexp",
      "partOfTotalIndexingTime" : {
        "part" : 13345095,
        "total" : 905512683
      },
      "totalNumberOfFiles" : 10,
      "totalNumberOfFilesIndexedByExtensions" : 0,
      "totalFilesSize" : 48780,
      "indexValueChangerEvaluationSpeed" : {
        "totalBytes" : 48780,
        "totalCpuTime" : 13345095
      }
    }, {
      "indexId" : "IdIndex",
      "partOfTotalIndexingTime" : {
        "part" : 13166844,
        "total" : 905512683
      },
      "totalNumberOfFiles" : 10,
      "totalNumberOfFilesIndexedByExtensions" : 0,
      "totalFilesSize" : 48780,
      "indexValueChangerEvaluationSpeed" : {
        "totalBytes" : 48780,
        "totalCpuTime" : 13166844
      }
    }, {
      "indexId" : "HtmlTagIdIndex",
      "partOfTotalIndexingTime" : {
        "part" : 9023261,
        "total" : 905512683
      },
      "totalNumberOfFiles" : 10,
      "totalNumberOfFilesIndexedByExtensions" : 0,
      "totalFilesSize" : 48780,
      "indexValueChangerEvaluationSpeed" : {
        "totalBytes" : 48780,
        "totalCpuTime" : 9023261
      }
    }, {
      "indexId" : "php.expected.function.arguments",
      "partOfTotalIndexingTime" : {
        "part" : 8843112,
        "total" : 905512683
      },
      "totalNumberOfFiles" : 10,
      "totalNumberOfFilesIndexedByExtensions" : 0,
      "totalFilesSize" : 48780,
      "indexValueChangerEvaluationSpeed" : {
        "totalBytes" : 48780,
        "totalCpuTime" : 8843112
      }
    }, {
      "indexId" : "php.constants.default.expected.arguments",
      "partOfTotalIndexingTime" : {
        "part" : 7517545,
        "total" : 905512683
      },
      "totalNumberOfFiles" : 10,
      "totalNumberOfFilesIndexedByExtensions" : 0,
      "totalFilesSize" : 48780,
      "indexValueChangerEvaluationSpeed" : {
        "totalBytes" : 48780,
        "totalCpuTime" : 7517545
      }
    }, {
      "indexId" : "css.template.selectors",
      "partOfTotalIndexingTime" : {
        "part" : 7035556,
        "total" : 905512683
      },
      "totalNumberOfFiles" : 10,
      "totalNumberOfFilesIndexedByExtensions" : 0,
      "totalFilesSize" : 48780,
      "indexValueChangerEvaluationSpeed" : {
        "totalBytes" : 48780,
        "totalCpuTime" : 7035556
      }
    }, {
      "indexId" : "php.generator.operands.type.index",
      "partOfTotalIndexingTime" : {
        "part" : 6663115,
        "total" : 905512683
      },
      "totalNumberOfFiles" : 10,
      "totalNumberOfFilesIndexedByExtensions" : 0,
      "totalFilesSize" : 48780,
      "indexValueChangerEvaluationSpeed" : {
        "totalBytes" : 48780,
        "totalCpuTime" : 6663115
      }
    }, {
      "indexId" : "php.global.assignment.index",
      "partOfTotalIndexingTime" : {
        "part" : 5277024,
        "total" : 905512683
      },
      "totalNumberOfFiles" : 10,
      "totalNumberOfFilesIndexedByExtensions" : 0,
      "totalFilesSize" : 48780,
      "indexValueChangerEvaluationSpeed" : {
        "totalBytes" : 48780,
        "totalCpuTime" : 5277024
      }
    }, {
      "indexId" : "Trigram.Index",
      "partOfTotalIndexingTime" : {
        "part" : 4281021,
        "total" : 905512683
      },
      "totalNumberOfFiles" : 10,
      "totalNumberOfFilesIndexedByExtensions" : 0,
      "totalFilesSize" : 48780,
      "indexValueChangerEvaluationSpeed" : {
        "totalBytes" : 48780,
        "totalCpuTime" : 4281021
      }
    }, {
      "indexId" : "php.parameters.default.value.matchers",
      "partOfTotalIndexingTime" : {
        "part" : 4137986,
        "total" : 905512683
      },
      "totalNumberOfFiles" : 10,
      "totalNumberOfFilesIndexedByExtensions" : 0,
      "totalFilesSize" : 48780,
      "indexValueChangerEvaluationSpeed" : {
        "totalBytes" : 48780,
        "totalCpuTime" : 4137986
      }
    }, {
      "indexId" : "php.field.names.accessed.by.the.constructor",
      "partOfTotalIndexingTime" : {
        "part" : 4090733,
        "total" : 905512683
      },
      "totalNumberOfFiles" : 10,
      "totalNumberOfFilesIndexedByExtensions" : 0,
      "totalFilesSize" : 48780,
      "indexValueChangerEvaluationSpeed" : {
        "totalBytes" : 48780,
        "totalCpuTime" : 4090733
      }
    }, {
      "indexId" : "php.expected.function.return.values",
      "partOfTotalIndexingTime" : {
        "part" : 2000354,
        "total" : 905512683
      },
      "totalNumberOfFiles" : 10,
      "totalNumberOfFilesIndexedByExtensions" : 0,
      "totalFilesSize" : 48780,
      "indexValueChangerEvaluationSpeed" : {
        "totalBytes" : 48780,
        "totalCpuTime" : 2000354
      }
    }, {
      "indexId" : "php.not.used.parameters",
      "partOfTotalIndexingTime" : {
        "part" : 1812078,
        "total" : 905512683
      },
      "totalNumberOfFiles" : 10,
      "totalNumberOfFilesIndexedByExtensions" : 0,
      "totalFilesSize" : 48780,
      "indexValueChangerEvaluationSpeed" : {
        "totalBytes" : 48780,
        "totalCpuTime" : 1812078
      }
    }, {
      "indexId" : "php.method.name",
      "partOfTotalIndexingTime" : {
        "part" : 1741941,
        "total" : 905512683
      },
      "totalNumberOfFiles" : 10,
      "totalNumberOfFilesIndexedByExtensions" : 0,
      "totalFilesSize" : 48780,
      "indexValueChangerEvaluationSpeed" : {
        "totalBytes" : 48780,
        "totalCpuTime" : 1741941
      }
    }, {
      "indexId" : "php.func.get.arg.usage.index",
      "partOfTotalIndexingTime" : {
        "part" : 1734415,
        "total" : 905512683
      },
      "totalNumberOfFiles" : 10,
      "totalNumberOfFilesIndexedByExtensions" : 0,
      "totalFilesSize" : 48780,
      "indexValueChangerEvaluationSpeed" : {
        "totalBytes" : 48780,
        "totalCpuTime" : 1734415
      }
    }, {
      "indexId" : "js.custom.single.entry.index",
      "partOfTotalIndexingTime" : {
        "part" : 1722447,
        "total" : 905512683
      },
      "totalNumberOfFiles" : 10,
      "totalNumberOfFilesIndexedByExtensions" : 0,
      "totalFilesSize" : 48780,
      "indexValueChangerEvaluationSpeed" : {
        "totalBytes" : 48780,
        "totalCpuTime" : 1722447
      }
    }, {
      "indexId" : "php.inferred.meta.pattern.index",
      "partOfTotalIndexingTime" : {
        "part" : 1503099,
        "total" : 905512683
      },
      "totalNumberOfFiles" : 10,
      "totalNumberOfFilesIndexedByExtensions" : 0,
      "totalFilesSize" : 48780,
      "indexValueChangerEvaluationSpeed" : {
        "totalBytes" : 48780,
        "totalCpuTime" : 1503099
      }
    }, {
      "indexId" : "php.used.parameters.array.keys",
      "partOfTotalIndexingTime" : {
        "part" : 1370553,
        "total" : 905512683
      },
      "totalNumberOfFiles" : 10,
      "totalNumberOfFilesIndexedByExtensions" : 0,
      "totalFilesSize" : 48780,
      "indexValueChangerEvaluationSpeed" : {
        "totalBytes" : 48780,
        "totalCpuTime" : 1370553
      }
    }, {
      "indexId" : "php.functions.with.not.catched.dynamic.passed.calls",
      "partOfTotalIndexingTime" : {
        "part" : 1310542,
        "total" : 905512683
      },
      "totalNumberOfFiles" : 10,
      "totalNumberOfFilesIndexedByExtensions" : 0,
      "totalFilesSize" : 48780,
      "indexValueChangerEvaluationSpeed" : {
        "totalBytes" : 48780,
        "totalCpuTime" : 1310542
      }
    }, {
      "indexId" : "php.class.alias.fqn",
      "partOfTotalIndexingTime" : {
        "part" : 1279908,
        "total" : 905512683
      },
      "totalNumberOfFiles" : 10,
      "totalNumberOfFilesIndexedByExtensions" : 0,
      "totalFilesSize" : 48780,
      "indexValueChangerEvaluationSpeed" : {
        "totalBytes" : 48780,
        "totalCpuTime" : 1279908
      }
    }, {
      "indexId" : "espend.php.annotation.usage",
      "partOfTotalIndexingTime" : {
        "part" : 962935,
        "total" : 905512683
      },
      "totalNumberOfFiles" : 10,
      "totalNumberOfFilesIndexedByExtensions" : 0,
      "totalFilesSize" : 48780,
      "indexValueChangerEvaluationSpeed" : {
        "totalBytes" : 48780,
        "totalCpuTime" : 962935
      }
    }, {
      "indexId" : "php.array.access.offsets",
      "partOfTotalIndexingTime" : {
        "part" : 774114,
        "total" : 905512683
      },
      "totalNumberOfFiles" : 10,
      "totalNumberOfFilesIndexedByExtensions" : 0,
      "totalFilesSize" : 48780,
      "indexValueChangerEvaluationSpeed" : {
        "totalBytes" : 48780,
        "totalCpuTime" : 774114
      }
    }, {
      "indexId" : "php.exit.point.function.index",
      "partOfTotalIndexingTime" : {
        "part" : 761348,
        "total" : 905512683
      },
      "totalNumberOfFiles" : 10,
      "totalNumberOfFilesIndexedByExtensions" : 0,
      "totalFilesSize" : 48780,
      "indexValueChangerEvaluationSpeed" : {
        "totalBytes" : 48780,
        "totalCpuTime" : 761348
      }
    }, {
      "indexId" : "php.function.always.re",
      "partOfTotalIndexingTime" : {
        "part" : 729919,
        "total" : 905512683
      },
      "totalNumberOfFiles" : 10,
      "totalNumberOfFilesIndexedByExtensions" : 0,
      "totalFilesSize" : 48780,
      "indexValueChangerEvaluationSpeed" : {
        "totalBytes" : 48780,
        "totalCpuTime" : 729919
      }
    }, {
      "indexId" : "php.trait.usage",
      "partOfTotalIndexingTime" : {
        "part" : 695765,
        "total" : 905512683
      },
      "totalNumberOfFiles" : 10,
      "totalNumberOfFilesIndexedByExtensions" : 0,
      "totalFilesSize" : 48780,
      "indexValueChangerEvaluationSpeed" : {
        "totalBytes" : 48780,
        "totalCpuTime" : 695765
      }
    }, {
      "indexId" : "php.unit.data.providers",
      "partOfTotalIndexingTime" : {
        "part" : 649457,
        "total" : 905512683
      },
      "totalNumberOfFiles" : 10,
      "totalNumberOfFilesIndexedByExtensions" : 0,
      "totalFilesSize" : 48780,
      "indexValueChangerEvaluationSpeed" : {
        "totalBytes" : 48780,
        "totalCpuTime" : 649457
      }
    }, {
      "indexId" : "php.aliased.trait.method.name",
      "partOfTotalIndexingTime" : {
        "part" : 644358,
        "total" : 905512683
      },
      "totalNumberOfFiles" : 10,
      "totalNumberOfFilesIndexedByExtensions" : 0,
      "totalFilesSize" : 48780,
      "indexValueChangerEvaluationSpeed" : {
        "totalBytes" : 48780,
        "totalCpuTime" : 644358
      }
    }, {
      "indexId" : "php.unit.covers",
      "partOfTotalIndexingTime" : {
        "part" : 628443,
        "total" : 905512683
      },
      "totalNumberOfFiles" : 10,
      "totalNumberOfFilesIndexedByExtensions" : 0,
      "totalFilesSize" : 48780,
      "indexValueChangerEvaluationSpeed" : {
        "totalBytes" : 48780,
        "totalCpuTime" : 628443
      }
    }, {
      "indexId" : "php.doc.type.aliases.index",
      "partOfTotalIndexingTime" : {
        "part" : 613308,
        "total" : 905512683
      },
      "totalNumberOfFiles" : 10,
      "totalNumberOfFilesIndexedByExtensions" : 0,
      "totalFilesSize" : 48780,
      "indexValueChangerEvaluationSpeed" : {
        "totalBytes" : 48780,
        "totalCpuTime" : 613308
      }
    }, {
      "indexId" : "espend.php.annotation.classes",
      "partOfTotalIndexingTime" : {
        "part" : 538521,
        "total" : 905512683
      },
      "totalNumberOfFiles" : 10,
      "totalNumberOfFilesIndexedByExtensions" : 0,
      "totalFilesSize" : 48780,
      "indexValueChangerEvaluationSpeed" : {
        "totalBytes" : 48780,
        "totalCpuTime" : 538521
      }
    }, {
      "indexId" : "php.class.attributes.name",
      "partOfTotalIndexingTime" : {
        "part" : 533552,
        "total" : 905512683
      },
      "totalNumberOfFiles" : 10,
      "totalNumberOfFilesIndexedByExtensions" : 0,
      "totalFilesSize" : 48780,
      "indexValueChangerEvaluationSpeed" : {
        "totalBytes" : 48780,
        "totalCpuTime" : 533552
      }
    }, {
      "indexId" : "php.serialize.function.calls.offsets",
      "partOfTotalIndexingTime" : {
        "part" : 529268,
        "total" : 905512683
      },
      "totalNumberOfFiles" : 10,
      "totalNumberOfFilesIndexedByExtensions" : 0,
      "totalFilesSize" : 48780,
      "indexValueChangerEvaluationSpeed" : {
        "totalBytes" : 48780,
        "totalCpuTime" : 529268
      }
    }, {
      "indexId" : "php.constants.default.array.shapes",
      "partOfTotalIndexingTime" : {
        "part" : 522976,
        "total" : 905512683
      },
      "totalNumberOfFiles" : 10,
      "totalNumberOfFilesIndexedByExtensions" : 0,
      "totalFilesSize" : 48780,
      "indexValueChangerEvaluationSpeed" : {
        "totalBytes" : 48780,
        "totalCpuTime" : 522976
      }
    }, {
      "indexId" : "php.interface.fqn",
      "partOfTotalIndexingTime" : {
        "part" : 387347,
        "total" : 905512683
      },
      "totalNumberOfFiles" : 10,
      "totalNumberOfFilesIndexedByExtensions" : 0,
      "totalFilesSize" : 48780,
      "indexValueChangerEvaluationSpeed" : {
        "totalBytes" : 48780,
        "totalCpuTime" : 387347
      }
    }, {
      "indexId" : "php.namespace.inheritance",
      "partOfTotalIndexingTime" : {
        "part" : 365183,
        "total" : 905512683
      },
      "totalNumberOfFiles" : 10,
      "totalNumberOfFilesIndexedByExtensions" : 0,
      "totalFilesSize" : 48780,
      "indexValueChangerEvaluationSpeed" : {
        "totalBytes" : 48780,
        "totalCpuTime" : 365183
      }
    }, {
      "indexId" : "php.putenv.arguments",
      "partOfTotalIndexingTime" : {
        "part" : 360994,
        "total" : 905512683
      },
      "totalNumberOfFiles" : 10,
      "totalNumberOfFilesIndexedByExtensions" : 0,
      "totalFilesSize" : 48780,
      "indexValueChangerEvaluationSpeed" : {
        "totalBytes" : 48780,
        "totalCpuTime" : 360994
      }
    }, {
      "indexId" : "php.class.fqn",
      "partOfTotalIndexingTime" : {
        "part" : 302646,
        "total" : 905512683
      },
      "totalNumberOfFiles" : 10,
      "totalNumberOfFilesIndexedByExtensions" : 0,
      "totalFilesSize" : 48780,
      "indexValueChangerEvaluationSpeed" : {
        "totalBytes" : 48780,
        "totalCpuTime" : 302646
      }
    }, {
      "indexId" : "HtmlScriptSrcIndex",
      "partOfTotalIndexingTime" : {
        "part" : 196560,
        "total" : 905512683
      },
      "totalNumberOfFiles" : 10,
      "totalNumberOfFilesIndexedByExtensions" : 0,
      "totalFilesSize" : 48780,
      "indexValueChangerEvaluationSpeed" : {
        "totalBytes" : 48780,
        "totalCpuTime" : 196560
      }
    }, {
      "indexId" : "php.file.constants.default.value.matchers",
      "partOfTotalIndexingTime" : {
        "part" : 172735,
        "total" : 905512683
      },
      "totalNumberOfFiles" : 10,
      "totalNumberOfFilesIndexedByExtensions" : 0,
      "totalFilesSize" : 48780,
      "indexValueChangerEvaluationSpeed" : {
        "totalBytes" : 48780,
        "totalCpuTime" : 172735
      }
    }, {
      "indexId" : "php.constant.name",
      "partOfTotalIndexingTime" : {
        "part" : 125992,
        "total" : 905512683
      },
      "totalNumberOfFiles" : 10,
      "totalNumberOfFilesIndexedByExtensions" : 0,
      "totalFilesSize" : 48780,
      "indexValueChangerEvaluationSpeed" : {
        "totalBytes" : 48780,
        "totalCpuTime" : 125992
      }
    }, {
      "indexId" : "php.class.alias.to.class",
      "partOfTotalIndexingTime" : {
        "part" : 116262,
        "total" : 905512683
      },
      "totalNumberOfFiles" : 10,
      "totalNumberOfFilesIndexedByExtensions" : 0,
      "totalFilesSize" : 48780,
      "indexValueChangerEvaluationSpeed" : {
        "totalBytes" : 48780,
        "totalCpuTime" : 116262
      }
    }, {
      "indexId" : "php.function.name",
      "partOfTotalIndexingTime" : {
        "part" : 84959,
        "total" : 905512683
      },
      "totalNumberOfFiles" : 10,
      "totalNumberOfFilesIndexedByExtensions" : 0,
      "totalFilesSize" : 48780,
      "indexValueChangerEvaluationSpeed" : {
        "totalBytes" : 48780,
        "totalCpuTime" : 84959
      }
    }, {
      "indexId" : "php.variable.name",
      "partOfTotalIndexingTime" : {
        "part" : 84741,
        "total" : 905512683
      },
      "totalNumberOfFiles" : 10,
      "totalNumberOfFilesIndexedByExtensions" : 0,
      "totalFilesSize" : 48780,
      "indexValueChangerEvaluationSpeed" : {
        "totalBytes" : 48780,
        "totalCpuTime" : 84741
      }
    }, {
      "indexId" : "php.class.alias.name",
      "partOfTotalIndexingTime" : {
        "part" : 55350,
        "total" : 905512683
      },
      "totalNumberOfFiles" : 10,
      "totalNumberOfFilesIndexedByExtensions" : 0,
      "totalFilesSize" : 48780,
      "indexValueChangerEvaluationSpeed" : {
        "totalBytes" : 48780,
        "totalCpuTime" : 55350
      }
    }, {
      "indexId" : "php.class.to.class.alias",
      "partOfTotalIndexingTime" : {
        "part" : 52536,
        "total" : 905512683
      },
      "totalNumberOfFiles" : 10,
      "totalNumberOfFilesIndexedByExtensions" : 0,
      "totalFilesSize" : 48780,
      "indexValueChangerEvaluationSpeed" : {
        "totalBytes" : 48780,
        "totalCpuTime" : 52536
      }
    } ],
    "statisticsOfChangedDuringIndexingFiles" : {
      "numberOfFiles" : 0,
      "retrievingTime" : 70223
    },
    "fileProviderStatistics" : [ {
      "providerName" : "Module 'backend' (all roots)",
      "totalNumberOfIndexedFiles" : 9,
      "totalNumberOfFilesFullyIndexedByExtensions" : 0,
      "totalNumberOfNothingToWriteFiles" : 0,
      "totalIndexingVisibleTime" : 350227808,
      "contentLoadingVisibleTime" : 772317,
      "numberOfTooLargeForIndexingFiles" : 0,
      "slowIndexedFiles" : [ ],
      "filesFullyIndexedByExtensions" : [ ],
      "separateApplyingIndexesVisibleTime" : 10552277
    }, {
      "providerName" : "External roots from entity (empty; empty; event-loop, composer, promise, ...; empty)",
      "totalNumberOfIndexedFiles" : 1,
      "totalNumberOfFilesFullyIndexedByExtensions" : 0,
      "totalNumberOfNothingToWriteFiles" : 0,
      "totalIndexingVisibleTime" : 87685706,
      "contentLoadingVisibleTime" : 89303,
      "numberOfTooLargeForIndexingFiles" : 0,
      "slowIndexedFiles" : [ ],
      "filesFullyIndexedByExtensions" : [ ],
      "separateApplyingIndexesVisibleTime" : 1494462
    }, {
      "providerName" : "Refreshed files",
      "totalNumberOfIndexedFiles" : 0,
      "totalNumberOfFilesFullyIndexedByExtensions" : 0,
      "totalNumberOfNothingToWriteFiles" : 0,
      "totalIndexingVisibleTime" : 0,
      "contentLoadingVisibleTime" : 0,
      "numberOfTooLargeForIndexingFiles" : 0,
      "slowIndexedFiles" : [ ],
      "filesFullyIndexedByExtensions" : [ ],
      "separateApplyingIndexesVisibleTime" : 0
    } ],
    "visibleTimeToAllThreadTimeRatio" : 0.0
  }
}