{
  "appInfo" : {
    "build" : "233.11799.241",
    "buildDate" : "2023-12-02T05:05:00Z[UTC]",
    "productCode" : "IU",
    "generated" : "2024-01-08T19:57:25.995011Z",
    "os" : "macOS 13.6",
    "runtime" : "JetBrains s.r.o. 17.0.9 17.0.9+7-b1087.7"
  },
  "runtimeInfo" : {
    "maxMemory" : 3170893824,
    "numberOfProcessors" : 4,
    "maxNumberOfIndexingThreads" : 3,
    "maxSizeOfFileForIntelliSense" : 2560000,
    "maxSizeOfFileForContentLoading" : 20971520
  },
  "type" : "DumbIndexing",
  "projectIndexingActivityHistory" : {
    "projectName" : "backend",
    "times" : {
      "scanningIds" : [ 14 ],
      "contentLoadingVisibleTime" : 321221,
      "retrievingChangedDuringIndexingFilesTime" : 41139,
      "separateApplyingIndexesVisibleTime" : 12874462,
      "updatingStart" : "2024-01-08T19:57:25.488016Z",
      "updatingEnd" : "2024-01-08T19:57:25.739152Z",
      "totalWallTimeWithPauses" : 251040584,
      "wallTimeOnPause" : 0,
      "wasInterrupted" : false,
      "dumbModeStart" : "2024-01-08T19:57:25.488016Z",
      "dumbWallTimeWithPauses" : 251040584,
      "dumbWallTimeWithoutPauses" : 251040584,
      "totalWallTimeWithoutPauses" : 251040584
    },
    "fileCount" : {
      "numberOfChangedDuringIndexingFiles" : 0,
      "numberOfFilesIndexedByInfrastructureExtensionsDuringIndexingStage" : 0,
      "numberOfFilesIndexedWithLoadingContent" : 9,
      "numberOfNothingToWriteFiles" : 0
    },
    "totalStatsPerFileType" : [ {
      "fileType" : "PHP",
      "partOfTotalProcessingTime" : {
        "part" : 637989660,
        "total" : 664503270
      },
      "partOfTotalContentLoadingTime" : {
        "part" : 729761,
        "total" : 857247
      },
      "totalNumberOfFiles" : 7,
      "totalFilesSize" : 40197,
      "totalProcessingSpeed" : {
        "totalBytes" : 40197,
        "totalCpuTime" : 637989660
      },
      "biggestContributors" : [ {
        "providerName" : "Module 'backend' (all roots)",
        "numberOfFiles" : 6,
        "totalFilesSize" : 23416,
        "partOfTotalProcessingTimeOfThisFileType" : {
          "part" : 446905555,
          "total" : 637989660
        }
      }, {
        "providerName" : "External roots from entity (empty; empty; event-loop, composer, promise, ...; empty)",
        "numberOfFiles" : 1,
        "totalFilesSize" : 16781,
        "partOfTotalProcessingTimeOfThisFileType" : {
          "part" : 191084105,
          "total" : 637989660
        }
      } ]
    }, {
      "fileType" : "SQL",
      "partOfTotalProcessingTime" : {
        "part" : 26513610,
        "total" : 664503270
      },
      "partOfTotalContentLoadingTime" : {
        "part" : 127486,
        "total" : 857247
      },
      "totalNumberOfFiles" : 2,
      "totalFilesSize" : 0,
      "totalProcessingSpeed" : {
        "totalBytes" : 0,
        "totalCpuTime" : 26513610
      },
      "biggestContributors" : [ {
        "providerName" : "Custom kind roots from entity (db, extensions, empty)",
        "numberOfFiles" : 2,
        "totalFilesSize" : 0,
        "partOfTotalProcessingTimeOfThisFileType" : {
          "part" : 26513610,
          "total" : 26513610
        }
      } ]
    } ],
    "totalStatsPerBaseLanguage" : [ {
      "language" : "PHP",
      "partOfTotalProcessingTime" : {
        "part" : 637989660,
        "total" : 664503270
      },
      "partOfTotalContentLoadingTime" : {
        "part" : 1587008,
        "total" : 857247
      },
      "totalNumberOfFiles" : 7,
      "totalFilesSize" : 40197,
      "totalProcessingSpeed" : {
        "totalBytes" : 40197,
        "totalCpuTime" : 637989660
      }
    }, {
      "language" : "MariaDB",
      "partOfTotalProcessingTime" : {
        "part" : 26513610,
        "total" : 664503270
      },
      "partOfTotalContentLoadingTime" : {
        "part" : 984733,
        "total" : 857247
      },
      "totalNumberOfFiles" : 2,
      "totalFilesSize" : 0,
      "totalProcessingSpeed" : {
        "totalBytes" : 0,
        "totalCpuTime" : 26513610
      }
    }, {
      "language" : "SQL",
      "partOfTotalProcessingTime" : {
        "part" : 26513610,
        "total" : 664503270
      },
      "partOfTotalContentLoadingTime" : {
        "part" : 984733,
        "total" : 857247
      },
      "totalNumberOfFiles" : 2,
      "totalFilesSize" : 0,
      "totalProcessingSpeed" : {
        "totalBytes" : 0,
        "totalCpuTime" : 26513610
      }
    } ],
    "totalStatsPerIndexer" : [ {
      "indexId" : "Stubs",
      "partOfTotalIndexingTime" : {
        "part" : 342390702,
        "total" : 565999963
      },
      "totalNumberOfFiles" : 9,
      "totalNumberOfFilesIndexedByExtensions" : 0,
      "totalFilesSize" : 40197,
      "indexValueChangerEvaluationSpeed" : {
        "totalBytes" : 40197,
        "totalCpuTime" : 342390702
      }
    }, {
      "indexId" : "php.invoke.calls.offsets",
      "partOfTotalIndexingTime" : {
        "part" : 50235694,
        "total" : 565999963
      },
      "totalNumberOfFiles" : 7,
      "totalNumberOfFilesIndexedByExtensions" : 0,
      "totalFilesSize" : 40197,
      "indexValueChangerEvaluationSpeed" : {
        "totalBytes" : 40197,
        "totalCpuTime" : 50235694
      }
    }, {
      "indexId" : "IdIndex",
      "partOfTotalIndexingTime" : {
        "part" : 20469170,
        "total" : 565999963
      },
      "totalNumberOfFiles" : 9,
      "totalNumberOfFilesIndexedByExtensions" : 0,
      "totalFilesSize" : 40197,
      "indexValueChangerEvaluationSpeed" : {
        "totalBytes" : 40197,
        "totalCpuTime" : 20469170
      }
    }, {
      "indexId" : "php.max.language.level",
      "partOfTotalIndexingTime" : {
        "part" : 19029440,
        "total" : 565999963
      },
      "totalNumberOfFiles" : 7,
      "totalNumberOfFilesIndexedByExtensions" : 0,
      "totalFilesSize" : 40197,
      "indexValueChangerEvaluationSpeed" : {
        "totalBytes" : 40197,
        "totalCpuTime" : 19029440
      }
    }, {
      "indexId" : "php.class.name",
      "partOfTotalIndexingTime" : {
        "part" : 16929361,
        "total" : 565999963
      },
      "totalNumberOfFiles" : 7,
      "totalNumberOfFilesIndexedByExtensions" : 0,
      "totalFilesSize" : 40197,
      "indexValueChangerEvaluationSpeed" : {
        "totalBytes" : 40197,
        "totalCpuTime" : 16929361
      }
    }, {
      "indexId" : "css.template.selectors",
      "partOfTotalIndexingTime" : {
        "part" : 15545992,
        "total" : 565999963
      },
      "totalNumberOfFiles" : 7,
      "totalNumberOfFilesIndexedByExtensions" : 0,
      "totalFilesSize" : 40197,
      "indexValueChangerEvaluationSpeed" : {
        "totalBytes" : 40197,
        "totalCpuTime" : 15545992
      }
    }, {
      "indexId" : "php.doctag.user.name",
      "partOfTotalIndexingTime" : {
        "part" : 10656834,
        "total" : 565999963
      },
      "totalNumberOfFiles" : 7,
      "totalNumberOfFilesIndexedByExtensions" : 0,
      "totalFilesSize" : 40197,
      "indexValueChangerEvaluationSpeed" : {
        "totalBytes" : 40197,
        "totalCpuTime" : 10656834
      }
    }, {
      "indexId" : "CssIndex",
      "partOfTotalIndexingTime" : {
        "part" : 10450165,
        "total" : 565999963
      },
      "totalNumberOfFiles" : 7,
      "totalNumberOfFilesIndexedByExtensions" : 0,
      "totalFilesSize" : 40197,
      "indexValueChangerEvaluationSpeed" : {
        "totalBytes" : 40197,
        "totalCpuTime" : 10450165
      }
    }, {
      "indexId" : "php.class.attributes.name",
      "partOfTotalIndexingTime" : {
        "part" : 9017517,
        "total" : 565999963
      },
      "totalNumberOfFiles" : 7,
      "totalNumberOfFilesIndexedByExtensions" : 0,
      "totalFilesSize" : 40197,
      "indexValueChangerEvaluationSpeed" : {
        "totalBytes" : 40197,
        "totalCpuTime" : 9017517
      }
    }, {
      "indexId" : "php.global.assignment.index",
      "partOfTotalIndexingTime" : {
        "part" : 6934241,
        "total" : 565999963
      },
      "totalNumberOfFiles" : 7,
      "totalNumberOfFilesIndexedByExtensions" : 0,
      "totalFilesSize" : 40197,
      "indexValueChangerEvaluationSpeed" : {
        "totalBytes" : 40197,
        "totalCpuTime" : 6934241
      }
    }, {
      "indexId" : "php.class.fqn",
      "partOfTotalIndexingTime" : {
        "part" : 6255152,
        "total" : 565999963
      },
      "totalNumberOfFiles" : 7,
      "totalNumberOfFilesIndexedByExtensions" : 0,
      "totalFilesSize" : 40197,
      "indexValueChangerEvaluationSpeed" : {
        "totalBytes" : 40197,
        "totalCpuTime" : 6255152
      }
    }, {
      "indexId" : "php.field.names.accessed.by.the.constructor",
      "partOfTotalIndexingTime" : {
        "part" : 5795529,
        "total" : 565999963
      },
      "totalNumberOfFiles" : 7,
      "totalNumberOfFilesIndexedByExtensions" : 0,
      "totalFilesSize" : 40197,
      "indexValueChangerEvaluationSpeed" : {
        "totalBytes" : 40197,
        "totalCpuTime" : 5795529
      }
    }, {
      "indexId" : "php.array.shapes.entries",
      "partOfTotalIndexingTime" : {
        "part" : 5201003,
        "total" : 565999963
      },
      "totalNumberOfFiles" : 7,
      "totalNumberOfFilesIndexedByExtensions" : 0,
      "totalFilesSize" : 40197,
      "indexValueChangerEvaluationSpeed" : {
        "totalBytes" : 40197,
        "totalCpuTime" : 5201003
      }
    }, {
      "indexId" : "php.not.used.parameters",
      "partOfTotalIndexingTime" : {
        "part" : 5130772,
        "total" : 565999963
      },
      "totalNumberOfFiles" : 7,
      "totalNumberOfFilesIndexedByExtensions" : 0,
      "totalFilesSize" : 40197,
      "indexValueChangerEvaluationSpeed" : {
        "totalBytes" : 40197,
        "totalCpuTime" : 5130772
      }
    }, {
      "indexId" : "php.generator.operands.type.index",
      "partOfTotalIndexingTime" : {
        "part" : 4610003,
        "total" : 565999963
      },
      "totalNumberOfFiles" : 7,
      "totalNumberOfFilesIndexedByExtensions" : 0,
      "totalFilesSize" : 40197,
      "indexValueChangerEvaluationSpeed" : {
        "totalBytes" : 40197,
        "totalCpuTime" : 4610003
      }
    }, {
      "indexId" : "php.function.parameters.used.as.regexp",
      "partOfTotalIndexingTime" : {
        "part" : 4137068,
        "total" : 565999963
      },
      "totalNumberOfFiles" : 7,
      "totalNumberOfFilesIndexedByExtensions" : 0,
      "totalFilesSize" : 40197,
      "indexValueChangerEvaluationSpeed" : {
        "totalBytes" : 40197,
        "totalCpuTime" : 4137068
      }
    }, {
      "indexId" : "Trigram.Index",
      "partOfTotalIndexingTime" : {
        "part" : 4071170,
        "total" : 565999963
      },
      "totalNumberOfFiles" : 9,
      "totalNumberOfFilesIndexedByExtensions" : 0,
      "totalFilesSize" : 40197,
      "indexValueChangerEvaluationSpeed" : {
        "totalBytes" : 40197,
        "totalCpuTime" : 4071170
      }
    }, {
      "indexId" : "php.func.get.arg.usage.index",
      "partOfTotalIndexingTime" : {
        "part" : 3540283,
        "total" : 565999963
      },
      "totalNumberOfFiles" : 7,
      "totalNumberOfFilesIndexedByExtensions" : 0,
      "totalFilesSize" : 40197,
      "indexValueChangerEvaluationSpeed" : {
        "totalBytes" : 40197,
        "totalCpuTime" : 3540283
      }
    }, {
      "indexId" : "php.expected.function.arguments",
      "partOfTotalIndexingTime" : {
        "part" : 3339607,
        "total" : 565999963
      },
      "totalNumberOfFiles" : 7,
      "totalNumberOfFilesIndexedByExtensions" : 0,
      "totalFilesSize" : 40197,
      "indexValueChangerEvaluationSpeed" : {
        "totalBytes" : 40197,
        "totalCpuTime" : 3339607
      }
    }, {
      "indexId" : "php.generic.template.index",
      "partOfTotalIndexingTime" : {
        "part" : 2856865,
        "total" : 565999963
      },
      "totalNumberOfFiles" : 7,
      "totalNumberOfFilesIndexedByExtensions" : 0,
      "totalFilesSize" : 40197,
      "indexValueChangerEvaluationSpeed" : {
        "totalBytes" : 40197,
        "totalCpuTime" : 2856865
      }
    }, {
      "indexId" : "php.exit.point.function.index",
      "partOfTotalIndexingTime" : {
        "part" : 2460430,
        "total" : 565999963
      },
      "totalNumberOfFiles" : 7,
      "totalNumberOfFilesIndexedByExtensions" : 0,
      "totalFilesSize" : 40197,
      "indexValueChangerEvaluationSpeed" : {
        "totalBytes" : 40197,
        "totalCpuTime" : 2460430
      }
    }, {
      "indexId" : "php.fields.default.value.matchers",
      "partOfTotalIndexingTime" : {
        "part" : 2197844,
        "total" : 565999963
      },
      "totalNumberOfFiles" : 7,
      "totalNumberOfFilesIndexedByExtensions" : 0,
      "totalFilesSize" : 40197,
      "indexValueChangerEvaluationSpeed" : {
        "totalBytes" : 40197,
        "totalCpuTime" : 2197844
      }
    }, {
      "indexId" : "php.functions.with.not.catched.dynamic.passed.calls",
      "partOfTotalIndexingTime" : {
        "part" : 1777385,
        "total" : 565999963
      },
      "totalNumberOfFiles" : 7,
      "totalNumberOfFilesIndexedByExtensions" : 0,
      "totalFilesSize" : 40197,
      "indexValueChangerEvaluationSpeed" : {
        "totalBytes" : 40197,
        "totalCpuTime" : 1777385
      }
    }, {
      "indexId" : "php.parameters.default.value.matchers",
      "partOfTotalIndexingTime" : {
        "part" : 1401993,
        "total" : 565999963
      },
      "totalNumberOfFiles" : 7,
      "totalNumberOfFilesIndexedByExtensions" : 0,
      "totalFilesSize" : 40197,
      "indexValueChangerEvaluationSpeed" : {
        "totalBytes" : 40197,
        "totalCpuTime" : 1401993
      }
    }, {
      "indexId" : "php.method.name",
      "partOfTotalIndexingTime" : {
        "part" : 1237590,
        "total" : 565999963
      },
      "totalNumberOfFiles" : 7,
      "totalNumberOfFilesIndexedByExtensions" : 0,
      "totalFilesSize" : 40197,
      "indexValueChangerEvaluationSpeed" : {
        "totalBytes" : 40197,
        "totalCpuTime" : 1237590
      }
    }, {
      "indexId" : "php.used.parameters.array.keys",
      "partOfTotalIndexingTime" : {
        "part" : 1059759,
        "total" : 565999963
      },
      "totalNumberOfFiles" : 7,
      "totalNumberOfFilesIndexedByExtensions" : 0,
      "totalFilesSize" : 40197,
      "indexValueChangerEvaluationSpeed" : {
        "totalBytes" : 40197,
        "totalCpuTime" : 1059759
      }
    }, {
      "indexId" : "js.custom.single.entry.index",
      "partOfTotalIndexingTime" : {
        "part" : 867897,
        "total" : 565999963
      },
      "totalNumberOfFiles" : 7,
      "totalNumberOfFilesIndexedByExtensions" : 0,
      "totalFilesSize" : 40197,
      "indexValueChangerEvaluationSpeed" : {
        "totalBytes" : 40197,
        "totalCpuTime" : 867897
      }
    }, {
      "indexId" : "espend.php.annotation.usage",
      "partOfTotalIndexingTime" : {
        "part" : 737902,
        "total" : 565999963
      },
      "totalNumberOfFiles" : 7,
      "totalNumberOfFilesIndexedByExtensions" : 0,
      "totalFilesSize" : 40197,
      "indexValueChangerEvaluationSpeed" : {
        "totalBytes" : 40197,
        "totalCpuTime" : 737902
      }
    }, {
      "indexId" : "php.class.alias.fqn",
      "partOfTotalIndexingTime" : {
        "part" : 691580,
        "total" : 565999963
      },
      "totalNumberOfFiles" : 7,
      "totalNumberOfFilesIndexedByExtensions" : 0,
      "totalFilesSize" : 40197,
      "indexValueChangerEvaluationSpeed" : {
        "totalBytes" : 40197,
        "totalCpuTime" : 691580
      }
    }, {
      "indexId" : "php.inferred.meta.pattern.index",
      "partOfTotalIndexingTime" : {
        "part" : 664571,
        "total" : 565999963
      },
      "totalNumberOfFiles" : 7,
      "totalNumberOfFilesIndexedByExtensions" : 0,
      "totalFilesSize" : 40197,
      "indexValueChangerEvaluationSpeed" : {
        "totalBytes" : 40197,
        "totalCpuTime" : 664571
      }
    }, {
      "indexId" : "php.unit.data.providers",
      "partOfTotalIndexingTime" : {
        "part" : 621344,
        "total" : 565999963
      },
      "totalNumberOfFiles" : 7,
      "totalNumberOfFilesIndexedByExtensions" : 0,
      "totalFilesSize" : 40197,
      "indexValueChangerEvaluationSpeed" : {
        "totalBytes" : 40197,
        "totalCpuTime" : 621344
      }
    }, {
      "indexId" : "php.unit.covers",
      "partOfTotalIndexingTime" : {
        "part" : 554655,
        "total" : 565999963
      },
      "totalNumberOfFiles" : 7,
      "totalNumberOfFilesIndexedByExtensions" : 0,
      "totalFilesSize" : 40197,
      "indexValueChangerEvaluationSpeed" : {
        "totalBytes" : 40197,
        "totalCpuTime" : 554655
      }
    }, {
      "indexId" : "php.expected.function.return.values",
      "partOfTotalIndexingTime" : {
        "part" : 507216,
        "total" : 565999963
      },
      "totalNumberOfFiles" : 7,
      "totalNumberOfFilesIndexedByExtensions" : 0,
      "totalFilesSize" : 40197,
      "indexValueChangerEvaluationSpeed" : {
        "totalBytes" : 40197,
        "totalCpuTime" : 507216
      }
    }, {
      "indexId" : "php.array.access.offsets",
      "partOfTotalIndexingTime" : {
        "part" : 437030,
        "total" : 565999963
      },
      "totalNumberOfFiles" : 7,
      "totalNumberOfFilesIndexedByExtensions" : 0,
      "totalFilesSize" : 40197,
      "indexValueChangerEvaluationSpeed" : {
        "totalBytes" : 40197,
        "totalCpuTime" : 437030
      }
    }, {
      "indexId" : "php.aliased.trait.method.name",
      "partOfTotalIndexingTime" : {
        "part" : 417289,
        "total" : 565999963
      },
      "totalNumberOfFiles" : 7,
      "totalNumberOfFilesIndexedByExtensions" : 0,
      "totalFilesSize" : 40197,
      "indexValueChangerEvaluationSpeed" : {
        "totalBytes" : 40197,
        "totalCpuTime" : 417289
      }
    }, {
      "indexId" : "php.putenv.arguments",
      "partOfTotalIndexingTime" : {
        "part" : 369559,
        "total" : 565999963
      },
      "totalNumberOfFiles" : 7,
      "totalNumberOfFilesIndexedByExtensions" : 0,
      "totalFilesSize" : 40197,
      "indexValueChangerEvaluationSpeed" : {
        "totalBytes" : 40197,
        "totalCpuTime" : 369559
      }
    }, {
      "indexId" : "php.trait.usage",
      "partOfTotalIndexingTime" : {
        "part" : 353044,
        "total" : 565999963
      },
      "totalNumberOfFiles" : 7,
      "totalNumberOfFilesIndexedByExtensions" : 0,
      "totalFilesSize" : 40197,
      "indexValueChangerEvaluationSpeed" : {
        "totalBytes" : 40197,
        "totalCpuTime" : 353044
      }
    }, {
      "indexId" : "HtmlTagIdIndex",
      "partOfTotalIndexingTime" : {
        "part" : 349483,
        "total" : 565999963
      },
      "totalNumberOfFiles" : 7,
      "totalNumberOfFilesIndexedByExtensions" : 0,
      "totalFilesSize" : 40197,
      "indexValueChangerEvaluationSpeed" : {
        "totalBytes" : 40197,
        "totalCpuTime" : 349483
      }
    }, {
      "indexId" : "php.doc.type.aliases.index",
      "partOfTotalIndexingTime" : {
        "part" : 336967,
        "total" : 565999963
      },
      "totalNumberOfFiles" : 7,
      "totalNumberOfFilesIndexedByExtensions" : 0,
      "totalFilesSize" : 40197,
      "indexValueChangerEvaluationSpeed" : {
        "totalBytes" : 40197,
        "totalCpuTime" : 336967
      }
    }, {
      "indexId" : "espend.php.annotation.classes",
      "partOfTotalIndexingTime" : {
        "part" : 313428,
        "total" : 565999963
      },
      "totalNumberOfFiles" : 7,
      "totalNumberOfFilesIndexedByExtensions" : 0,
      "totalFilesSize" : 40197,
      "indexValueChangerEvaluationSpeed" : {
        "totalBytes" : 40197,
        "totalCpuTime" : 313428
      }
    }, {
      "indexId" : "php.namespace.inheritance",
      "partOfTotalIndexingTime" : {
        "part" : 310415,
        "total" : 565999963
      },
      "totalNumberOfFiles" : 7,
      "totalNumberOfFilesIndexedByExtensions" : 0,
      "totalFilesSize" : 40197,
      "indexValueChangerEvaluationSpeed" : {
        "totalBytes" : 40197,
        "totalCpuTime" : 310415
      }
    }, {
      "indexId" : "php.function.always.re",
      "partOfTotalIndexingTime" : {
        "part" : 281692,
        "total" : 565999963
      },
      "totalNumberOfFiles" : 7,
      "totalNumberOfFilesIndexedByExtensions" : 0,
      "totalFilesSize" : 40197,
      "indexValueChangerEvaluationSpeed" : {
        "totalBytes" : 40197,
        "totalCpuTime" : 281692
      }
    }, {
      "indexId" : "php.constants.default.expected.arguments",
      "partOfTotalIndexingTime" : {
        "part" : 266020,
        "total" : 565999963
      },
      "totalNumberOfFiles" : 7,
      "totalNumberOfFilesIndexedByExtensions" : 0,
      "totalFilesSize" : 40197,
      "indexValueChangerEvaluationSpeed" : {
        "totalBytes" : 40197,
        "totalCpuTime" : 266020
      }
    }, {
      "indexId" : "php.serialize.function.calls.offsets",
      "partOfTotalIndexingTime" : {
        "part" : 225443,
        "total" : 565999963
      },
      "totalNumberOfFiles" : 7,
      "totalNumberOfFilesIndexedByExtensions" : 0,
      "totalFilesSize" : 40197,
      "indexValueChangerEvaluationSpeed" : {
        "totalBytes" : 40197,
        "totalCpuTime" : 225443
      }
    }, {
      "indexId" : "php.file.constants.default.value.matchers",
      "partOfTotalIndexingTime" : {
        "part" : 185187,
        "total" : 565999963
      },
      "totalNumberOfFiles" : 7,
      "totalNumberOfFilesIndexedByExtensions" : 0,
      "totalFilesSize" : 40197,
      "indexValueChangerEvaluationSpeed" : {
        "totalBytes" : 40197,
        "totalCpuTime" : 185187
      }
    }, {
      "indexId" : "php.interface.fqn",
      "partOfTotalIndexingTime" : {
        "part" : 184518,
        "total" : 565999963
      },
      "totalNumberOfFiles" : 7,
      "totalNumberOfFilesIndexedByExtensions" : 0,
      "totalFilesSize" : 40197,
      "indexValueChangerEvaluationSpeed" : {
        "totalBytes" : 40197,
        "totalCpuTime" : 184518
      }
    }, {
      "indexId" : "HtmlScriptSrcIndex",
      "partOfTotalIndexingTime" : {
        "part" : 125629,
        "total" : 565999963
      },
      "totalNumberOfFiles" : 7,
      "totalNumberOfFilesIndexedByExtensions" : 0,
      "totalFilesSize" : 40197,
      "indexValueChangerEvaluationSpeed" : {
        "totalBytes" : 40197,
        "totalCpuTime" : 125629
      }
    }, {
      "indexId" : "php.constants.default.array.shapes",
      "partOfTotalIndexingTime" : {
        "part" : 114766,
        "total" : 565999963
      },
      "totalNumberOfFiles" : 7,
      "totalNumberOfFilesIndexedByExtensions" : 0,
      "totalFilesSize" : 40197,
      "indexValueChangerEvaluationSpeed" : {
        "totalBytes" : 40197,
        "totalCpuTime" : 114766
      }
    }, {
      "indexId" : "php.constant.name",
      "partOfTotalIndexingTime" : {
        "part" : 114565,
        "total" : 565999963
      },
      "totalNumberOfFiles" : 7,
      "totalNumberOfFilesIndexedByExtensions" : 0,
      "totalFilesSize" : 40197,
      "indexValueChangerEvaluationSpeed" : {
        "totalBytes" : 40197,
        "totalCpuTime" : 114565
      }
    }, {
      "indexId" : "php.class.alias.to.class",
      "partOfTotalIndexingTime" : {
        "part" : 66455,
        "total" : 565999963
      },
      "totalNumberOfFiles" : 7,
      "totalNumberOfFilesIndexedByExtensions" : 0,
      "totalFilesSize" : 40197,
      "indexValueChangerEvaluationSpeed" : {
        "totalBytes" : 40197,
        "totalCpuTime" : 66455
      }
    }, {
      "indexId" : "php.function.name",
      "partOfTotalIndexingTime" : {
        "part" : 57613,
        "total" : 565999963
      },
      "totalNumberOfFiles" : 7,
      "totalNumberOfFilesIndexedByExtensions" : 0,
      "totalFilesSize" : 40197,
      "indexValueChangerEvaluationSpeed" : {
        "totalBytes" : 40197,
        "totalCpuTime" : 57613
      }
    }, {
      "indexId" : "php.variable.name",
      "partOfTotalIndexingTime" : {
        "part" : 53288,
        "total" : 565999963
      },
      "totalNumberOfFiles" : 7,
      "totalNumberOfFilesIndexedByExtensions" : 0,
      "totalFilesSize" : 40197,
      "indexValueChangerEvaluationSpeed" : {
        "totalBytes" : 40197,
        "totalCpuTime" : 53288
      }
    }, {
      "indexId" : "php.class.alias.name",
      "partOfTotalIndexingTime" : {
        "part" : 31580,
        "total" : 565999963
      },
      "totalNumberOfFiles" : 7,
      "totalNumberOfFilesIndexedByExtensions" : 0,
      "totalFilesSize" : 40197,
      "indexValueChangerEvaluationSpeed" : {
        "totalBytes" : 40197,
        "totalCpuTime" : 31580
      }
    }, {
      "indexId" : "php.class.to.class.alias",
      "partOfTotalIndexingTime" : {
        "part" : 29258,
        "total" : 565999963
      },
      "totalNumberOfFiles" : 7,
      "totalNumberOfFilesIndexedByExtensions" : 0,
      "totalFilesSize" : 40197,
      "indexValueChangerEvaluationSpeed" : {
        "totalBytes" : 40197,
        "totalCpuTime" : 29258
      }
    } ],
    "statisticsOfChangedDuringIndexingFiles" : {
      "numberOfFiles" : 0,
      "retrievingTime" : 41139
    },
    "fileProviderStatistics" : [ {
      "providerName" : "Module 'backend' (all roots)",
      "totalNumberOfIndexedFiles" : 6,
      "totalNumberOfFilesFullyIndexedByExtensions" : 0,
      "totalNumberOfNothingToWriteFiles" : 0,
      "totalIndexingVisibleTime" : 167462130,
      "contentLoadingVisibleTime" : 207943,
      "numberOfTooLargeForIndexingFiles" : 0,
      "slowIndexedFiles" : [ ],
      "filesFullyIndexedByExtensions" : [ ],
      "separateApplyingIndexesVisibleTime" : 3753246
    }, {
      "providerName" : "External roots from entity (empty; empty; event-loop, composer, promise, ...; empty)",
      "totalNumberOfIndexedFiles" : 1,
      "totalNumberOfFilesFullyIndexedByExtensions" : 0,
      "totalNumberOfNothingToWriteFiles" : 0,
      "totalIndexingVisibleTime" : 71602044,
      "contentLoadingVisibleTime" : 65508,
      "numberOfTooLargeForIndexingFiles" : 0,
      "slowIndexedFiles" : [ ],
      "filesFullyIndexedByExtensions" : [ ],
      "separateApplyingIndexesVisibleTime" : 624634
    }, {
      "providerName" : "Custom kind roots from entity (db, extensions, empty)",
      "totalNumberOfIndexedFiles" : 2,
      "totalNumberOfFilesFullyIndexedByExtensions" : 0,
      "totalNumberOfNothingToWriteFiles" : 0,
      "totalIndexingVisibleTime" : 9935042,
      "contentLoadingVisibleTime" : 47770,
      "numberOfTooLargeForIndexingFiles" : 0,
      "slowIndexedFiles" : [ ],
      "filesFullyIndexedByExtensions" : [ ],
      "separateApplyingIndexesVisibleTime" : 8496582
    }, {
      "providerName" : "Refreshed files",
      "totalNumberOfIndexedFiles" : 0,
      "totalNumberOfFilesFullyIndexedByExtensions" : 0,
      "totalNumberOfNothingToWriteFiles" : 0,
      "totalIndexingVisibleTime" : 0,
      "contentLoadingVisibleTime" : 0,
      "numberOfTooLargeForIndexingFiles" : 0,
      "slowIndexedFiles" : [ ],
      "filesFullyIndexedByExtensions" : [ ],
      "separateApplyingIndexesVisibleTime" : 0
    } ],
    "visibleTimeToAllThreadTimeRatio" : 0.0
  }
}