{"reason":"Push on VFS changes","startTime":"2023-12-14T16:02:39.880716+01:00[Europe/Zagreb]","duration":8783700,"isCancelled":false}
{"reason":"Push on VFS changes","startTime":"2023-12-14T16:02:46.913584+01:00[Europe/Zagreb]","duration":113724,"isCancelled":false}
{"reason":"Push on VFS changes","startTime":"2023-12-14T16:17:53.472506+01:00[Europe/Zagreb]","duration":1143094,"isCancelled":false}
{"reason":"Push on VFS changes","startTime":"2023-12-14T21:12:29.222283+01:00[Europe/Zagreb]","duration":6376997,"isCancelled":false}
{"reason":"Push on VFS changes","startTime":"2023-12-14T21:19:54.023407+01:00[Europe/Zagreb]","duration":851544,"isCancelled":false}
{"reason":"Push on VFS changes","startTime":"2023-12-14T21:26:35.895981+01:00[Europe/Zagreb]","duration":392521,"isCancelled":false}
{"reason":"Push on VFS changes","startTime":"2023-12-14T22:05:41.216235+01:00[Europe/Zagreb]","duration":631079,"isCancelled":false}
{"reason":"Push on VFS changes","startTime":"2023-12-14T22:07:48.811234+01:00[Europe/Zagreb]","duration":385024,"isCancelled":false}
{"reason":"Push on VFS changes","startTime":"2023-12-14T23:28:31.161213+01:00[Europe/Zagreb]","duration":385176,"isCancelled":false}
{"reason":"Push on VFS changes","startTime":"2023-12-15T00:36:11.922054+01:00[Europe/Zagreb]","duration":571006,"isCancelled":false}
{"reason":"Push on VFS changes","startTime":"2023-12-15T10:22:23.304662+01:00[Europe/Zagreb]","duration":478974,"isCancelled":false}
{"reason":"Push on VFS changes","startTime":"2023-12-15T16:02:24.020431+01:00[Europe/Zagreb]","duration":12298929,"isCancelled":false}
{"reason":"Push on VFS changes","startTime":"2023-12-15T16:03:45.970233+01:00[Europe/Zagreb]","duration":366560,"isCancelled":false}
{"reason":"Push on VFS changes","startTime":"2023-12-15T16:05:10.684572+01:00[Europe/Zagreb]","duration":230232,"isCancelled":false}
{"reason":"Push on VFS changes","startTime":"2023-12-15T16:18:57.902913+01:00[Europe/Zagreb]","duration":218313,"isCancelled":false}
{"reason":"Push on VFS changes","startTime":"2023-12-15T22:46:42.883751+01:00[Europe/Zagreb]","duration":357153,"isCancelled":false}
{"reason":"Push on VFS changes","startTime":"2023-12-16T10:26:58.049716+01:00[Europe/Zagreb]","duration":569484,"isCancelled":false}
{"reason":"Push on VFS changes","startTime":"2023-12-16T10:27:07.458459+01:00[Europe/Zagreb]","duration":201665,"isCancelled":false}
{"reason":"Push on VFS changes","startTime":"2023-12-16T13:57:00.463534+01:00[Europe/Zagreb]","duration":15410966,"isCancelled":false}
{"reason":"Push on VFS changes","startTime":"2023-12-16T13:57:26.398902+01:00[Europe/Zagreb]","duration":781915,"isCancelled":false}
{"reason":"Push on VFS changes","startTime":"2023-12-16T14:11:24.38783+01:00[Europe/Zagreb]","duration":343722,"isCancelled":false}
{"reason":"Push on VFS changes","startTime":"2023-12-16T15:16:28.389176+01:00[Europe/Zagreb]","duration":1889338,"isCancelled":false}
{"reason":"Push on VFS changes","startTime":"2023-12-16T15:32:08.233226+01:00[Europe/Zagreb]","duration":261566,"isCancelled":false}
{"reason":"Push on VFS changes","startTime":"2023-12-16T18:35:09.893631+01:00[Europe/Zagreb]","duration":26195892,"isCancelled":false}
{"reason":"Push on VFS changes","startTime":"2023-12-18T15:53:43.162022+01:00[Europe/Zagreb]","duration":2785026,"isCancelled":false}
{"reason":"Push on VFS changes","startTime":"2023-12-18T16:06:00.662142+01:00[Europe/Zagreb]","duration":8733824,"isCancelled":false}
{"reason":"Push on VFS changes","startTime":"2023-12-18T16:30:16.54862+01:00[Europe/Zagreb]","duration":459308,"isCancelled":false}
{"reason":"Push on VFS changes","startTime":"2023-12-18T17:04:30.804754+01:00[Europe/Zagreb]","duration":1580270,"isCancelled":false}
{"reason":"Push on VFS changes","startTime":"2023-12-18T17:13:52.757299+01:00[Europe/Zagreb]","duration":4900911,"isCancelled":false}
{"reason":"Push on VFS changes","startTime":"2023-12-18T17:14:37.680042+01:00[Europe/Zagreb]","duration":159527,"isCancelled":false}
{"reason":"Push on VFS changes","startTime":"2023-12-18T18:01:52.28511+01:00[Europe/Zagreb]","duration":176834,"isCancelled":false}
{"reason":"Push on VFS changes","startTime":"2023-12-18T18:02:17.514998+01:00[Europe/Zagreb]","duration":256482,"isCancelled":false}
{"reason":"Push on VFS changes","startTime":"2023-12-19T18:11:34.715533+01:00[Europe/Zagreb]","duration":184439,"isCancelled":false}
{"reason":"Push on VFS changes","startTime":"2023-12-19T18:12:10.328325+01:00[Europe/Zagreb]","duration":326636,"isCancelled":false}
{"reason":"Push on VFS changes","startTime":"2023-12-19T18:12:17.249815+01:00[Europe/Zagreb]","duration":1037284,"isCancelled":false}
{"reason":"Push on VFS changes","startTime":"2023-12-19T18:12:26.106938+01:00[Europe/Zagreb]","duration":548283,"isCancelled":false}
{"reason":"Push on VFS changes","startTime":"2023-12-19T19:14:46.8914+01:00[Europe/Zagreb]","duration":781420,"isCancelled":false}
{"reason":"Push on VFS changes","startTime":"2023-12-19T19:16:30.865193+01:00[Europe/Zagreb]","duration":72355,"isCancelled":false}
{"reason":"Push on VFS changes","startTime":"2023-12-19T19:16:48.424605+01:00[Europe/Zagreb]","duration":1521711,"isCancelled":false}
{"reason":"Push on VFS changes","startTime":"2023-12-19T19:17:28.026466+01:00[Europe/Zagreb]","duration":104062,"isCancelled":false}
{"reason":"Push on VFS changes","startTime":"2023-12-19T19:17:28.878905+01:00[Europe/Zagreb]","duration":213090,"isCancelled":false}
{"reason":"Push on VFS changes","startTime":"2023-12-19T19:17:31.456103+01:00[Europe/Zagreb]","duration":91581,"isCancelled":false}
{"reason":"Push on VFS changes","startTime":"2023-12-19T19:17:33.203028+01:00[Europe/Zagreb]","duration":176900,"isCancelled":false}
{"reason":"Push on VFS changes","startTime":"2023-12-19T19:17:36.855516+01:00[Europe/Zagreb]","duration":6322618,"isCancelled":false}
{"reason":"Push on VFS changes","startTime":"2023-12-19T19:17:41.425422+01:00[Europe/Zagreb]","duration":129461,"isCancelled":false}
{"reason":"Push on VFS changes","startTime":"2023-12-19T19:17:48.952916+01:00[Europe/Zagreb]","duration":256654,"isCancelled":false}
{"reason":"Push on VFS changes","startTime":"2023-12-21T11:42:45.919594+01:00[Europe/Zagreb]","duration":545423,"isCancelled":false}
{"reason":"Push on VFS changes","startTime":"2023-12-29T20:12:01.713004+01:00[Europe/Zagreb]","duration":327614,"isCancelled":false}
{"reason":"Push on VFS changes","startTime":"2024-01-02T08:33:07.089137+01:00[Europe/Zagreb]","duration":2228646,"isCancelled":false}
{"reason":"Push on VFS changes","startTime":"2024-01-02T09:04:12.661815+01:00[Europe/Zagreb]","duration":417650,"isCancelled":false}
{"reason":"Push on VFS changes","startTime":"2024-01-02T09:42:39.46658+01:00[Europe/Zagreb]","duration":438514,"isCancelled":false}
{"reason":"Push on VFS changes","startTime":"2024-01-04T01:46:19.62316+01:00[Europe/Zagreb]","duration":614489,"isCancelled":false}
{"reason":"Push on VFS changes","startTime":"2024-01-04T13:40:03.805675+01:00[Europe/Zagreb]","duration":141199,"isCancelled":false}
{"reason":"Push on VFS changes","startTime":"2024-01-04T18:25:16.14618+01:00[Europe/Zagreb]","duration":424204,"isCancelled":false}
{"reason":"Push on VFS changes","startTime":"2024-01-04T18:27:21.790602+01:00[Europe/Zagreb]","duration":20245882,"isCancelled":false}
{"reason":"Push on VFS changes","startTime":"2024-01-05T11:59:29.979645+01:00[Europe/Zagreb]","duration":3253150,"isCancelled":false}
{"reason":"Push on VFS changes","startTime":"2024-01-05T12:31:43.269865+01:00[Europe/Zagreb]","duration":1008840,"isCancelled":false}
{"reason":"Push on VFS changes","startTime":"2024-01-05T12:54:51.598225+01:00[Europe/Zagreb]","duration":598603,"isCancelled":false}
{"reason":"Push on VFS changes","startTime":"2024-01-05T12:59:32.137749+01:00[Europe/Zagreb]","duration":1021167,"isCancelled":false}
{"reason":"Push on VFS changes","startTime":"2024-01-05T13:04:28.972942+01:00[Europe/Zagreb]","duration":468094,"isCancelled":false}
{"reason":"Push on VFS changes","startTime":"2024-01-05T13:12:42.494904+01:00[Europe/Zagreb]","duration":515052,"isCancelled":false}
{"reason":"Push on VFS changes","startTime":"2024-01-05T18:47:45.99174+01:00[Europe/Zagreb]","duration":299536,"isCancelled":false}
{"reason":"Push on VFS changes","startTime":"2024-01-05T19:42:01.131056+01:00[Europe/Zagreb]","duration":1264704,"isCancelled":false}
{"reason":"Push on VFS changes","startTime":"2024-01-05T19:59:36.936107+01:00[Europe/Zagreb]","duration":1399216,"isCancelled":false}
{"reason":"Push on VFS changes","startTime":"2024-01-05T21:30:41.993554+01:00[Europe/Zagreb]","duration":255087,"isCancelled":false}
{"reason":"Push on VFS changes","startTime":"2024-01-06T12:46:54.956609+01:00[Europe/Zagreb]","duration":70136,"isCancelled":false}
{"reason":"Push on VFS changes","startTime":"2024-01-06T12:59:58.656343+01:00[Europe/Zagreb]","duration":2028450,"isCancelled":false}
{"reason":"Push on VFS changes","startTime":"2024-01-18T13:05:36.705698+01:00[Europe/Zagreb]","duration":405003,"isCancelled":false}
{"reason":"Push on VFS changes","startTime":"2024-01-18T14:32:01.721185+01:00[Europe/Zagreb]","duration":1413337,"isCancelled":false}
{"reason":"Push on VFS changes","startTime":"2024-01-19T12:30:59.576543+01:00[Europe/Zagreb]","duration":2679639,"isCancelled":false}
{"reason":"Push on VFS changes","startTime":"2024-01-20T18:01:40.766297+01:00[Europe/Zagreb]","duration":29061239,"isCancelled":false}
{"reason":"Push on VFS changes","startTime":"2024-01-20T18:05:33.919515+01:00[Europe/Zagreb]","duration":8351528,"isCancelled":false}
{"reason":"Push on VFS changes","startTime":"2024-01-20T18:06:02.465861+01:00[Europe/Zagreb]","duration":107950,"isCancelled":false}
{"reason":"Push on VFS changes","startTime":"2024-01-22T09:33:15.211874+01:00[Europe/Zagreb]","duration":825838,"isCancelled":false}
{"reason":"Push on VFS changes","startTime":"2024-01-22T10:32:44.278385+01:00[Europe/Zagreb]","duration":1394008,"isCancelled":false}
{"reason":"Push on VFS changes","startTime":"2024-01-22T10:58:26.628216+01:00[Europe/Zagreb]","duration":12089099,"isCancelled":false}
{"reason":"Push on VFS changes","startTime":"2024-01-22T11:33:06.696016+01:00[Europe/Zagreb]","duration":2709950,"isCancelled":false}
{"reason":"Push on VFS changes","startTime":"2024-01-22T11:33:11.053474+01:00[Europe/Zagreb]","duration":937489,"isCancelled":false}
{"reason":"Push on VFS changes","startTime":"2024-01-22T11:33:17.222916+01:00[Europe/Zagreb]","duration":809552,"isCancelled":false}
