{
  "appInfo" : {
    "build" : "233.11799.241",
    "buildDate" : "2023-12-02T05:05:00Z[UTC]",
    "productCode" : "IU",
    "generated" : "2023-12-14T12:00:49.032323Z",
    "os" : "macOS 13.6",
    "runtime" : "JetBrains s.r.o. 17.0.9 17.0.9+7-b1087.7"
  },
  "runtimeInfo" : {
    "maxMemory" : 1073741824,
    "numberOfProcessors" : 4,
    "maxNumberOfIndexingThreads" : 3,
    "maxSizeOfFileForIntelliSense" : 2560000,
    "maxSizeOfFileForContentLoading" : 20971520
  },
  "type" : "Scanning",
  "projectIndexingActivityHistory" : {
    "projectName" : "api-endpoint",
    "times" : {
      "scanningReason" : "Merged changes in: \"External roots from entity (empty; empty; composer.phar; empty)\" with changes in: \"External roots from entity (empty; empty; phpstorm-meta; empty)\" with changes in: \"Custom kind roots from entity (sass_functions.scss, sass_color.scss, sass_list.scss, ..., empty)\" with changes in: \"Custom kind roots from entity (sodium, cubrid, couchbase, ..., empty)\"",
      "scanningType" : "PARTIAL",
      "scanningId" : 7,
      "creatingIteratorsTime" : 4000,
      "concurrentHandlingWallTimeWithoutPauses" : 337403000,
      "concurrentHandlingWallTimeWithPauses" : 337403000,
      "concurrentHandlingSumOfThreadTimesWithPauses" : 406854239,
      "concurrentIterationAndScannersApplicationSumOfThreadTimesWithPauses" : 119954330,
      "concurrentFileCheckSumOfThreadTimesWithPauses" : 286393911,
      "delayedPushPropertiesStageTime" : 11000,
      "indexExtensionsTime" : 72194958,
      "dumbModeStart" : "2023-12-14T12:00:48.69119Z",
      "dumbWallTimeWithPauses" : 339973000,
      "dumbWallTimeWithoutPauses" : 338967000,
      "updatingStart" : "2023-12-14T12:00:48.69087Z",
      "updatingEnd" : "2023-12-14T12:00:49.031163Z",
      "totalWallTimeWithPauses" : 340293852,
      "wallTimeOnPause" : 1006000,
      "wasInterrupted" : false,
      "totalWallTimeWithoutPauses" : 339287852
    },
    "fileCount" : {
      "numberOfFileProviders" : 4,
      "numberOfScannedFiles" : 880,
      "numberOfFilesIndexedByInfrastructureExtensionsDuringScan" : 0,
      "numberOfFilesScheduledForIndexingAfterScan" : 556
    },
    "scanningStatistics" : [ {
      "providerName" : "External roots from entity (empty; empty; composer.phar; empty)",
      "numberOfScannedFiles" : 558,
      "numberOfSkippedFiles" : 0,
      "numberOfFilesForIndexing" : 556,
      "numberOfFilesFullyIndexedByInfrastructureExtensions" : 0,
      "filesFullyIndexedByInfrastructureExtensions" : [ ],
      "statusTime" : 197551779,
      "totalOneThreadTimeWithPauses" : 336227463,
      "iterationAndScannersApplicationTime" : 119579177,
      "filesCheckTime" : 216361098,
      "timeProcessingUpToDateFiles" : 0,
      "timeUpdatingContentLessIndexes" : 22428371,
      "timeIndexingWithoutContentViaInfrastructureExtension" : 72194958,
      "roots" : [ ]
    }, {
      "providerName" : "Custom kind roots from entity (sodium, cubrid, couchbase, ..., empty)",
      "numberOfScannedFiles" : 313,
      "numberOfSkippedFiles" : 0,
      "numberOfFilesForIndexing" : 0,
      "numberOfFilesFullyIndexedByInfrastructureExtensions" : 0,
      "filesFullyIndexedByInfrastructureExtensions" : [ ],
      "statusTime" : 57997937,
      "totalOneThreadTimeWithPauses" : 67344321,
      "iterationAndScannersApplicationTime" : 284425,
      "filesCheckTime" : 66946898,
      "timeProcessingUpToDateFiles" : 23227084,
      "timeUpdatingContentLessIndexes" : 0,
      "timeIndexingWithoutContentViaInfrastructureExtension" : 0,
      "roots" : [ ]
    }, {
      "providerName" : "External roots from entity (empty; empty; phpstorm-meta; empty)",
      "numberOfScannedFiles" : 1,
      "numberOfSkippedFiles" : 0,
      "numberOfFilesForIndexing" : 0,
      "numberOfFilesFullyIndexedByInfrastructureExtensions" : 0,
      "filesFullyIndexedByInfrastructureExtensions" : [ ],
      "statusTime" : 1226177,
      "totalOneThreadTimeWithPauses" : 2215864,
      "iterationAndScannersApplicationTime" : 51462,
      "filesCheckTime" : 2103778,
      "timeProcessingUpToDateFiles" : 94150,
      "timeUpdatingContentLessIndexes" : 0,
      "timeIndexingWithoutContentViaInfrastructureExtension" : 0,
      "roots" : [ ]
    }, {
      "providerName" : "Custom kind roots from entity (sass_functions.scss, sass_color.scss, sass_list.scss, ..., empty)",
      "numberOfScannedFiles" : 8,
      "numberOfSkippedFiles" : 0,
      "numberOfFilesForIndexing" : 0,
      "numberOfFilesFullyIndexedByInfrastructureExtensions" : 0,
      "filesFullyIndexedByInfrastructureExtensions" : [ ],
      "statusTime" : 805294,
      "totalOneThreadTimeWithPauses" : 1066591,
      "iterationAndScannersApplicationTime" : 39266,
      "filesCheckTime" : 982137,
      "timeProcessingUpToDateFiles" : 159911,
      "timeUpdatingContentLessIndexes" : 0,
      "timeIndexingWithoutContentViaInfrastructureExtension" : 0,
      "roots" : [ ]
    } ]
  }
}