{
  "appInfo" : {
    "build" : "233.11799.241",
    "buildDate" : "2023-12-02T05:05:00Z[UTC]",
    "productCode" : "IU",
    "generated" : "2023-12-15T15:05:13.564334Z",
    "os" : "macOS 13.6",
    "runtime" : "JetBrains s.r.o. 17.0.9 17.0.9+7-b1087.7"
  },
  "runtimeInfo" : {
    "maxMemory" : 1073741824,
    "numberOfProcessors" : 4,
    "maxNumberOfIndexingThreads" : 3,
    "maxSizeOfFileForIntelliSense" : 2560000,
    "maxSizeOfFileForContentLoading" : 20971520
  },
  "type" : "DumbIndexing",
  "projectIndexingActivityHistory" : {
    "projectName" : "api-endpoint",
    "times" : {
      "scanningIds" : [ 12 ],
      "contentLoadingVisibleTime" : 15139884,
      "retrievingChangedDuringIndexingFilesTime" : 20844,
      "separateApplyingIndexesVisibleTime" : 3233499,
      "updatingStart" : "2023-12-15T15:05:12.454441Z",
      "updatingEnd" : "2023-12-15T15:05:13.324957Z",
      "totalWallTimeWithPauses" : 870497300,
      "wallTimeOnPause" : 0,
      "wasInterrupted" : false,
      "dumbModeStart" : "2023-12-15T15:05:12.454441Z",
      "dumbWallTimeWithoutPauses" : 870497300,
      "dumbWallTimeWithPauses" : 870497300,
      "totalWallTimeWithoutPauses" : 870497300
    },
    "fileCount" : {
      "numberOfChangedDuringIndexingFiles" : 0,
      "numberOfFilesIndexedByInfrastructureExtensionsDuringIndexingStage" : 0,
      "numberOfFilesIndexedWithLoadingContent" : 26,
      "numberOfNothingToWriteFiles" : 21
    },
    "totalStatsPerFileType" : [ {
      "fileType" : "Groovy",
      "partOfTotalProcessingTime" : {
        "part" : 634733930,
        "total" : 636573937
      },
      "partOfTotalContentLoadingTime" : {
        "part" : 10893852,
        "total" : 11083194
      },
      "totalNumberOfFiles" : 25,
      "totalFilesSize" : 35363,
      "totalProcessingSpeed" : {
        "totalBytes" : 35363,
        "totalCpuTime" : 634733930
      },
      "biggestContributors" : [ {
        "providerName" : "Custom kind roots from entity (extensions, empty)",
        "numberOfFiles" : 25,
        "totalFilesSize" : 35363,
        "partOfTotalProcessingTimeOfThisFileType" : {
          "part" : 634733930,
          "total" : 634733930
        }
      } ]
    }, {
      "fileType" : "JavaScript",
      "partOfTotalProcessingTime" : {
        "part" : 1840007,
        "total" : 636573937
      },
      "partOfTotalContentLoadingTime" : {
        "part" : 189342,
        "total" : 11083194
      },
      "totalNumberOfFiles" : 1,
      "totalFilesSize" : 1716,
      "totalProcessingSpeed" : {
        "totalBytes" : 1716,
        "totalCpuTime" : 1840007
      },
      "biggestContributors" : [ {
        "providerName" : "Custom kind roots from entity (extensions, empty)",
        "numberOfFiles" : 1,
        "totalFilesSize" : 1716,
        "partOfTotalProcessingTimeOfThisFileType" : {
          "part" : 1840007,
          "total" : 1840007
        }
      } ]
    } ],
    "totalStatsPerBaseLanguage" : [ {
      "language" : "Groovy",
      "partOfTotalProcessingTime" : {
        "part" : 634733930,
        "total" : 636573937
      },
      "partOfTotalContentLoadingTime" : {
        "part" : 21977046,
        "total" : 11083194
      },
      "totalNumberOfFiles" : 25,
      "totalFilesSize" : 35363,
      "totalProcessingSpeed" : {
        "totalBytes" : 35363,
        "totalCpuTime" : 634733930
      }
    }, {
      "language" : "JavaScript",
      "partOfTotalProcessingTime" : {
        "part" : 1840007,
        "total" : 636573937
      },
      "partOfTotalContentLoadingTime" : {
        "part" : 11272536,
        "total" : 11083194
      },
      "totalNumberOfFiles" : 1,
      "totalFilesSize" : 1716,
      "totalProcessingSpeed" : {
        "totalBytes" : 1716,
        "totalCpuTime" : 1840007
      }
    } ],
    "totalStatsPerIndexer" : [ {
      "indexId" : "Stubs",
      "partOfTotalIndexingTime" : {
        "part" : 540529466,
        "total" : 552191910
      },
      "totalNumberOfFiles" : 5,
      "totalNumberOfFilesIndexedByExtensions" : 0,
      "totalFilesSize" : 10540,
      "indexValueChangerEvaluationSpeed" : {
        "totalBytes" : 10540,
        "totalCpuTime" : 540529466
      }
    }, {
      "indexId" : "IdIndex",
      "partOfTotalIndexingTime" : {
        "part" : 10572533,
        "total" : 552191910
      },
      "totalNumberOfFiles" : 5,
      "totalNumberOfFilesIndexedByExtensions" : 0,
      "totalFilesSize" : 10540,
      "indexValueChangerEvaluationSpeed" : {
        "totalBytes" : 10540,
        "totalCpuTime" : 10572533
      }
    }, {
      "indexId" : "Trigram.Index",
      "partOfTotalIndexingTime" : {
        "part" : 832437,
        "total" : 552191910
      },
      "totalNumberOfFiles" : 5,
      "totalNumberOfFilesIndexedByExtensions" : 0,
      "totalFilesSize" : 10540,
      "indexValueChangerEvaluationSpeed" : {
        "totalBytes" : 10540,
        "totalCpuTime" : 832437
      }
    }, {
      "indexId" : "groovy.cucumber.step",
      "partOfTotalIndexingTime" : {
        "part" : 257474,
        "total" : 552191910
      },
      "totalNumberOfFiles" : 5,
      "totalNumberOfFilesIndexedByExtensions" : 0,
      "totalFilesSize" : 10540,
      "indexValueChangerEvaluationSpeed" : {
        "totalBytes" : 10540,
        "totalCpuTime" : 257474
      }
    } ],
    "statisticsOfChangedDuringIndexingFiles" : {
      "numberOfFiles" : 0,
      "retrievingTime" : 20844
    },
    "fileProviderStatistics" : [ {
      "providerName" : "Custom kind roots from entity (extensions, empty)",
      "totalNumberOfIndexedFiles" : 26,
      "totalNumberOfFilesFullyIndexedByExtensions" : 0,
      "totalNumberOfNothingToWriteFiles" : 21,
      "totalIndexingVisibleTime" : 869573886,
      "contentLoadingVisibleTime" : 15139884,
      "numberOfTooLargeForIndexingFiles" : 0,
      "slowIndexedFiles" : [ ],
      "filesFullyIndexedByExtensions" : [ ],
      "separateApplyingIndexesVisibleTime" : 3233499
    }, {
      "providerName" : "Refreshed files",
      "totalNumberOfIndexedFiles" : 0,
      "totalNumberOfFilesFullyIndexedByExtensions" : 0,
      "totalNumberOfNothingToWriteFiles" : 0,
      "totalIndexingVisibleTime" : 0,
      "contentLoadingVisibleTime" : 0,
      "numberOfTooLargeForIndexingFiles" : 0,
      "slowIndexedFiles" : [ ],
      "filesFullyIndexedByExtensions" : [ ],
      "separateApplyingIndexesVisibleTime" : 0
    } ],
    "visibleTimeToAllThreadTimeRatio" : 0.0
  }
}