{
  "appInfo" : {
    "build" : "233.11799.241",
    "buildDate" : "2023-12-02T05:05:00Z[UTC]",
    "productCode" : "IU",
    "generated" : "2023-12-14T12:00:48.690031Z",
    "os" : "macOS 13.6",
    "runtime" : "JetBrains s.r.o. 17.0.9 17.0.9+7-b1087.7"
  },
  "runtimeInfo" : {
    "maxMemory" : 1073741824,
    "numberOfProcessors" : 4,
    "maxNumberOfIndexingThreads" : 3,
    "maxSizeOfFileForIntelliSense" : 2560000,
    "maxSizeOfFileForContentLoading" : 20971520
  },
  "type" : "Scanning",
  "projectIndexingActivityHistory" : {
    "projectName" : "api-endpoint",
    "times" : {
      "scanningReason" : "changes in: \"External roots from entity (empty; empty; tokenizer, polyfill-ctype, php-file-iterator, ...; empty)\"",
      "scanningType" : "PARTIAL",
      "scanningId" : 6,
      "creatingIteratorsTime" : 2000,
      "concurrentHandlingWallTimeWithoutPauses" : 1374335000,
      "concurrentHandlingWallTimeWithPauses" : 1374335000,
      "concurrentHandlingSumOfThreadTimesWithPauses" : 1374108428,
      "concurrentIterationAndScannersApplicationSumOfThreadTimesWithPauses" : 567222074,
      "concurrentFileCheckSumOfThreadTimesWithPauses" : 806712828,
      "delayedPushPropertiesStageTime" : 6000,
      "indexExtensionsTime" : 180005281,
      "dumbModeStart" : "2023-12-14T12:00:47.31391Z",
      "dumbWallTimeWithPauses" : 1375040000,
      "dumbWallTimeWithoutPauses" : 1375040000,
      "updatingStart" : "2023-12-14T12:00:47.313628Z",
      "updatingEnd" : "2023-12-14T12:00:48.68895Z",
      "totalWallTimeWithPauses" : 1375317847,
      "wallTimeOnPause" : 0,
      "wasInterrupted" : false,
      "totalWallTimeWithoutPauses" : 1375317847
    },
    "fileCount" : {
      "numberOfFileProviders" : 1,
      "numberOfScannedFiles" : 1610,
      "numberOfFilesIndexedByInfrastructureExtensionsDuringScan" : 0,
      "numberOfFilesScheduledForIndexingAfterScan" : 1599
    },
    "scanningStatistics" : [ {
      "providerName" : "External roots from entity (empty; empty; tokenizer, polyfill-ctype, php-file-iterator, ...; empty)",
      "numberOfScannedFiles" : 1610,
      "numberOfSkippedFiles" : 0,
      "numberOfFilesForIndexing" : 1599,
      "numberOfFilesFullyIndexedByInfrastructureExtensions" : 0,
      "filesFullyIndexedByInfrastructureExtensions" : [ ],
      "statusTime" : 764604193,
      "totalOneThreadTimeWithPauses" : 1374108428,
      "iterationAndScannersApplicationTime" : 567222074,
      "filesCheckTime" : 806712828,
      "timeProcessingUpToDateFiles" : 0,
      "timeUpdatingContentLessIndexes" : 110789040,
      "timeIndexingWithoutContentViaInfrastructureExtension" : 180005281,
      "roots" : [ ]
    } ]
  }
}