{
  "appInfo" : {
    "build" : "233.11799.241",
    "buildDate" : "2023-12-02T05:05:00Z[UTC]",
    "productCode" : "IU",
    "generated" : "2024-01-02T07:25:41.762623Z",
    "os" : "macOS 13.6",
    "runtime" : "JetBrains s.r.o. 17.0.9 17.0.9+7-b1087.7"
  },
  "runtimeInfo" : {
    "maxMemory" : 1572864000,
    "numberOfProcessors" : 4,
    "maxNumberOfIndexingThreads" : 3,
    "maxSizeOfFileForIntelliSense" : 2560000,
    "maxSizeOfFileForContentLoading" : 20971520
  },
  "type" : "DumbIndexing",
  "projectIndexingActivityHistory" : {
    "projectName" : "api-endpoint",
    "times" : {
      "scanningIds" : [ ],
      "contentLoadingVisibleTime" : 839931453,
      "retrievingChangedDuringIndexingFilesTime" : 499349,
      "separateApplyingIndexesVisibleTime" : 991767894,
      "updatingStart" : "2024-01-02T07:25:35.94761Z",
      "updatingEnd" : "2024-01-02T07:25:41.123752Z",
      "totalWallTimeWithPauses" : 5176063568,
      "wallTimeOnPause" : 0,
      "wasInterrupted" : false,
      "dumbWallTimeWithPauses" : 5176063568,
      "dumbWallTimeWithoutPauses" : 5176063568,
      "dumbModeStart" : "2024-01-02T07:25:35.94761Z",
      "totalWallTimeWithoutPauses" : 5176063568
    },
    "fileCount" : {
      "numberOfChangedDuringIndexingFiles" : 2169,
      "numberOfFilesIndexedByInfrastructureExtensionsDuringIndexingStage" : 0,
      "numberOfFilesIndexedWithLoadingContent" : 2169,
      "numberOfNothingToWriteFiles" : 0
    },
    "totalStatsPerFileType" : [ {
      "fileType" : "UNKNOWN",
      "partOfTotalProcessingTime" : {
        "part" : 759037623,
        "total" : 759037623
      },
      "partOfTotalContentLoadingTime" : {
        "part" : 123252601,
        "total" : 123252601
      },
      "totalNumberOfFiles" : 2169,
      "totalFilesSize" : 0,
      "totalProcessingSpeed" : {
        "totalBytes" : 0,
        "totalCpuTime" : 759037623
      },
      "biggestContributors" : [ {
        "providerName" : "Refreshed files",
        "numberOfFiles" : 2169,
        "totalFilesSize" : 0,
        "partOfTotalProcessingTimeOfThisFileType" : {
          "part" : 759037623,
          "total" : 759037623
        }
      } ]
    } ],
    "totalStatsPerBaseLanguage" : [ ],
    "totalStatsPerIndexer" : [ ],
    "statisticsOfChangedDuringIndexingFiles" : {
      "numberOfFiles" : 2169,
      "retrievingTime" : 499349
    },
    "fileProviderStatistics" : [ {
      "providerName" : "Refreshed files",
      "totalNumberOfIndexedFiles" : 2169,
      "totalNumberOfFilesFullyIndexedByExtensions" : 0,
      "totalNumberOfNothingToWriteFiles" : 0,
      "totalIndexingVisibleTime" : 5172625717,
      "contentLoadingVisibleTime" : 839931453,
      "numberOfTooLargeForIndexingFiles" : 0,
      "slowIndexedFiles" : [ ],
      "filesFullyIndexedByExtensions" : [ ],
      "separateApplyingIndexesVisibleTime" : 991767894
    } ],
    "visibleTimeToAllThreadTimeRatio" : 6.814715845778306
  }
}