{
  "appInfo" : {
    "build" : "233.11799.241",
    "buildDate" : "2023-12-02T05:05:00Z[UTC]",
    "productCode" : "IU",
    "generated" : "2024-01-05T17:47:47.878704Z",
    "os" : "macOS 13.6",
    "runtime" : "JetBrains s.r.o. 17.0.9 17.0.9+7-b1087.7"
  },
  "runtimeInfo" : {
    "maxMemory" : 3170893824,
    "numberOfProcessors" : 4,
    "maxNumberOfIndexingThreads" : 3,
    "maxSizeOfFileForIntelliSense" : 2560000,
    "maxSizeOfFileForContentLoading" : 20971520
  },
  "type" : "DumbIndexing",
  "projectIndexingActivityHistory" : {
    "projectName" : "api-endpoint",
    "times" : {
      "scanningIds" : [ ],
      "contentLoadingVisibleTime" : 1642507,
      "retrievingChangedDuringIndexingFilesTime" : 2796583,
      "separateApplyingIndexesVisibleTime" : 724587,
      "updatingStart" : "2024-01-05T17:47:46.763769Z",
      "updatingEnd" : "2024-01-05T17:47:46.786762Z",
      "totalWallTimeWithPauses" : 22991439,
      "wallTimeOnPause" : 0,
      "wasInterrupted" : false,
      "dumbWallTimeWithPauses" : 22991439,
      "dumbWallTimeWithoutPauses" : 22991439,
      "dumbModeStart" : "2024-01-05T17:47:46.763769Z",
      "totalWallTimeWithoutPauses" : 22991439
    },
    "fileCount" : {
      "numberOfChangedDuringIndexingFiles" : 21,
      "numberOfFilesIndexedByInfrastructureExtensionsDuringIndexingStage" : 0,
      "numberOfFilesIndexedWithLoadingContent" : 21,
      "numberOfNothingToWriteFiles" : 0
    },
    "totalStatsPerFileType" : [ {
      "fileType" : "UNKNOWN",
      "partOfTotalProcessingTime" : {
        "part" : 2811185,
        "total" : 2811185
      },
      "partOfTotalContentLoadingTime" : {
        "part" : 452450,
        "total" : 452450
      },
      "totalNumberOfFiles" : 21,
      "totalFilesSize" : 0,
      "totalProcessingSpeed" : {
        "totalBytes" : 0,
        "totalCpuTime" : 2811185
      },
      "biggestContributors" : [ {
        "providerName" : "Refreshed files",
        "numberOfFiles" : 21,
        "totalFilesSize" : 0,
        "partOfTotalProcessingTimeOfThisFileType" : {
          "part" : 2811185,
          "total" : 2811185
        }
      } ]
    } ],
    "totalStatsPerBaseLanguage" : [ ],
    "totalStatsPerIndexer" : [ ],
    "statisticsOfChangedDuringIndexingFiles" : {
      "numberOfFiles" : 21,
      "retrievingTime" : 2796583
    },
    "fileProviderStatistics" : [ {
      "providerName" : "Refreshed files",
      "totalNumberOfIndexedFiles" : 21,
      "totalNumberOfFilesFullyIndexedByExtensions" : 0,
      "totalNumberOfNothingToWriteFiles" : 0,
      "totalIndexingVisibleTime" : 10205307,
      "contentLoadingVisibleTime" : 1642507,
      "numberOfTooLargeForIndexingFiles" : 0,
      "slowIndexedFiles" : [ ],
      "filesFullyIndexedByExtensions" : [ ],
      "separateApplyingIndexesVisibleTime" : 724587
    } ],
    "visibleTimeToAllThreadTimeRatio" : 3.6302509439969266
  }
}