{
  "appInfo" : {
    "build" : "233.11799.241",
    "buildDate" : "2023-12-02T05:05:00Z[UTC]",
    "productCode" : "IU",
    "generated" : "2023-12-18T14:53:47.928855Z",
    "os" : "macOS 13.6",
    "runtime" : "JetBrains s.r.o. 17.0.9 17.0.9+7-b1087.7"
  },
  "runtimeInfo" : {
    "maxMemory" : 1572864000,
    "numberOfProcessors" : 4,
    "maxNumberOfIndexingThreads" : 3,
    "maxSizeOfFileForIntelliSense" : 2560000,
    "maxSizeOfFileForContentLoading" : 20971520
  },
  "type" : "DumbIndexing",
  "projectIndexingActivityHistory" : {
    "projectName" : "api-endpoint",
    "times" : {
      "scanningIds" : [ ],
      "contentLoadingVisibleTime" : 256701044,
      "retrievingChangedDuringIndexingFilesTime" : 6047017,
      "separateApplyingIndexesVisibleTime" : 1850879810,
      "updatingStart" : "2023-12-18T14:53:45.144213Z",
      "updatingEnd" : "2023-12-18T14:53:47.922419Z",
      "totalWallTimeWithPauses" : 2778234477,
      "wallTimeOnPause" : 0,
      "wasInterrupted" : false,
      "dumbModeStart" : "2023-12-18T14:53:45.144213Z",
      "dumbWallTimeWithoutPauses" : 2778234477,
      "dumbWallTimeWithPauses" : 2778234477,
      "totalWallTimeWithoutPauses" : 2778234477
    },
    "fileCount" : {
      "numberOfChangedDuringIndexingFiles" : 4,
      "numberOfFilesIndexedByInfrastructureExtensionsDuringIndexingStage" : 0,
      "numberOfFilesIndexedWithLoadingContent" : 4,
      "numberOfNothingToWriteFiles" : 0
    },
    "totalStatsPerFileType" : [ {
      "fileType" : "JSON",
      "partOfTotalProcessingTime" : {
        "part" : 2398396,
        "total" : 3238800
      },
      "partOfTotalContentLoadingTime" : {
        "part" : 50125,
        "total" : 300089
      },
      "totalNumberOfFiles" : 1,
      "totalFilesSize" : 0,
      "totalProcessingSpeed" : {
        "totalBytes" : 0,
        "totalCpuTime" : 2398396
      },
      "biggestContributors" : [ {
        "providerName" : "Refreshed files",
        "numberOfFiles" : 1,
        "totalFilesSize" : 0,
        "partOfTotalProcessingTimeOfThisFileType" : {
          "part" : 2398396,
          "total" : 2398396
        }
      } ]
    }, {
      "fileType" : "UNKNOWN",
      "partOfTotalProcessingTime" : {
        "part" : 840404,
        "total" : 3238800
      },
      "partOfTotalContentLoadingTime" : {
        "part" : 249964,
        "total" : 300089
      },
      "totalNumberOfFiles" : 3,
      "totalFilesSize" : 0,
      "totalProcessingSpeed" : {
        "totalBytes" : 0,
        "totalCpuTime" : 840404
      },
      "biggestContributors" : [ {
        "providerName" : "Refreshed files",
        "numberOfFiles" : 3,
        "totalFilesSize" : 0,
        "partOfTotalProcessingTimeOfThisFileType" : {
          "part" : 840404,
          "total" : 840404
        }
      } ]
    } ],
    "totalStatsPerBaseLanguage" : [ {
      "language" : "JSON",
      "partOfTotalProcessingTime" : {
        "part" : 2398396,
        "total" : 3238800
      },
      "partOfTotalContentLoadingTime" : {
        "part" : 350214,
        "total" : 300089
      },
      "totalNumberOfFiles" : 1,
      "totalFilesSize" : 0,
      "totalProcessingSpeed" : {
        "totalBytes" : 0,
        "totalCpuTime" : 2398396
      }
    } ],
    "totalStatsPerIndexer" : [ ],
    "statisticsOfChangedDuringIndexingFiles" : {
      "numberOfFiles" : 4,
      "retrievingTime" : 6047017
    },
    "fileProviderStatistics" : [ {
      "providerName" : "Refreshed files",
      "totalNumberOfIndexedFiles" : 4,
      "totalNumberOfFilesFullyIndexedByExtensions" : 0,
      "totalNumberOfNothingToWriteFiles" : 0,
      "totalIndexingVisibleTime" : 2770522559,
      "contentLoadingVisibleTime" : 256701044,
      "numberOfTooLargeForIndexingFiles" : 0,
      "slowIndexedFiles" : [ ],
      "filesFullyIndexedByExtensions" : [ ],
      "separateApplyingIndexesVisibleTime" : 1850879810
    } ],
    "visibleTimeToAllThreadTimeRatio" : 855.4163761269606
  }
}