{
  "appInfo" : {
    "build" : "233.11799.241",
    "buildDate" : "2023-12-02T05:05:00Z[UTC]",
    "productCode" : "IU",
    "generated" : "2023-12-14T12:01:07.119641Z",
    "os" : "macOS 13.6",
    "runtime" : "JetBrains s.r.o. 17.0.9 17.0.9+7-b1087.7"
  },
  "runtimeInfo" : {
    "maxMemory" : 1073741824,
    "numberOfProcessors" : 4,
    "maxNumberOfIndexingThreads" : 3,
    "maxSizeOfFileForIntelliSense" : 2560000,
    "maxSizeOfFileForContentLoading" : 20971520
  },
  "type" : "DumbIndexing",
  "projectIndexingActivityHistory" : {
    "projectName" : "api-endpoint",
    "times" : {
      "scanningIds" : [ 6, 7 ],
      "contentLoadingVisibleTime" : 548004399,
      "retrievingChangedDuringIndexingFilesTime" : 62746,
      "separateApplyingIndexesVisibleTime" : 1644699170,
      "updatingStart" : "2023-12-14T12:00:49.03587Z",
      "updatingEnd" : "2023-12-14T12:01:07.119207Z",
      "totalWallTimeWithPauses" : 18083296174,
      "wallTimeOnPause" : 0,
      "wasInterrupted" : false,
      "dumbModeStart" : "2023-12-14T12:00:49.03587Z",
      "dumbWallTimeWithoutPauses" : 18083296174,
      "dumbWallTimeWithPauses" : 18083296174,
      "totalWallTimeWithoutPauses" : 18083296174
    },
    "fileCount" : {
      "numberOfChangedDuringIndexingFiles" : 1,
      "numberOfFilesIndexedByInfrastructureExtensionsDuringIndexingStage" : 0,
      "numberOfFilesIndexedWithLoadingContent" : 2156,
      "numberOfNothingToWriteFiles" : 1
    },
    "totalStatsPerFileType" : [ {
      "fileType" : "PHP",
      "partOfTotalProcessingTime" : {
        "part" : 45702142148,
        "total" : 53791027839
      },
      "partOfTotalContentLoadingTime" : {
        "part" : 1247386981,
        "total" : 1628153701
      },
      "totalNumberOfFiles" : 1591,
      "totalFilesSize" : 4818530,
      "totalProcessingSpeed" : {
        "totalBytes" : 4818530,
        "totalCpuTime" : 45702142148
      },
      "biggestContributors" : [ {
        "providerName" : "External roots from entity (empty; empty; tokenizer, polyfill-ctype, php-file-iterator, ...; empty)",
        "numberOfFiles" : 1061,
        "totalFilesSize" : 2825782,
        "partOfTotalProcessingTimeOfThisFileType" : {
          "part" : 27881120036,
          "total" : 45702142148
        }
      }, {
        "providerName" : "External roots from entity (empty; empty; composer.phar; empty)",
        "numberOfFiles" : 530,
        "totalFilesSize" : 1992748,
        "partOfTotalProcessingTimeOfThisFileType" : {
          "part" : 17821022112,
          "total" : 45702142148
        }
      } ]
    }, {
      "fileType" : "JavaScript",
      "partOfTotalProcessingTime" : {
        "part" : 3536418672,
        "total" : 53791027839
      },
      "partOfTotalContentLoadingTime" : {
        "part" : 10462539,
        "total" : 1628153701
      },
      "totalNumberOfFiles" : 8,
      "totalFilesSize" : 537522,
      "totalProcessingSpeed" : {
        "totalBytes" : 537522,
        "totalCpuTime" : 3536418672
      },
      "biggestContributors" : [ {
        "providerName" : "External roots from entity (empty; empty; tokenizer, polyfill-ctype, php-file-iterator, ...; empty)",
        "numberOfFiles" : 8,
        "totalFilesSize" : 537522,
        "partOfTotalProcessingTimeOfThisFileType" : {
          "part" : 3536418672,
          "total" : 3536418672
        }
      } ]
    }, {
      "fileType" : "PLAIN_TEXT",
      "partOfTotalProcessingTime" : {
        "part" : 901596887,
        "total" : 53791027839
      },
      "partOfTotalContentLoadingTime" : {
        "part" : 206722174,
        "total" : 1628153701
      },
      "totalNumberOfFiles" : 299,
      "totalFilesSize" : 588068,
      "totalProcessingSpeed" : {
        "totalBytes" : 588068,
        "totalCpuTime" : 901596887
      },
      "biggestContributors" : [ {
        "providerName" : "External roots from entity (empty; empty; tokenizer, polyfill-ctype, php-file-iterator, ...; empty)",
        "numberOfFiles" : 277,
        "totalFilesSize" : 343046,
        "partOfTotalProcessingTimeOfThisFileType" : {
          "part" : 571491089,
          "total" : 901596887
        }
      }, {
        "providerName" : "External roots from entity (empty; empty; composer.phar; empty)",
        "numberOfFiles" : 22,
        "totalFilesSize" : 245022,
        "partOfTotalProcessingTimeOfThisFileType" : {
          "part" : 330105798,
          "total" : 901596887
        }
      } ]
    }, {
      "fileType" : "CSS",
      "partOfTotalProcessingTime" : {
        "part" : 874138100,
        "total" : 53791027839
      },
      "partOfTotalContentLoadingTime" : {
        "part" : 2347323,
        "total" : 1628153701
      },
      "totalNumberOfFiles" : 3,
      "totalFilesSize" : 132595,
      "totalProcessingSpeed" : {
        "totalBytes" : 132595,
        "totalCpuTime" : 874138100
      },
      "biggestContributors" : [ {
        "providerName" : "External roots from entity (empty; empty; tokenizer, polyfill-ctype, php-file-iterator, ...; empty)",
        "numberOfFiles" : 3,
        "totalFilesSize" : 132595,
        "partOfTotalProcessingTimeOfThisFileType" : {
          "part" : 874138100,
          "total" : 874138100
        }
      } ]
    }, {
      "fileType" : "HTML",
      "partOfTotalProcessingTime" : {
        "part" : 754726284,
        "total" : 53791027839
      },
      "partOfTotalContentLoadingTime" : {
        "part" : 15176135,
        "total" : 1628153701
      },
      "totalNumberOfFiles" : 9,
      "totalFilesSize" : 86700,
      "totalProcessingSpeed" : {
        "totalBytes" : 86700,
        "totalCpuTime" : 754726284
      },
      "biggestContributors" : [ {
        "providerName" : "External roots from entity (empty; empty; tokenizer, polyfill-ctype, php-file-iterator, ...; empty)",
        "numberOfFiles" : 9,
        "totalFilesSize" : 86700,
        "partOfTotalProcessingTimeOfThisFileType" : {
          "part" : 754726284,
          "total" : 754726284
        }
      } ]
    }, {
      "fileType" : "Markdown",
      "partOfTotalProcessingTime" : {
        "part" : 611062596,
        "total" : 53791027839
      },
      "partOfTotalContentLoadingTime" : {
        "part" : 34913773,
        "total" : 1628153701
      },
      "totalNumberOfFiles" : 60,
      "totalFilesSize" : 131992,
      "totalProcessingSpeed" : {
        "totalBytes" : 131992,
        "totalCpuTime" : 611062596
      },
      "biggestContributors" : [ {
        "providerName" : "External roots from entity (empty; empty; tokenizer, polyfill-ctype, php-file-iterator, ...; empty)",
        "numberOfFiles" : 60,
        "totalFilesSize" : 131992,
        "partOfTotalProcessingTimeOfThisFileType" : {
          "part" : 611062596,
          "total" : 611062596
        }
      } ]
    }, {
      "fileType" : "EditorConfig",
      "partOfTotalProcessingTime" : {
        "part" : 540795221,
        "total" : 53791027839
      },
      "partOfTotalContentLoadingTime" : {
        "part" : 1674467,
        "total" : 1628153701
      },
      "totalNumberOfFiles" : 2,
      "totalFilesSize" : 273,
      "totalProcessingSpeed" : {
        "totalBytes" : 273,
        "totalCpuTime" : 540795221
      },
      "biggestContributors" : [ {
        "providerName" : "External roots from entity (empty; empty; tokenizer, polyfill-ctype, php-file-iterator, ...; empty)",
        "numberOfFiles" : 2,
        "totalFilesSize" : 273,
        "partOfTotalProcessingTimeOfThisFileType" : {
          "part" : 540795221,
          "total" : 540795221
        }
      } ]
    }, {
      "fileType" : "XML",
      "partOfTotalProcessingTime" : {
        "part" : 462856884,
        "total" : 53791027839
      },
      "partOfTotalContentLoadingTime" : {
        "part" : 55902463,
        "total" : 1628153701
      },
      "totalNumberOfFiles" : 90,
      "totalFilesSize" : 146507,
      "totalProcessingSpeed" : {
        "totalBytes" : 146507,
        "totalCpuTime" : 462856884
      },
      "biggestContributors" : [ {
        "providerName" : "External roots from entity (empty; empty; tokenizer, polyfill-ctype, php-file-iterator, ...; empty)",
        "numberOfFiles" : 90,
        "totalFilesSize" : 146507,
        "partOfTotalProcessingTimeOfThisFileType" : {
          "part" : 462856884,
          "total" : 462856884
        }
      } ]
    }, {
      "fileType" : "JSON",
      "partOfTotalProcessingTime" : {
        "part" : 218982106,
        "total" : 53791027839
      },
      "partOfTotalContentLoadingTime" : {
        "part" : 24271403,
        "total" : 1628153701
      },
      "totalNumberOfFiles" : 36,
      "totalFilesSize" : 198444,
      "totalProcessingSpeed" : {
        "totalBytes" : 198444,
        "totalCpuTime" : 218982106
      },
      "biggestContributors" : [ {
        "providerName" : "External roots from entity (empty; empty; tokenizer, polyfill-ctype, php-file-iterator, ...; empty)",
        "numberOfFiles" : 32,
        "totalFilesSize" : 94431,
        "partOfTotalProcessingTimeOfThisFileType" : {
          "part" : 133849789,
          "total" : 218982106
        }
      }, {
        "providerName" : "External roots from entity (empty; empty; composer.phar; empty)",
        "numberOfFiles" : 4,
        "totalFilesSize" : 104013,
        "partOfTotalProcessingTimeOfThisFileType" : {
          "part" : 85132317,
          "total" : 218982106
        }
      } ]
    }, {
      "fileType" : "YAML",
      "partOfTotalProcessingTime" : {
        "part" : 95380468,
        "total" : 53791027839
      },
      "partOfTotalContentLoadingTime" : {
        "part" : 14713473,
        "total" : 1628153701
      },
      "totalNumberOfFiles" : 24,
      "totalFilesSize" : 17491,
      "totalProcessingSpeed" : {
        "totalBytes" : 17491,
        "totalCpuTime" : 95380468
      },
      "biggestContributors" : [ {
        "providerName" : "External roots from entity (empty; empty; tokenizer, polyfill-ctype, php-file-iterator, ...; empty)",
        "numberOfFiles" : 24,
        "totalFilesSize" : 17491,
        "partOfTotalProcessingTimeOfThisFileType" : {
          "part" : 95380468,
          "total" : 95380468
        }
      } ]
    }, {
      "fileType" : "SVG",
      "partOfTotalProcessingTime" : {
        "part" : 58076705,
        "total" : 53791027839
      },
      "partOfTotalContentLoadingTime" : {
        "part" : 2068115,
        "total" : 1628153701
      },
      "totalNumberOfFiles" : 1,
      "totalFilesSize" : 108738,
      "totalProcessingSpeed" : {
        "totalBytes" : 108738,
        "totalCpuTime" : 58076705
      },
      "biggestContributors" : [ {
        "providerName" : "External roots from entity (empty; empty; tokenizer, polyfill-ctype, php-file-iterator, ...; empty)",
        "numberOfFiles" : 1,
        "totalFilesSize" : 108738,
        "partOfTotalProcessingTimeOfThisFileType" : {
          "part" : 58076705,
          "total" : 58076705
        }
      } ]
    }, {
      "fileType" : "GitIgnore file",
      "partOfTotalProcessingTime" : {
        "part" : 21301057,
        "total" : 53791027839
      },
      "partOfTotalContentLoadingTime" : {
        "part" : 7285947,
        "total" : 1628153701
      },
      "totalNumberOfFiles" : 23,
      "totalFilesSize" : 1642,
      "totalProcessingSpeed" : {
        "totalBytes" : 1642,
        "totalCpuTime" : 21301057
      },
      "biggestContributors" : [ {
        "providerName" : "External roots from entity (empty; empty; tokenizer, polyfill-ctype, php-file-iterator, ...; empty)",
        "numberOfFiles" : 22,
        "totalFilesSize" : 1466,
        "partOfTotalProcessingTimeOfThisFileType" : {
          "part" : 19880053,
          "total" : 21301057
        }
      }, {
        "providerName" : "Refreshed files",
        "numberOfFiles" : 1,
        "totalFilesSize" : 176,
        "partOfTotalProcessingTimeOfThisFileType" : {
          "part" : 1421004,
          "total" : 21301057
        }
      } ]
    }, {
      "fileType" : "textmate",
      "partOfTotalProcessingTime" : {
        "part" : 11071940,
        "total" : 53791027839
      },
      "partOfTotalContentLoadingTime" : {
        "part" : 4883744,
        "total" : 1628153701
      },
      "totalNumberOfFiles" : 9,
      "totalFilesSize" : 279,
      "totalProcessingSpeed" : {
        "totalBytes" : 279,
        "totalCpuTime" : 11071940
      },
      "biggestContributors" : [ {
        "providerName" : "External roots from entity (empty; empty; tokenizer, polyfill-ctype, php-file-iterator, ...; empty)",
        "numberOfFiles" : 9,
        "totalFilesSize" : 279,
        "partOfTotalProcessingTimeOfThisFileType" : {
          "part" : 11071940,
          "total" : 11071940
        }
      } ]
    }, {
      "fileType" : "Shell Script",
      "partOfTotalProcessingTime" : {
        "part" : 2478771,
        "total" : 53791027839
      },
      "partOfTotalContentLoadingTime" : {
        "part" : 345164,
        "total" : 1628153701
      },
      "totalNumberOfFiles" : 1,
      "totalFilesSize" : 546,
      "totalProcessingSpeed" : {
        "totalBytes" : 546,
        "totalCpuTime" : 2478771
      },
      "biggestContributors" : [ {
        "providerName" : "External roots from entity (empty; empty; tokenizer, polyfill-ctype, php-file-iterator, ...; empty)",
        "numberOfFiles" : 1,
        "totalFilesSize" : 546,
        "partOfTotalProcessingTimeOfThisFileType" : {
          "part" : 2478771,
          "total" : 2478771
        }
      } ]
    } ],
    "totalStatsPerBaseLanguage" : [ {
      "language" : "PHP",
      "partOfTotalProcessingTime" : {
        "part" : 45702142148,
        "total" : 53791027839
      },
      "partOfTotalContentLoadingTime" : {
        "part" : 2875540682,
        "total" : 1628153701
      },
      "totalNumberOfFiles" : 1591,
      "totalFilesSize" : 4818530,
      "totalProcessingSpeed" : {
        "totalBytes" : 4818530,
        "totalCpuTime" : 45702142148
      }
    }, {
      "language" : "JavaScript",
      "partOfTotalProcessingTime" : {
        "part" : 3536418672,
        "total" : 53791027839
      },
      "partOfTotalContentLoadingTime" : {
        "part" : 1638616240,
        "total" : 1628153701
      },
      "totalNumberOfFiles" : 8,
      "totalFilesSize" : 537522,
      "totalProcessingSpeed" : {
        "totalBytes" : 537522,
        "totalCpuTime" : 3536418672
      }
    }, {
      "language" : "XML",
      "partOfTotalProcessingTime" : {
        "part" : 1275659873,
        "total" : 53791027839
      },
      "partOfTotalContentLoadingTime" : {
        "part" : 1684056164,
        "total" : 1628153701
      },
      "totalNumberOfFiles" : 100,
      "totalFilesSize" : 341945,
      "totalProcessingSpeed" : {
        "totalBytes" : 341945,
        "totalCpuTime" : 1275659873
      }
    }, {
      "language" : "TEXT",
      "partOfTotalProcessingTime" : {
        "part" : 901596887,
        "total" : 53791027839
      },
      "partOfTotalContentLoadingTime" : {
        "part" : 1834875875,
        "total" : 1628153701
      },
      "totalNumberOfFiles" : 299,
      "totalFilesSize" : 588068,
      "totalProcessingSpeed" : {
        "totalBytes" : 588068,
        "totalCpuTime" : 901596887
      }
    }, {
      "language" : "CSS",
      "partOfTotalProcessingTime" : {
        "part" : 874138100,
        "total" : 53791027839
      },
      "partOfTotalContentLoadingTime" : {
        "part" : 1630501024,
        "total" : 1628153701
      },
      "totalNumberOfFiles" : 3,
      "totalFilesSize" : 132595,
      "totalProcessingSpeed" : {
        "totalBytes" : 132595,
        "totalCpuTime" : 874138100
      }
    }, {
      "language" : "HTML",
      "partOfTotalProcessingTime" : {
        "part" : 754726284,
        "total" : 53791027839
      },
      "partOfTotalContentLoadingTime" : {
        "part" : 1643329836,
        "total" : 1628153701
      },
      "totalNumberOfFiles" : 9,
      "totalFilesSize" : 86700,
      "totalProcessingSpeed" : {
        "totalBytes" : 86700,
        "totalCpuTime" : 754726284
      }
    }, {
      "language" : "Markdown",
      "partOfTotalProcessingTime" : {
        "part" : 611062596,
        "total" : 53791027839
      },
      "partOfTotalContentLoadingTime" : {
        "part" : 1663067474,
        "total" : 1628153701
      },
      "totalNumberOfFiles" : 60,
      "totalFilesSize" : 131992,
      "totalProcessingSpeed" : {
        "totalBytes" : 131992,
        "totalCpuTime" : 611062596
      }
    }, {
      "language" : "EditorConfig",
      "partOfTotalProcessingTime" : {
        "part" : 540795221,
        "total" : 53791027839
      },
      "partOfTotalContentLoadingTime" : {
        "part" : 1629828168,
        "total" : 1628153701
      },
      "totalNumberOfFiles" : 2,
      "totalFilesSize" : 273,
      "totalProcessingSpeed" : {
        "totalBytes" : 273,
        "totalCpuTime" : 540795221
      }
    }, {
      "language" : "JSON",
      "partOfTotalProcessingTime" : {
        "part" : 218982106,
        "total" : 53791027839
      },
      "partOfTotalContentLoadingTime" : {
        "part" : 1652425104,
        "total" : 1628153701
      },
      "totalNumberOfFiles" : 36,
      "totalFilesSize" : 198444,
      "totalProcessingSpeed" : {
        "totalBytes" : 198444,
        "totalCpuTime" : 218982106
      }
    }, {
      "language" : "yaml",
      "partOfTotalProcessingTime" : {
        "part" : 95380468,
        "total" : 53791027839
      },
      "partOfTotalContentLoadingTime" : {
        "part" : 1642867174,
        "total" : 1628153701
      },
      "totalNumberOfFiles" : 24,
      "totalFilesSize" : 17491,
      "totalProcessingSpeed" : {
        "totalBytes" : 17491,
        "totalCpuTime" : 95380468
      }
    }, {
      "language" : "SVG",
      "partOfTotalProcessingTime" : {
        "part" : 58076705,
        "total" : 53791027839
      },
      "partOfTotalContentLoadingTime" : {
        "part" : 1630221816,
        "total" : 1628153701
      },
      "totalNumberOfFiles" : 1,
      "totalFilesSize" : 108738,
      "totalProcessingSpeed" : {
        "totalBytes" : 108738,
        "totalCpuTime" : 58076705
      }
    }, {
      "language" : "GitIgnore",
      "partOfTotalProcessingTime" : {
        "part" : 21301057,
        "total" : 53791027839
      },
      "partOfTotalContentLoadingTime" : {
        "part" : 1635439648,
        "total" : 1628153701
      },
      "totalNumberOfFiles" : 23,
      "totalFilesSize" : 1642,
      "totalProcessingSpeed" : {
        "totalBytes" : 1642,
        "totalCpuTime" : 21301057
      }
    }, {
      "language" : "IgnoreLang",
      "partOfTotalProcessingTime" : {
        "part" : 21301057,
        "total" : 53791027839
      },
      "partOfTotalContentLoadingTime" : {
        "part" : 1635439648,
        "total" : 1628153701
      },
      "totalNumberOfFiles" : 23,
      "totalFilesSize" : 1642,
      "totalProcessingSpeed" : {
        "totalBytes" : 1642,
        "totalCpuTime" : 21301057
      }
    }, {
      "language" : "textmate",
      "partOfTotalProcessingTime" : {
        "part" : 11071940,
        "total" : 53791027839
      },
      "partOfTotalContentLoadingTime" : {
        "part" : 1633037445,
        "total" : 1628153701
      },
      "totalNumberOfFiles" : 9,
      "totalFilesSize" : 279,
      "totalProcessingSpeed" : {
        "totalBytes" : 279,
        "totalCpuTime" : 11071940
      }
    }, {
      "language" : "Shell Script",
      "partOfTotalProcessingTime" : {
        "part" : 2478771,
        "total" : 53791027839
      },
      "partOfTotalContentLoadingTime" : {
        "part" : 1628498865,
        "total" : 1628153701
      },
      "totalNumberOfFiles" : 1,
      "totalFilesSize" : 546,
      "totalProcessingSpeed" : {
        "totalBytes" : 546,
        "totalCpuTime" : 2478771
      }
    } ],
    "totalStatsPerIndexer" : [ {
      "indexId" : "Stubs",
      "partOfTotalIndexingTime" : {
        "part" : 20490316467,
        "total" : 43472734750
      },
      "totalNumberOfFiles" : 1761,
      "totalNumberOfFilesIndexedByExtensions" : 0,
      "totalFilesSize" : 5853846,
      "indexValueChangerEvaluationSpeed" : {
        "totalBytes" : 5853846,
        "totalCpuTime" : 20490316467
      }
    }, {
      "indexId" : "php.invoke.calls.offsets",
      "partOfTotalIndexingTime" : {
        "part" : 7086055854,
        "total" : 43472734750
      },
      "totalNumberOfFiles" : 1591,
      "totalNumberOfFilesIndexedByExtensions" : 0,
      "totalFilesSize" : 4818530,
      "indexValueChangerEvaluationSpeed" : {
        "totalBytes" : 4818530,
        "totalCpuTime" : 7086055854
      }
    }, {
      "indexId" : "php.class.attributes.name",
      "partOfTotalIndexingTime" : {
        "part" : 2286322145,
        "total" : 43472734750
      },
      "totalNumberOfFiles" : 1591,
      "totalNumberOfFilesIndexedByExtensions" : 0,
      "totalFilesSize" : 4818530,
      "indexValueChangerEvaluationSpeed" : {
        "totalBytes" : 4818530,
        "totalCpuTime" : 2286322145
      }
    }, {
      "indexId" : "IdIndex",
      "partOfTotalIndexingTime" : {
        "part" : 1911171628,
        "total" : 43472734750
      },
      "totalNumberOfFiles" : 2155,
      "totalNumberOfFilesIndexedByExtensions" : 0,
      "totalFilesSize" : 6769151,
      "indexValueChangerEvaluationSpeed" : {
        "totalBytes" : 6769151,
        "totalCpuTime" : 1911171628
      }
    }, {
      "indexId" : "php.max.language.level",
      "partOfTotalIndexingTime" : {
        "part" : 1565838412,
        "total" : 43472734750
      },
      "totalNumberOfFiles" : 1591,
      "totalNumberOfFilesIndexedByExtensions" : 0,
      "totalFilesSize" : 4818530,
      "indexValueChangerEvaluationSpeed" : {
        "totalBytes" : 4818530,
        "totalCpuTime" : 1565838412
      }
    }, {
      "indexId" : "php.doctag.user.name",
      "partOfTotalIndexingTime" : {
        "part" : 1212568595,
        "total" : 43472734750
      },
      "totalNumberOfFiles" : 1591,
      "totalNumberOfFilesIndexedByExtensions" : 0,
      "totalFilesSize" : 4818530,
      "indexValueChangerEvaluationSpeed" : {
        "totalBytes" : 4818530,
        "totalCpuTime" : 1212568595
      }
    }, {
      "indexId" : "CssIndex",
      "partOfTotalIndexingTime" : {
        "part" : 934924672,
        "total" : 43472734750
      },
      "totalNumberOfFiles" : 1073,
      "totalNumberOfFilesIndexedByExtensions" : 0,
      "totalFilesSize" : 3045077,
      "indexValueChangerEvaluationSpeed" : {
        "totalBytes" : 3045077,
        "totalCpuTime" : 934924672
      }
    }, {
      "indexId" : "js.test.names",
      "partOfTotalIndexingTime" : {
        "part" : 820445725,
        "total" : 43472734750
      },
      "totalNumberOfFiles" : 8,
      "totalNumberOfFilesIndexedByExtensions" : 0,
      "totalFilesSize" : 537522,
      "indexValueChangerEvaluationSpeed" : {
        "totalBytes" : 537522,
        "totalCpuTime" : 820445725
      }
    }, {
      "indexId" : "css.template.selectors",
      "partOfTotalIndexingTime" : {
        "part" : 739118114,
        "total" : 43472734750
      },
      "totalNumberOfFiles" : 1600,
      "totalNumberOfFilesIndexedByExtensions" : 0,
      "totalFilesSize" : 4905230,
      "indexValueChangerEvaluationSpeed" : {
        "totalBytes" : 4905230,
        "totalCpuTime" : 739118114
      }
    }, {
      "indexId" : "editorconfig.index.name",
      "partOfTotalIndexingTime" : {
        "part" : 531097185,
        "total" : 43472734750
      },
      "totalNumberOfFiles" : 2,
      "totalNumberOfFilesIndexedByExtensions" : 0,
      "totalFilesSize" : 273,
      "indexValueChangerEvaluationSpeed" : {
        "totalBytes" : 273,
        "totalCpuTime" : 531097185
      }
    }, {
      "indexId" : "php.function.parameters.used.as.regexp",
      "partOfTotalIndexingTime" : {
        "part" : 414639066,
        "total" : 43472734750
      },
      "totalNumberOfFiles" : 1591,
      "totalNumberOfFilesIndexedByExtensions" : 0,
      "totalFilesSize" : 4818530,
      "indexValueChangerEvaluationSpeed" : {
        "totalBytes" : 4818530,
        "totalCpuTime" : 414639066
      }
    }, {
      "indexId" : "php.global.assignment.index",
      "partOfTotalIndexingTime" : {
        "part" : 392191445,
        "total" : 43472734750
      },
      "totalNumberOfFiles" : 1591,
      "totalNumberOfFilesIndexedByExtensions" : 0,
      "totalFilesSize" : 4818530,
      "indexValueChangerEvaluationSpeed" : {
        "totalBytes" : 4818530,
        "totalCpuTime" : 392191445
      }
    }, {
      "indexId" : "php.generator.operands.type.index",
      "partOfTotalIndexingTime" : {
        "part" : 377694428,
        "total" : 43472734750
      },
      "totalNumberOfFiles" : 1591,
      "totalNumberOfFilesIndexedByExtensions" : 0,
      "totalFilesSize" : 4818530,
      "indexValueChangerEvaluationSpeed" : {
        "totalBytes" : 4818530,
        "totalCpuTime" : 377694428
      }
    }, {
      "indexId" : "php.not.used.parameters",
      "partOfTotalIndexingTime" : {
        "part" : 279964500,
        "total" : 43472734750
      },
      "totalNumberOfFiles" : 1591,
      "totalNumberOfFilesIndexedByExtensions" : 0,
      "totalFilesSize" : 4818530,
      "indexValueChangerEvaluationSpeed" : {
        "totalBytes" : 4818530,
        "totalCpuTime" : 279964500
      }
    }, {
      "indexId" : "php.array.shapes.entries",
      "partOfTotalIndexingTime" : {
        "part" : 278845200,
        "total" : 43472734750
      },
      "totalNumberOfFiles" : 1591,
      "totalNumberOfFilesIndexedByExtensions" : 0,
      "totalFilesSize" : 4818530,
      "indexValueChangerEvaluationSpeed" : {
        "totalBytes" : 4818530,
        "totalCpuTime" : 278845200
      }
    }, {
      "indexId" : "Trigram.Index",
      "partOfTotalIndexingTime" : {
        "part" : 267770734,
        "total" : 43472734750
      },
      "totalNumberOfFiles" : 2155,
      "totalNumberOfFilesIndexedByExtensions" : 0,
      "totalFilesSize" : 6769151,
      "indexValueChangerEvaluationSpeed" : {
        "totalBytes" : 6769151,
        "totalCpuTime" : 267770734
      }
    }, {
      "indexId" : "fileIncludes",
      "partOfTotalIndexingTime" : {
        "part" : 235702345,
        "total" : 43472734750
      },
      "totalNumberOfFiles" : 110,
      "totalNumberOfFilesIndexedByExtensions" : 0,
      "totalFilesSize" : 903324,
      "indexValueChangerEvaluationSpeed" : {
        "totalBytes" : 903324,
        "totalCpuTime" : 235702345
      }
    }, {
      "indexId" : "php.used.parameters.array.keys",
      "partOfTotalIndexingTime" : {
        "part" : 226850581,
        "total" : 43472734750
      },
      "totalNumberOfFiles" : 1591,
      "totalNumberOfFilesIndexedByExtensions" : 0,
      "totalFilesSize" : 4818530,
      "indexValueChangerEvaluationSpeed" : {
        "totalBytes" : 4818530,
        "totalCpuTime" : 226850581
      }
    }, {
      "indexId" : "js.implicit.elements.index",
      "partOfTotalIndexingTime" : {
        "part" : 193653377,
        "total" : 43472734750
      },
      "totalNumberOfFiles" : 9,
      "totalNumberOfFilesIndexedByExtensions" : 0,
      "totalFilesSize" : 86700,
      "indexValueChangerEvaluationSpeed" : {
        "totalBytes" : 86700,
        "totalCpuTime" : 193653377
      }
    }, {
      "indexId" : "php.class.alias.fqn",
      "partOfTotalIndexingTime" : {
        "part" : 188190968,
        "total" : 43472734750
      },
      "totalNumberOfFiles" : 1591,
      "totalNumberOfFilesIndexedByExtensions" : 0,
      "totalFilesSize" : 4818530,
      "indexValueChangerEvaluationSpeed" : {
        "totalBytes" : 4818530,
        "totalCpuTime" : 188190968
      }
    }, {
      "indexId" : "php.expected.function.arguments",
      "partOfTotalIndexingTime" : {
        "part" : 183373999,
        "total" : 43472734750
      },
      "totalNumberOfFiles" : 1591,
      "totalNumberOfFilesIndexedByExtensions" : 0,
      "totalFilesSize" : 4818530,
      "indexValueChangerEvaluationSpeed" : {
        "totalBytes" : 4818530,
        "totalCpuTime" : 183373999
      }
    }, {
      "indexId" : "php.inferred.meta.pattern.index",
      "partOfTotalIndexingTime" : {
        "part" : 181858498,
        "total" : 43472734750
      },
      "totalNumberOfFiles" : 1591,
      "totalNumberOfFilesIndexedByExtensions" : 0,
      "totalFilesSize" : 4818530,
      "indexValueChangerEvaluationSpeed" : {
        "totalBytes" : 4818530,
        "totalCpuTime" : 181858498
      }
    }, {
      "indexId" : "php.parameters.default.value.matchers",
      "partOfTotalIndexingTime" : {
        "part" : 178508291,
        "total" : 43472734750
      },
      "totalNumberOfFiles" : 1591,
      "totalNumberOfFilesIndexedByExtensions" : 0,
      "totalFilesSize" : 4818530,
      "indexValueChangerEvaluationSpeed" : {
        "totalBytes" : 4818530,
        "totalCpuTime" : 178508291
      }
    }, {
      "indexId" : "php.method.name",
      "partOfTotalIndexingTime" : {
        "part" : 164301419,
        "total" : 43472734750
      },
      "totalNumberOfFiles" : 1591,
      "totalNumberOfFilesIndexedByExtensions" : 0,
      "totalFilesSize" : 4818530,
      "indexValueChangerEvaluationSpeed" : {
        "totalBytes" : 4818530,
        "totalCpuTime" : 164301419
      }
    }, {
      "indexId" : "php.functions.with.not.catched.dynamic.passed.calls",
      "partOfTotalIndexingTime" : {
        "part" : 155275259,
        "total" : 43472734750
      },
      "totalNumberOfFiles" : 1591,
      "totalNumberOfFilesIndexedByExtensions" : 0,
      "totalFilesSize" : 4818530,
      "indexValueChangerEvaluationSpeed" : {
        "totalBytes" : 4818530,
        "totalCpuTime" : 155275259
      }
    }, {
      "indexId" : "php.fields.default.value.matchers",
      "partOfTotalIndexingTime" : {
        "part" : 153866701,
        "total" : 43472734750
      },
      "totalNumberOfFiles" : 1591,
      "totalNumberOfFilesIndexedByExtensions" : 0,
      "totalFilesSize" : 4818530,
      "indexValueChangerEvaluationSpeed" : {
        "totalBytes" : 4818530,
        "totalCpuTime" : 153866701
      }
    }, {
      "indexId" : "php.generic.template.index",
      "partOfTotalIndexingTime" : {
        "part" : 150182534,
        "total" : 43472734750
      },
      "totalNumberOfFiles" : 1591,
      "totalNumberOfFilesIndexedByExtensions" : 0,
      "totalFilesSize" : 4818530,
      "indexValueChangerEvaluationSpeed" : {
        "totalBytes" : 4818530,
        "totalCpuTime" : 150182534
      }
    }, {
      "indexId" : "php.field.names.accessed.by.the.constructor",
      "partOfTotalIndexingTime" : {
        "part" : 143425435,
        "total" : 43472734750
      },
      "totalNumberOfFiles" : 1591,
      "totalNumberOfFilesIndexedByExtensions" : 0,
      "totalFilesSize" : 4818530,
      "indexValueChangerEvaluationSpeed" : {
        "totalBytes" : 4818530,
        "totalCpuTime" : 143425435
      }
    }, {
      "indexId" : "php.func.get.arg.usage.index",
      "partOfTotalIndexingTime" : {
        "part" : 119637236,
        "total" : 43472734750
      },
      "totalNumberOfFiles" : 1591,
      "totalNumberOfFilesIndexedByExtensions" : 0,
      "totalFilesSize" : 4818530,
      "indexValueChangerEvaluationSpeed" : {
        "totalBytes" : 4818530,
        "totalCpuTime" : 119637236
      }
    }, {
      "indexId" : "php.array.access.offsets",
      "partOfTotalIndexingTime" : {
        "part" : 99260793,
        "total" : 43472734750
      },
      "totalNumberOfFiles" : 1591,
      "totalNumberOfFilesIndexedByExtensions" : 0,
      "totalFilesSize" : 4818530,
      "indexValueChangerEvaluationSpeed" : {
        "totalBytes" : 4818530,
        "totalCpuTime" : 99260793
      }
    }, {
      "indexId" : "js.custom.single.entry.index",
      "partOfTotalIndexingTime" : {
        "part" : 96170338,
        "total" : 43472734750
      },
      "totalNumberOfFiles" : 1608,
      "totalNumberOfFilesIndexedByExtensions" : 0,
      "totalFilesSize" : 5442752,
      "indexValueChangerEvaluationSpeed" : {
        "totalBytes" : 5442752,
        "totalCpuTime" : 96170338
      }
    }, {
      "indexId" : "SwReferencesIndex",
      "partOfTotalIndexingTime" : {
        "part" : 95040283,
        "total" : 43472734750
      },
      "totalNumberOfFiles" : 60,
      "totalNumberOfFilesIndexedByExtensions" : 0,
      "totalFilesSize" : 215935,
      "indexValueChangerEvaluationSpeed" : {
        "totalBytes" : 215935,
        "totalCpuTime" : 95040283
      }
    }, {
      "indexId" : "php.unit.covers",
      "partOfTotalIndexingTime" : {
        "part" : 93299475,
        "total" : 43472734750
      },
      "totalNumberOfFiles" : 1591,
      "totalNumberOfFilesIndexedByExtensions" : 0,
      "totalFilesSize" : 4818530,
      "indexValueChangerEvaluationSpeed" : {
        "totalBytes" : 4818530,
        "totalCpuTime" : 93299475
      }
    }, {
      "indexId" : "SchemaTypeInheritance",
      "partOfTotalIndexingTime" : {
        "part" : 83330551,
        "total" : 43472734750
      },
      "totalNumberOfFiles" : 1,
      "totalNumberOfFilesIndexedByExtensions" : 0,
      "totalFilesSize" : 14950,
      "indexValueChangerEvaluationSpeed" : {
        "totalBytes" : 14950,
        "totalCpuTime" : 83330551
      }
    }, {
      "indexId" : "html5.custom.attributes.index",
      "partOfTotalIndexingTime" : {
        "part" : 77681245,
        "total" : 43472734750
      },
      "totalNumberOfFiles" : 9,
      "totalNumberOfFilesIndexedByExtensions" : 0,
      "totalFilesSize" : 86700,
      "indexValueChangerEvaluationSpeed" : {
        "totalBytes" : 86700,
        "totalCpuTime" : 77681245
      }
    }, {
      "indexId" : "php.unit.data.providers",
      "partOfTotalIndexingTime" : {
        "part" : 74574196,
        "total" : 43472734750
      },
      "totalNumberOfFiles" : 1591,
      "totalNumberOfFilesIndexedByExtensions" : 0,
      "totalFilesSize" : 4818530,
      "indexValueChangerEvaluationSpeed" : {
        "totalBytes" : 4818530,
        "totalCpuTime" : 74574196
      }
    }, {
      "indexId" : "espend.php.annotation.classes",
      "partOfTotalIndexingTime" : {
        "part" : 70432446,
        "total" : 43472734750
      },
      "totalNumberOfFiles" : 1591,
      "totalNumberOfFilesIndexedByExtensions" : 0,
      "totalFilesSize" : 4818530,
      "indexValueChangerEvaluationSpeed" : {
        "totalBytes" : 4818530,
        "totalCpuTime" : 70432446
      }
    }, {
      "indexId" : "php.serialize.function.calls.offsets",
      "partOfTotalIndexingTime" : {
        "part" : 67687778,
        "total" : 43472734750
      },
      "totalNumberOfFiles" : 1591,
      "totalNumberOfFilesIndexedByExtensions" : 0,
      "totalFilesSize" : 4818530,
      "indexValueChangerEvaluationSpeed" : {
        "totalBytes" : 4818530,
        "totalCpuTime" : 67687778
      }
    }, {
      "indexId" : "php.expected.function.return.values",
      "partOfTotalIndexingTime" : {
        "part" : 60208214,
        "total" : 43472734750
      },
      "totalNumberOfFiles" : 1591,
      "totalNumberOfFilesIndexedByExtensions" : 0,
      "totalFilesSize" : 4818530,
      "indexValueChangerEvaluationSpeed" : {
        "totalBytes" : 4818530,
        "totalCpuTime" : 60208214
      }
    }, {
      "indexId" : "php.variable.name",
      "partOfTotalIndexingTime" : {
        "part" : 53708832,
        "total" : 43472734750
      },
      "totalNumberOfFiles" : 1591,
      "totalNumberOfFilesIndexedByExtensions" : 0,
      "totalFilesSize" : 4818530,
      "indexValueChangerEvaluationSpeed" : {
        "totalBytes" : 4818530,
        "totalCpuTime" : 53708832
      }
    }, {
      "indexId" : "php.doc.type.aliases.index",
      "partOfTotalIndexingTime" : {
        "part" : 53704110,
        "total" : 43472734750
      },
      "totalNumberOfFiles" : 1591,
      "totalNumberOfFilesIndexedByExtensions" : 0,
      "totalFilesSize" : 4818530,
      "indexValueChangerEvaluationSpeed" : {
        "totalBytes" : 4818530,
        "totalCpuTime" : 53704110
      }
    }, {
      "indexId" : "HtmlTagIdIndex",
      "partOfTotalIndexingTime" : {
        "part" : 51158406,
        "total" : 43472734750
      },
      "totalNumberOfFiles" : 1070,
      "totalNumberOfFilesIndexedByExtensions" : 0,
      "totalFilesSize" : 2912482,
      "indexValueChangerEvaluationSpeed" : {
        "totalBytes" : 2912482,
        "totalCpuTime" : 51158406
      }
    }, {
      "indexId" : "php.aliased.trait.method.name",
      "partOfTotalIndexingTime" : {
        "part" : 49972295,
        "total" : 43472734750
      },
      "totalNumberOfFiles" : 1591,
      "totalNumberOfFilesIndexedByExtensions" : 0,
      "totalFilesSize" : 4818530,
      "indexValueChangerEvaluationSpeed" : {
        "totalBytes" : 4818530,
        "totalCpuTime" : 49972295
      }
    }, {
      "indexId" : "php.exit.point.function.index",
      "partOfTotalIndexingTime" : {
        "part" : 46646084,
        "total" : 43472734750
      },
      "totalNumberOfFiles" : 1591,
      "totalNumberOfFilesIndexedByExtensions" : 0,
      "totalFilesSize" : 4818530,
      "indexValueChangerEvaluationSpeed" : {
        "totalBytes" : 4818530,
        "totalCpuTime" : 46646084
      }
    }, {
      "indexId" : "espend.php.annotation.usage",
      "partOfTotalIndexingTime" : {
        "part" : 44038448,
        "total" : 43472734750
      },
      "totalNumberOfFiles" : 1591,
      "totalNumberOfFilesIndexedByExtensions" : 0,
      "totalFilesSize" : 4818530,
      "indexValueChangerEvaluationSpeed" : {
        "totalBytes" : 4818530,
        "totalCpuTime" : 44038448
      }
    }, {
      "indexId" : "php.trait.usage",
      "partOfTotalIndexingTime" : {
        "part" : 40321989,
        "total" : 43472734750
      },
      "totalNumberOfFiles" : 1591,
      "totalNumberOfFilesIndexedByExtensions" : 0,
      "totalFilesSize" : 4818530,
      "indexValueChangerEvaluationSpeed" : {
        "totalBytes" : 4818530,
        "totalCpuTime" : 40321989
      }
    }, {
      "indexId" : "php.class.name",
      "partOfTotalIndexingTime" : {
        "part" : 39297494,
        "total" : 43472734750
      },
      "totalNumberOfFiles" : 1591,
      "totalNumberOfFilesIndexedByExtensions" : 0,
      "totalFilesSize" : 4818530,
      "indexValueChangerEvaluationSpeed" : {
        "totalBytes" : 4818530,
        "totalCpuTime" : 39297494
      }
    }, {
      "indexId" : "php.namespace.inheritance",
      "partOfTotalIndexingTime" : {
        "part" : 35249540,
        "total" : 43472734750
      },
      "totalNumberOfFiles" : 1591,
      "totalNumberOfFilesIndexedByExtensions" : 0,
      "totalFilesSize" : 4818530,
      "indexValueChangerEvaluationSpeed" : {
        "totalBytes" : 4818530,
        "totalCpuTime" : 35249540
      }
    }, {
      "indexId" : "php.function.always.re",
      "partOfTotalIndexingTime" : {
        "part" : 32710396,
        "total" : 43472734750
      },
      "totalNumberOfFiles" : 1591,
      "totalNumberOfFilesIndexedByExtensions" : 0,
      "totalFilesSize" : 4818530,
      "indexValueChangerEvaluationSpeed" : {
        "totalBytes" : 4818530,
        "totalCpuTime" : 32710396
      }
    }, {
      "indexId" : "HtmlScriptSrcIndex",
      "partOfTotalIndexingTime" : {
        "part" : 28164821,
        "total" : 43472734750
      },
      "totalNumberOfFiles" : 1070,
      "totalNumberOfFilesIndexedByExtensions" : 0,
      "totalFilesSize" : 2912482,
      "indexValueChangerEvaluationSpeed" : {
        "totalBytes" : 2912482,
        "totalCpuTime" : 28164821
      }
    }, {
      "indexId" : "php.putenv.arguments",
      "partOfTotalIndexingTime" : {
        "part" : 23827376,
        "total" : 43472734750
      },
      "totalNumberOfFiles" : 1591,
      "totalNumberOfFilesIndexedByExtensions" : 0,
      "totalFilesSize" : 4818530,
      "indexValueChangerEvaluationSpeed" : {
        "totalBytes" : 4818530,
        "totalCpuTime" : 23827376
      }
    }, {
      "indexId" : "yaml.keys.name",
      "partOfTotalIndexingTime" : {
        "part" : 22167485,
        "total" : 43472734750
      },
      "totalNumberOfFiles" : 24,
      "totalNumberOfFilesIndexedByExtensions" : 0,
      "totalFilesSize" : 17491,
      "indexValueChangerEvaluationSpeed" : {
        "totalBytes" : 17491,
        "totalCpuTime" : 22167485
      }
    }, {
      "indexId" : "php.constants.default.expected.arguments",
      "partOfTotalIndexingTime" : {
        "part" : 21402819,
        "total" : 43472734750
      },
      "totalNumberOfFiles" : 1591,
      "totalNumberOfFilesIndexedByExtensions" : 0,
      "totalFilesSize" : 4818530,
      "indexValueChangerEvaluationSpeed" : {
        "totalBytes" : 4818530,
        "totalCpuTime" : 21402819
      }
    }, {
      "indexId" : "php.class.fqn",
      "partOfTotalIndexingTime" : {
        "part" : 19801511,
        "total" : 43472734750
      },
      "totalNumberOfFiles" : 1591,
      "totalNumberOfFilesIndexedByExtensions" : 0,
      "totalFilesSize" : 4818530,
      "indexValueChangerEvaluationSpeed" : {
        "totalBytes" : 4818530,
        "totalCpuTime" : 19801511
      }
    }, {
      "indexId" : "WebComponentsIndex",
      "partOfTotalIndexingTime" : {
        "part" : 19695021,
        "total" : 43472734750
      },
      "totalNumberOfFiles" : 9,
      "totalNumberOfFilesIndexedByExtensions" : 0,
      "totalFilesSize" : 86700,
      "indexValueChangerEvaluationSpeed" : {
        "totalBytes" : 86700,
        "totalCpuTime" : 19695021
      }
    }, {
      "indexId" : "php.file.constants.default.value.matchers",
      "partOfTotalIndexingTime" : {
        "part" : 18248768,
        "total" : 43472734750
      },
      "totalNumberOfFiles" : 1591,
      "totalNumberOfFilesIndexedByExtensions" : 0,
      "totalFilesSize" : 4818530,
      "indexValueChangerEvaluationSpeed" : {
        "totalBytes" : 4818530,
        "totalCpuTime" : 18248768
      }
    }, {
      "indexId" : "php.interface.fqn",
      "partOfTotalIndexingTime" : {
        "part" : 17726241,
        "total" : 43472734750
      },
      "totalNumberOfFiles" : 1591,
      "totalNumberOfFilesIndexedByExtensions" : 0,
      "totalFilesSize" : 4818530,
      "indexValueChangerEvaluationSpeed" : {
        "totalBytes" : 4818530,
        "totalCpuTime" : 17726241
      }
    }, {
      "indexId" : "DomFileIndex",
      "partOfTotalIndexingTime" : {
        "part" : 17445231,
        "total" : 43472734750
      },
      "totalNumberOfFiles" : 90,
      "totalNumberOfFilesIndexedByExtensions" : 0,
      "totalFilesSize" : 146507,
      "indexValueChangerEvaluationSpeed" : {
        "totalBytes" : 146507,
        "totalCpuTime" : 17445231
      }
    }, {
      "indexId" : "FrameworkDetectionIndex",
      "partOfTotalIndexingTime" : {
        "part" : 16408867,
        "total" : 43472734750
      },
      "totalNumberOfFiles" : 146,
      "totalNumberOfFilesIndexedByExtensions" : 0,
      "totalFilesSize" : 258429,
      "indexValueChangerEvaluationSpeed" : {
        "totalBytes" : 258429,
        "totalCpuTime" : 16408867
      }
    }, {
      "indexId" : "php.constant.name",
      "partOfTotalIndexingTime" : {
        "part" : 15998820,
        "total" : 43472734750
      },
      "totalNumberOfFiles" : 1591,
      "totalNumberOfFilesIndexedByExtensions" : 0,
      "totalFilesSize" : 4818530,
      "indexValueChangerEvaluationSpeed" : {
        "totalBytes" : 4818530,
        "totalCpuTime" : 15998820
      }
    }, {
      "indexId" : "XmlTagNames",
      "partOfTotalIndexingTime" : {
        "part" : 11645243,
        "total" : 43472734750
      },
      "totalNumberOfFiles" : 1,
      "totalNumberOfFilesIndexedByExtensions" : 0,
      "totalFilesSize" : 14950,
      "indexValueChangerEvaluationSpeed" : {
        "totalBytes" : 14950,
        "totalCpuTime" : 11645243
      }
    }, {
      "indexId" : "php.constants.default.array.shapes",
      "partOfTotalIndexingTime" : {
        "part" : 10153102,
        "total" : 43472734750
      },
      "totalNumberOfFiles" : 1591,
      "totalNumberOfFilesIndexedByExtensions" : 0,
      "totalFilesSize" : 4818530,
      "indexValueChangerEvaluationSpeed" : {
        "totalBytes" : 4818530,
        "totalCpuTime" : 10153102
      }
    }, {
      "indexId" : "DjangoBlockInheritanceIndex",
      "partOfTotalIndexingTime" : {
        "part" : 10089066,
        "total" : 43472734750
      },
      "totalNumberOfFiles" : 99,
      "totalNumberOfFilesIndexedByExtensions" : 0,
      "totalFilesSize" : 233207,
      "indexValueChangerEvaluationSpeed" : {
        "totalBytes" : 233207,
        "totalCpuTime" : 10089066
      }
    }, {
      "indexId" : "angularjs.template.cache",
      "partOfTotalIndexingTime" : {
        "part" : 10017043,
        "total" : 43472734750
      },
      "totalNumberOfFiles" : 9,
      "totalNumberOfFilesIndexedByExtensions" : 0,
      "totalFilesSize" : 86700,
      "indexValueChangerEvaluationSpeed" : {
        "totalBytes" : 86700,
        "totalCpuTime" : 10017043
      }
    }, {
      "indexId" : "OpenapiSpecificationContentIndexer",
      "partOfTotalIndexingTime" : {
        "part" : 9789148,
        "total" : 43472734750
      },
      "totalNumberOfFiles" : 60,
      "totalNumberOfFilesIndexedByExtensions" : 0,
      "totalFilesSize" : 215935,
      "indexValueChangerEvaluationSpeed" : {
        "totalBytes" : 215935,
        "totalCpuTime" : 9789148
      }
    }, {
      "indexId" : "php.class.alias.to.class",
      "partOfTotalIndexingTime" : {
        "part" : 9091624,
        "total" : 43472734750
      },
      "totalNumberOfFiles" : 1591,
      "totalNumberOfFilesIndexedByExtensions" : 0,
      "totalFilesSize" : 4818530,
      "indexValueChangerEvaluationSpeed" : {
        "totalBytes" : 4818530,
        "totalCpuTime" : 9091624
      }
    }, {
      "indexId" : "taglibUris",
      "partOfTotalIndexingTime" : {
        "part" : 8614390,
        "total" : 43472734750
      },
      "totalNumberOfFiles" : 86,
      "totalNumberOfFilesIndexedByExtensions" : 0,
      "totalFilesSize" : 116010,
      "indexValueChangerEvaluationSpeed" : {
        "totalBytes" : 116010,
        "totalCpuTime" : 8614390
      }
    }, {
      "indexId" : "angularjs.ui.router.views.index",
      "partOfTotalIndexingTime" : {
        "part" : 8221764,
        "total" : 43472734750
      },
      "totalNumberOfFiles" : 9,
      "totalNumberOfFilesIndexedByExtensions" : 0,
      "totalFilesSize" : 86700,
      "indexValueChangerEvaluationSpeed" : {
        "totalBytes" : 86700,
        "totalCpuTime" : 8221764
      }
    }, {
      "indexId" : "angularjs.app.index",
      "partOfTotalIndexingTime" : {
        "part" : 7398864,
        "total" : 43472734750
      },
      "totalNumberOfFiles" : 9,
      "totalNumberOfFilesIndexedByExtensions" : 0,
      "totalFilesSize" : 86700,
      "indexValueChangerEvaluationSpeed" : {
        "totalBytes" : 86700,
        "totalCpuTime" : 7398864
      }
    }, {
      "indexId" : "php.function.name",
      "partOfTotalIndexingTime" : {
        "part" : 6961749,
        "total" : 43472734750
      },
      "totalNumberOfFiles" : 1591,
      "totalNumberOfFilesIndexedByExtensions" : 0,
      "totalFilesSize" : 4818530,
      "indexValueChangerEvaluationSpeed" : {
        "totalBytes" : 4818530,
        "totalCpuTime" : 6961749
      }
    }, {
      "indexId" : "json.file.root.values",
      "partOfTotalIndexingTime" : {
        "part" : 6919376,
        "total" : 43472734750
      },
      "totalNumberOfFiles" : 36,
      "totalNumberOfFilesIndexedByExtensions" : 0,
      "totalFilesSize" : 198444,
      "indexValueChangerEvaluationSpeed" : {
        "totalBytes" : 198444,
        "totalCpuTime" : 6919376
      }
    }, {
      "indexId" : "php.class.alias.name",
      "partOfTotalIndexingTime" : {
        "part" : 4197696,
        "total" : 43472734750
      },
      "totalNumberOfFiles" : 1591,
      "totalNumberOfFilesIndexedByExtensions" : 0,
      "totalFilesSize" : 4818530,
      "indexValueChangerEvaluationSpeed" : {
        "totalBytes" : 4818530,
        "totalCpuTime" : 4197696
      }
    }, {
      "indexId" : "php.class.to.class.alias",
      "partOfTotalIndexingTime" : {
        "part" : 3610348,
        "total" : 43472734750
      },
      "totalNumberOfFiles" : 1591,
      "totalNumberOfFilesIndexedByExtensions" : 0,
      "totalFilesSize" : 4818530,
      "indexValueChangerEvaluationSpeed" : {
        "totalBytes" : 4818530,
        "totalCpuTime" : 3610348
      }
    }, {
      "indexId" : "XsltSymbolIndex",
      "partOfTotalIndexingTime" : {
        "part" : 2638042,
        "total" : 43472734750
      },
      "totalNumberOfFiles" : 90,
      "totalNumberOfFilesIndexedByExtensions" : 0,
      "totalFilesSize" : 146507,
      "indexValueChangerEvaluationSpeed" : {
        "totalBytes" : 146507,
        "totalCpuTime" : 2638042
      }
    }, {
      "indexId" : "XmlNamespaces",
      "partOfTotalIndexingTime" : {
        "part" : 2548829,
        "total" : 43472734750
      },
      "totalNumberOfFiles" : 1,
      "totalNumberOfFilesIndexedByExtensions" : 0,
      "totalFilesSize" : 14950,
      "indexValueChangerEvaluationSpeed" : {
        "totalBytes" : 14950,
        "totalCpuTime" : 2548829
      }
    }, {
      "indexId" : "SpringXmlBeansIndex",
      "partOfTotalIndexingTime" : {
        "part" : 2206621,
        "total" : 43472734750
      },
      "totalNumberOfFiles" : 90,
      "totalNumberOfFilesIndexedByExtensions" : 0,
      "totalFilesSize" : 146507,
      "indexValueChangerEvaluationSpeed" : {
        "totalBytes" : 146507,
        "totalCpuTime" : 2206621
      }
    }, {
      "indexId" : "RelaxSymbolIndex",
      "partOfTotalIndexingTime" : {
        "part" : 2186452,
        "total" : 43472734750
      },
      "totalNumberOfFiles" : 90,
      "totalNumberOfFilesIndexedByExtensions" : 0,
      "totalFilesSize" : 146507,
      "indexValueChangerEvaluationSpeed" : {
        "totalBytes" : 146507,
        "totalCpuTime" : 2186452
      }
    }, {
      "indexId" : "xmlProperties",
      "partOfTotalIndexingTime" : {
        "part" : 1931754,
        "total" : 43472734750
      },
      "totalNumberOfFiles" : 86,
      "totalNumberOfFilesIndexedByExtensions" : 0,
      "totalFilesSize" : 116010,
      "indexValueChangerEvaluationSpeed" : {
        "totalBytes" : 116010,
        "totalCpuTime" : 1931754
      }
    }, {
      "indexId" : "NavXmlIndex",
      "partOfTotalIndexingTime" : {
        "part" : 1832766,
        "total" : 43472734750
      },
      "totalNumberOfFiles" : 86,
      "totalNumberOfFilesIndexedByExtensions" : 0,
      "totalFilesSize" : 116010,
      "indexValueChangerEvaluationSpeed" : {
        "totalBytes" : 116010,
        "totalCpuTime" : 1832766
      }
    }, {
      "indexId" : "org.jetbrains.kotlin.idea.versions.KotlinJsMetadataVersionIndex",
      "partOfTotalIndexingTime" : {
        "part" : 1669389,
        "total" : 43472734750
      },
      "totalNumberOfFiles" : 8,
      "totalNumberOfFilesIndexedByExtensions" : 0,
      "totalFilesSize" : 537522,
      "indexValueChangerEvaluationSpeed" : {
        "totalBytes" : 537522,
        "totalCpuTime" : 1669389
      }
    }, {
      "indexId" : "docker.compose.services",
      "partOfTotalIndexingTime" : {
        "part" : 1621724,
        "total" : 43472734750
      },
      "totalNumberOfFiles" : 24,
      "totalNumberOfFilesIndexedByExtensions" : 0,
      "totalFilesSize" : 17491,
      "indexValueChangerEvaluationSpeed" : {
        "totalBytes" : 17491,
        "totalCpuTime" : 1621724
      }
    }, {
      "indexId" : "js.string.literal.words.index",
      "partOfTotalIndexingTime" : {
        "part" : 219074,
        "total" : 43472734750
      },
      "totalNumberOfFiles" : 8,
      "totalNumberOfFilesIndexedByExtensions" : 0,
      "totalFilesSize" : 537522,
      "indexValueChangerEvaluationSpeed" : {
        "totalBytes" : 537522,
        "totalCpuTime" : 219074
      }
    } ],
    "statisticsOfChangedDuringIndexingFiles" : {
      "numberOfFiles" : 1,
      "retrievingTime" : 62746
    },
    "fileProviderStatistics" : [ {
      "providerName" : "External roots from entity (empty; empty; tokenizer, polyfill-ctype, php-file-iterator, ...; empty)",
      "totalNumberOfIndexedFiles" : 1599,
      "totalNumberOfFilesFullyIndexedByExtensions" : 0,
      "totalNumberOfNothingToWriteFiles" : 0,
      "totalIndexingVisibleTime" : 11950257667,
      "contentLoadingVisibleTime" : 440126868,
      "numberOfTooLargeForIndexingFiles" : 0,
      "slowIndexedFiles" : [ {
        "fileName" : "jquery.min.js",
        "processingTime" : 561780921,
        "evaluationOfIndexValueChangerTime" : 553424503,
        "contentLoadingTime" : 1001273
      }, {
        "fileName" : "Generator.php",
        "processingTime" : 562817569,
        "evaluationOfIndexValueChangerTime" : 550721711,
        "contentLoadingTime" : 6092335
      }, {
        "fileName" : "HtmlResultPrinter.php",
        "processingTime" : 683054057,
        "evaluationOfIndexValueChangerTime" : 17539246,
        "contentLoadingTime" : 4229420
      }, {
        "fileName" : "bootstrap.min.css",
        "processingTime" : 605495548,
        "evaluationOfIndexValueChangerTime" : 595048249,
        "contentLoadingTime" : 1408099
      }, {
        "fileName" : "Assert.php",
        "processingTime" : 594302123,
        "evaluationOfIndexValueChangerTime" : 582343388,
        "contentLoadingTime" : 1108796
      }, {
        "fileName" : "nv.d3.min.js",
        "processingTime" : 1363201751,
        "evaluationOfIndexValueChangerTime" : 1314723352,
        "contentLoadingTime" : 1945410
      }, {
        "fileName" : "Xml.php",
        "processingTime" : 844183676,
        "evaluationOfIndexValueChangerTime" : 200506254,
        "contentLoadingTime" : 468189
      }, {
        "fileName" : "d3.min.js",
        "processingTime" : 1102410131,
        "evaluationOfIndexValueChangerTime" : 1090300975,
        "contentLoadingTime" : 1441750
      }, {
        "fileName" : "Test.php",
        "processingTime" : 627652441,
        "evaluationOfIndexValueChangerTime" : 622502739,
        "contentLoadingTime" : 789181
      }, {
        "fileName" : "Json.php",
        "processingTime" : 640623526,
        "evaluationOfIndexValueChangerTime" : 15745987,
        "contentLoadingTime" : 316503
      } ],
      "filesFullyIndexedByExtensions" : [ ],
      "separateApplyingIndexesVisibleTime" : 970683975
    }, {
      "providerName" : "External roots from entity (empty; empty; composer.phar; empty)",
      "totalNumberOfIndexedFiles" : 556,
      "totalNumberOfFilesFullyIndexedByExtensions" : 0,
      "totalNumberOfNothingToWriteFiles" : 0,
      "totalIndexingVisibleTime" : 6129606053,
      "contentLoadingVisibleTime" : 106802015,
      "numberOfTooLargeForIndexingFiles" : 0,
      "slowIndexedFiles" : [ ],
      "filesFullyIndexedByExtensions" : [ ],
      "separateApplyingIndexesVisibleTime" : 674011297
    }, {
      "providerName" : "Refreshed files",
      "totalNumberOfIndexedFiles" : 1,
      "totalNumberOfFilesFullyIndexedByExtensions" : 0,
      "totalNumberOfNothingToWriteFiles" : 1,
      "totalIndexingVisibleTime" : 1560459,
      "contentLoadingVisibleTime" : 1075516,
      "numberOfTooLargeForIndexingFiles" : 0,
      "slowIndexedFiles" : [ ],
      "filesFullyIndexedByExtensions" : [ ],
      "separateApplyingIndexesVisibleTime" : 3898
    } ],
    "visibleTimeToAllThreadTimeRatio" : 1.0981383585127136
  }
}