{
  "appInfo" : {
    "build" : "233.11799.241",
    "buildDate" : "2023-12-02T05:05:00Z[UTC]",
    "productCode" : "IU",
    "generated" : "2024-01-20T17:02:09.076894Z",
    "os" : "macOS 13.6",
    "runtime" : "JetBrains s.r.o. 17.0.9 17.0.9+7-b1087.7"
  },
  "runtimeInfo" : {
    "maxMemory" : 3170893824,
    "numberOfProcessors" : 4,
    "maxNumberOfIndexingThreads" : 3,
    "maxSizeOfFileForIntelliSense" : 2560000,
    "maxSizeOfFileForContentLoading" : 20971520
  },
  "type" : "DumbIndexing",
  "projectIndexingActivityHistory" : {
    "projectName" : "api-endpoint",
    "times" : {
      "scanningIds" : [ ],
      "contentLoadingVisibleTime" : 27936720,
      "retrievingChangedDuringIndexingFilesTime" : 3364603,
      "separateApplyingIndexesVisibleTime" : 1693036813,
      "updatingStart" : "2024-01-20T17:01:48.881539Z",
      "updatingEnd" : "2024-01-20T17:02:04.343798Z",
      "totalWallTimeWithPauses" : 15461988487,
      "wallTimeOnPause" : 0,
      "wasInterrupted" : false,
      "dumbModeStart" : "2024-01-20T17:01:48.881539Z",
      "dumbWallTimeWithPauses" : 15461988487,
      "dumbWallTimeWithoutPauses" : 15461988487,
      "totalWallTimeWithoutPauses" : 15461988487
    },
    "fileCount" : {
      "numberOfChangedDuringIndexingFiles" : 36,
      "numberOfFilesIndexedByInfrastructureExtensionsDuringIndexingStage" : 0,
      "numberOfFilesIndexedWithLoadingContent" : 36,
      "numberOfNothingToWriteFiles" : 2
    },
    "totalStatsPerFileType" : [ {
      "fileType" : "UNKNOWN",
      "partOfTotalProcessingTime" : {
        "part" : 1860198912,
        "total" : 1861991434
      },
      "partOfTotalContentLoadingTime" : {
        "part" : 3098252,
        "total" : 3369079
      },
      "totalNumberOfFiles" : 34,
      "totalFilesSize" : 0,
      "totalProcessingSpeed" : {
        "totalBytes" : 0,
        "totalCpuTime" : 1860198912
      },
      "biggestContributors" : [ {
        "providerName" : "Refreshed files",
        "numberOfFiles" : 34,
        "totalFilesSize" : 0,
        "partOfTotalProcessingTimeOfThisFileType" : {
          "part" : 1860198912,
          "total" : 1860198912
        }
      } ]
    }, {
      "fileType" : "SQL",
      "partOfTotalProcessingTime" : {
        "part" : 1792522,
        "total" : 1861991434
      },
      "partOfTotalContentLoadingTime" : {
        "part" : 270827,
        "total" : 3369079
      },
      "totalNumberOfFiles" : 2,
      "totalFilesSize" : 163,
      "totalProcessingSpeed" : {
        "totalBytes" : 163,
        "totalCpuTime" : 1792522
      },
      "biggestContributors" : [ {
        "providerName" : "Refreshed files",
        "numberOfFiles" : 2,
        "totalFilesSize" : 163,
        "partOfTotalProcessingTimeOfThisFileType" : {
          "part" : 1792522,
          "total" : 1792522
        }
      } ]
    } ],
    "totalStatsPerBaseLanguage" : [ {
      "language" : "MySQL",
      "partOfTotalProcessingTime" : {
        "part" : 1792522,
        "total" : 1861991434
      },
      "partOfTotalContentLoadingTime" : {
        "part" : 3639906,
        "total" : 3369079
      },
      "totalNumberOfFiles" : 2,
      "totalFilesSize" : 163,
      "totalProcessingSpeed" : {
        "totalBytes" : 163,
        "totalCpuTime" : 1792522
      }
    }, {
      "language" : "SQL",
      "partOfTotalProcessingTime" : {
        "part" : 1792522,
        "total" : 1861991434
      },
      "partOfTotalContentLoadingTime" : {
        "part" : 3639906,
        "total" : 3369079
      },
      "totalNumberOfFiles" : 2,
      "totalFilesSize" : 163,
      "totalProcessingSpeed" : {
        "totalBytes" : 163,
        "totalCpuTime" : 1792522
      }
    } ],
    "totalStatsPerIndexer" : [ ],
    "statisticsOfChangedDuringIndexingFiles" : {
      "numberOfFiles" : 36,
      "retrievingTime" : 3364603
    },
    "fileProviderStatistics" : [ {
      "providerName" : "Refreshed files",
      "totalNumberOfIndexedFiles" : 36,
      "totalNumberOfFilesFullyIndexedByExtensions" : 0,
      "totalNumberOfNothingToWriteFiles" : 2,
      "totalIndexingVisibleTime" : 15439808428,
      "contentLoadingVisibleTime" : 27936720,
      "numberOfTooLargeForIndexingFiles" : 0,
      "slowIndexedFiles" : [ {
        "fileName" : "",
        "processingTime" : 1495127637,
        "evaluationOfIndexValueChangerTime" : 0,
        "contentLoadingTime" : 78226
      } ],
      "filesFullyIndexedByExtensions" : [ ],
      "separateApplyingIndexesVisibleTime" : 1693036813
    } ],
    "visibleTimeToAllThreadTimeRatio" : 8.292094230977005
  }
}