{
  "appInfo" : {
    "build" : "233.11799.241",
    "buildDate" : "2023-12-02T05:05:00Z[UTC]",
    "productCode" : "IU",
    "generated" : "2023-12-16T09:56:14.166974Z",
    "os" : "macOS 13.6",
    "runtime" : "JetBrains s.r.o. 17.0.9 17.0.9+7-b1087.7"
  },
  "runtimeInfo" : {
    "maxMemory" : 1572864000,
    "numberOfProcessors" : 4,
    "maxNumberOfIndexingThreads" : 3,
    "maxSizeOfFileForIntelliSense" : 2560000,
    "maxSizeOfFileForContentLoading" : 20971520
  },
  "type" : "Scanning",
  "projectIndexingActivityHistory" : {
    "projectName" : "api-endpoint",
    "times" : {
      "scanningReason" : "changes in: \"External roots from entity (empty; empty; test.phar, phpunit-example-extension-1.0.1.phar; empty)\"",
      "scanningType" : "PARTIAL",
      "scanningId" : 2,
      "creatingIteratorsTime" : 3000,
      "concurrentHandlingWallTimeWithoutPauses" : 84796000,
      "concurrentHandlingWallTimeWithPauses" : 84796000,
      "concurrentHandlingSumOfThreadTimesWithPauses" : 75280247,
      "concurrentIterationAndScannersApplicationSumOfThreadTimesWithPauses" : 24550526,
      "concurrentFileCheckSumOfThreadTimesWithPauses" : 50635737,
      "delayedPushPropertiesStageTime" : 7000,
      "indexExtensionsTime" : 1907813,
      "dumbWallTimeWithPauses" : 0,
      "dumbWallTimeWithoutPauses" : 0,
      "updatingStart" : "2023-12-16T09:56:14.068987Z",
      "updatingEnd" : "2023-12-16T09:56:14.156888Z",
      "totalWallTimeWithPauses" : 87901374,
      "wallTimeOnPause" : 0,
      "wasInterrupted" : false,
      "totalWallTimeWithoutPauses" : 87901374
    },
    "fileCount" : {
      "numberOfFileProviders" : 1,
      "numberOfScannedFiles" : 9,
      "numberOfFilesIndexedByInfrastructureExtensionsDuringScan" : 0,
      "numberOfFilesScheduledForIndexingAfterScan" : 6
    },
    "scanningStatistics" : [ {
      "providerName" : "External roots from entity (empty; empty; test.phar, phpunit-example-extension-1.0.1.phar; empty)",
      "numberOfScannedFiles" : 9,
      "numberOfSkippedFiles" : 0,
      "numberOfFilesForIndexing" : 6,
      "numberOfFilesFullyIndexedByInfrastructureExtensions" : 0,
      "filesFullyIndexedByInfrastructureExtensions" : [ ],
      "statusTime" : 35685063,
      "totalOneThreadTimeWithPauses" : 75280247,
      "iterationAndScannersApplicationTime" : 24550526,
      "filesCheckTime" : 50635737,
      "timeProcessingUpToDateFiles" : 0,
      "timeUpdatingContentLessIndexes" : 14000855,
      "timeIndexingWithoutContentViaInfrastructureExtension" : 1907813,
      "roots" : [ ]
    } ]
  }
}