{
  "appInfo" : {
    "build" : "233.11799.241",
    "buildDate" : "2023-12-02T05:05:00Z[UTC]",
    "productCode" : "IU",
    "generated" : "2023-12-14T23:36:12.743368Z",
    "os" : "macOS 13.6",
    "runtime" : "JetBrains s.r.o. 17.0.9 17.0.9+7-b1087.7"
  },
  "runtimeInfo" : {
    "maxMemory" : 1073741824,
    "numberOfProcessors" : 4,
    "maxNumberOfIndexingThreads" : 3,
    "maxSizeOfFileForIntelliSense" : 2560000,
    "maxSizeOfFileForContentLoading" : 20971520
  },
  "type" : "DumbIndexing",
  "projectIndexingActivityHistory" : {
    "projectName" : "api-endpoint",
    "times" : {
      "scanningIds" : [ ],
      "contentLoadingVisibleTime" : 552311,
      "retrievingChangedDuringIndexingFilesTime" : 35235,
      "separateApplyingIndexesVisibleTime" : 238276,
      "updatingStart" : "2023-12-14T23:36:12.434792Z",
      "updatingEnd" : "2023-12-14T23:36:12.442051Z",
      "totalWallTimeWithPauses" : 7257440,
      "wallTimeOnPause" : 0,
      "wasInterrupted" : false,
      "dumbModeStart" : "2023-12-14T23:36:12.434792Z",
      "dumbWallTimeWithoutPauses" : 7257440,
      "dumbWallTimeWithPauses" : 7257440,
      "totalWallTimeWithoutPauses" : 7257440
    },
    "fileCount" : {
      "numberOfChangedDuringIndexingFiles" : 37,
      "numberOfFilesIndexedByInfrastructureExtensionsDuringIndexingStage" : 0,
      "numberOfFilesIndexedWithLoadingContent" : 37,
      "numberOfNothingToWriteFiles" : 0
    },
    "totalStatsPerFileType" : [ {
      "fileType" : "UNKNOWN",
      "partOfTotalProcessingTime" : {
        "part" : 5456054,
        "total" : 5456054
      },
      "partOfTotalContentLoadingTime" : {
        "part" : 471116,
        "total" : 471116
      },
      "totalNumberOfFiles" : 37,
      "totalFilesSize" : 0,
      "totalProcessingSpeed" : {
        "totalBytes" : 0,
        "totalCpuTime" : 5456054
      },
      "biggestContributors" : [ {
        "providerName" : "Refreshed files",
        "numberOfFiles" : 37,
        "totalFilesSize" : 0,
        "partOfTotalProcessingTimeOfThisFileType" : {
          "part" : 5456054,
          "total" : 5456054
        }
      } ]
    } ],
    "totalStatsPerBaseLanguage" : [ ],
    "totalStatsPerIndexer" : [ ],
    "statisticsOfChangedDuringIndexingFiles" : {
      "numberOfFiles" : 37,
      "retrievingTime" : 35235
    },
    "fileProviderStatistics" : [ {
      "providerName" : "Refreshed files",
      "totalNumberOfIndexedFiles" : 37,
      "totalNumberOfFilesFullyIndexedByExtensions" : 0,
      "totalNumberOfNothingToWriteFiles" : 0,
      "totalIndexingVisibleTime" : 6396390,
      "contentLoadingVisibleTime" : 552311,
      "numberOfTooLargeForIndexingFiles" : 0,
      "slowIndexedFiles" : [ ],
      "filesFullyIndexedByExtensions" : [ ],
      "separateApplyingIndexesVisibleTime" : 238276
    } ],
    "visibleTimeToAllThreadTimeRatio" : 1.1723472678239621
  }
}