{
  "appInfo" : {
    "build" : "233.11799.241",
    "buildDate" : "2023-12-02T05:05:00Z[UTC]",
    "productCode" : "IU",
    "generated" : "2023-12-29T18:47:20.519101Z",
    "os" : "macOS 13.6",
    "runtime" : "JetBrains s.r.o. 17.0.9 17.0.9+7-b1087.7"
  },
  "runtimeInfo" : {
    "maxMemory" : 1572864000,
    "numberOfProcessors" : 4,
    "maxNumberOfIndexingThreads" : 3,
    "maxSizeOfFileForIntelliSense" : 2560000,
    "maxSizeOfFileForContentLoading" : 20971520
  },
  "type" : "DumbIndexing",
  "projectIndexingActivityHistory" : {
    "projectName" : "api-endpoint",
    "times" : {
      "scanningIds" : [ ],
      "contentLoadingVisibleTime" : 696851,
      "retrievingChangedDuringIndexingFilesTime" : 24063,
      "separateApplyingIndexesVisibleTime" : 2746370,
      "updatingStart" : "2023-12-29T18:47:20.229652Z",
      "updatingEnd" : "2023-12-29T18:47:20.238615Z",
      "totalWallTimeWithPauses" : 8960733,
      "wallTimeOnPause" : 0,
      "wasInterrupted" : false,
      "dumbModeStart" : "2023-12-29T18:47:20.229652Z",
      "dumbWallTimeWithoutPauses" : 8960733,
      "dumbWallTimeWithPauses" : 8960733,
      "totalWallTimeWithoutPauses" : 8960733
    },
    "fileCount" : {
      "numberOfChangedDuringIndexingFiles" : 7,
      "numberOfFilesIndexedByInfrastructureExtensionsDuringIndexingStage" : 0,
      "numberOfFilesIndexedWithLoadingContent" : 7,
      "numberOfNothingToWriteFiles" : 0
    },
    "totalStatsPerFileType" : [ {
      "fileType" : "UNKNOWN",
      "partOfTotalProcessingTime" : {
        "part" : 1194964,
        "total" : 1194964
      },
      "partOfTotalContentLoadingTime" : {
        "part" : 139235,
        "total" : 139235
      },
      "totalNumberOfFiles" : 7,
      "totalFilesSize" : 0,
      "totalProcessingSpeed" : {
        "totalBytes" : 0,
        "totalCpuTime" : 1194964
      },
      "biggestContributors" : [ {
        "providerName" : "Refreshed files",
        "numberOfFiles" : 7,
        "totalFilesSize" : 0,
        "partOfTotalProcessingTimeOfThisFileType" : {
          "part" : 1194964,
          "total" : 1194964
        }
      } ]
    } ],
    "totalStatsPerBaseLanguage" : [ ],
    "totalStatsPerIndexer" : [ ],
    "statisticsOfChangedDuringIndexingFiles" : {
      "numberOfFiles" : 7,
      "retrievingTime" : 24063
    },
    "fileProviderStatistics" : [ {
      "providerName" : "Refreshed files",
      "totalNumberOfIndexedFiles" : 7,
      "totalNumberOfFilesFullyIndexedByExtensions" : 0,
      "totalNumberOfNothingToWriteFiles" : 0,
      "totalIndexingVisibleTime" : 5980624,
      "contentLoadingVisibleTime" : 696851,
      "numberOfTooLargeForIndexingFiles" : 0,
      "slowIndexedFiles" : [ ],
      "filesFullyIndexedByExtensions" : [ ],
      "separateApplyingIndexesVisibleTime" : 2746370
    } ],
    "visibleTimeToAllThreadTimeRatio" : 5.004857050086865
  }
}