{"@type":"excluded","time":"2023-12-14T13:00:46.969203+01:00[Europe/Zagreb]","kind":"bundled","chunkUniqueId":"bundled-js-predefined-1d06a55b98c1-56bbcd2c060c-JavaScript-IU-233.11799.241"}
{"@type":"excluded","time":"2023-12-16T10:56:10.947666+01:00[Europe/Zagreb]","kind":"bundled","chunkUniqueId":"bundled-js-predefined-1d06a55b98c1-56bbcd2c060c-JavaScript-IU-233.11799.241"}
{"@type":"excluded","time":"2023-12-18T18:07:08.229535+01:00[Europe/Zagreb]","kind":"bundled","chunkUniqueId":"bundled-js-predefined-1d06a55b98c1-56bbcd2c060c-JavaScript-IU-233.11799.241"}
{"@type":"excluded","time":"2023-12-19T15:07:51.500117+01:00[Europe/Zagreb]","kind":"bundled","chunkUniqueId":"bundled-js-predefined-1d06a55b98c1-56bbcd2c060c-JavaScript-IU-233.11799.241"}
{"@type":"excluded","time":"2023-12-19T19:37:11.341906+01:00[Europe/Zagreb]","kind":"bundled","chunkUniqueId":"bundled-js-predefined-1d06a55b98c1-56bbcd2c060c-JavaScript-IU-233.11799.241"}
{"@type":"excluded","time":"2023-12-21T09:56:34.274766+01:00[Europe/Zagreb]","kind":"bundled","chunkUniqueId":"bundled-js-predefined-1d06a55b98c1-56bbcd2c060c-JavaScript-IU-233.11799.241"}
{"@type":"excluded","time":"2023-12-24T16:47:58.983626+01:00[Europe/Zagreb]","kind":"bundled","chunkUniqueId":"bundled-js-predefined-1d06a55b98c1-56bbcd2c060c-JavaScript-IU-233.11799.241"}
{"@type":"excluded","time":"2023-12-29T14:04:33.796947+01:00[Europe/Zagreb]","kind":"bundled","chunkUniqueId":"bundled-js-predefined-1d06a55b98c1-56bbcd2c060c-JavaScript-IU-233.11799.241"}
{"@type":"excluded","time":"2024-01-02T08:15:20.259639+01:00[Europe/Zagreb]","kind":"bundled","chunkUniqueId":"bundled-js-predefined-1d06a55b98c1-56bbcd2c060c-JavaScript-IU-233.11799.241"}
{"@type":"excluded","time":"2024-01-04T01:45:41.066995+01:00[Europe/Zagreb]","kind":"bundled","chunkUniqueId":"bundled-js-predefined-1d06a55b98c1-56bbcd2c060c-JavaScript-IU-233.11799.241"}
{"@type":"excluded","time":"2024-01-04T18:27:29.726679+01:00[Europe/Zagreb]","kind":"bundled","chunkUniqueId":"bundled-js-predefined-1d06a55b98c1-56bbcd2c060c-JavaScript-IU-233.11799.241"}
{"@type":"excluded","time":"2024-01-08T13:17:29.007815+01:00[Europe/Zagreb]","kind":"bundled","chunkUniqueId":"bundled-js-predefined-1d06a55b98c1-56bbcd2c060c-JavaScript-IU-233.11799.241"}
{"@type":"excluded","time":"2024-01-10T09:14:06.479576+01:00[Europe/Zagreb]","kind":"bundled","chunkUniqueId":"bundled-js-predefined-1d06a55b98c1-56bbcd2c060c-JavaScript-IU-233.11799.241"}
{"@type":"excluded","time":"2024-01-10T13:36:09.073279+01:00[Europe/Zagreb]","kind":"bundled","chunkUniqueId":"bundled-js-predefined-1d06a55b98c1-56bbcd2c060c-JavaScript-IU-233.11799.241"}
{"@type":"excluded","time":"2024-01-18T13:04:44.174486+01:00[Europe/Zagreb]","kind":"bundled","chunkUniqueId":"bundled-js-predefined-1d06a55b98c1-56bbcd2c060c-JavaScript-IU-233.11799.241"}
{"@type":"excluded","time":"2024-01-19T11:05:59.084454+01:00[Europe/Zagreb]","kind":"bundled","chunkUniqueId":"bundled-js-predefined-1d06a55b98c1-56bbcd2c060c-JavaScript-IU-233.11799.241"}
{"@type":"excluded","time":"2024-01-19T14:58:25.666026+01:00[Europe/Zagreb]","kind":"bundled","chunkUniqueId":"bundled-js-predefined-1d06a55b98c1-56bbcd2c060c-JavaScript-IU-233.11799.241"}
{"@type":"excluded","time":"2024-01-22T09:32:39.034098+01:00[Europe/Zagreb]","kind":"bundled","chunkUniqueId":"bundled-js-predefined-1d06a55b98c1-56bbcd2c060c-JavaScript-IU-233.11799.241"}
{"@type":"excluded","time":"2024-01-22T12:31:28.622404+01:00[Europe/Zagreb]","kind":"bundled","chunkUniqueId":"bundled-js-predefined-1d06a55b98c1-56bbcd2c060c-JavaScript-IU-233.11799.241"}
{"@type":"excluded","time":"2024-01-22T13:33:24.59485+01:00[Europe/Zagreb]","kind":"bundled","chunkUniqueId":"bundled-js-predefined-1d06a55b98c1-56bbcd2c060c-JavaScript-IU-233.11799.241"}
