{
  "appInfo" : {
    "build" : "233.11799.241",
    "buildDate" : "2023-12-02T05:05:00Z[UTC]",
    "productCode" : "IU",
    "generated" : "2024-01-23T23:57:43.030439Z",
    "os" : "macOS 13.6",
    "runtime" : "JetBrains s.r.o. 17.0.9 17.0.9+7-b1087.7"
  },
  "runtimeInfo" : {
    "maxMemory" : 3170893824,
    "numberOfProcessors" : 4,
    "maxNumberOfIndexingThreads" : 3,
    "maxSizeOfFileForIntelliSense" : 2560000,
    "maxSizeOfFileForContentLoading" : 20971520
  },
  "type" : "Scanning",
  "projectIndexingActivityHistory" : {
    "projectName" : "untitled",
    "times" : {
      "scanningReason" : "changes in: \"Custom kind roots from entity (sodium, cubrid, couchbase, ..., empty)\"",
      "scanningType" : "PARTIAL",
      "scanningId" : 28,
      "creatingIteratorsTime" : 2000,
      "concurrentHandlingWallTimeWithoutPauses" : 294137000,
      "concurrentHandlingWallTimeWithPauses" : 294137000,
      "concurrentHandlingSumOfThreadTimesWithPauses" : 292544714,
      "concurrentIterationAndScannersApplicationSumOfThreadTimesWithPauses" : 5374429,
      "concurrentFileCheckSumOfThreadTimesWithPauses" : 287126240,
      "delayedPushPropertiesStageTime" : 6000,
      "indexExtensionsTime" : 0,
      "dumbWallTimeWithPauses" : 0,
      "dumbWallTimeWithoutPauses" : 0,
      "updatingStart" : "2024-01-23T23:57:42.722612Z",
      "updatingEnd" : "2024-01-23T23:57:43.028161Z",
      "totalWallTimeWithPauses" : 305555149,
      "wallTimeOnPause" : 0,
      "wasInterrupted" : false,
      "totalWallTimeWithoutPauses" : 305555149
    },
    "fileCount" : {
      "numberOfFileProviders" : 1,
      "numberOfScannedFiles" : 313,
      "numberOfFilesIndexedByInfrastructureExtensionsDuringScan" : 0,
      "numberOfFilesScheduledForIndexingAfterScan" : 0
    },
    "scanningStatistics" : [ {
      "providerName" : "Custom kind roots from entity (sodium, cubrid, couchbase, ..., empty)",
      "numberOfScannedFiles" : 313,
      "numberOfSkippedFiles" : 0,
      "numberOfFilesForIndexing" : 0,
      "numberOfFilesFullyIndexedByInfrastructureExtensions" : 0,
      "filesFullyIndexedByInfrastructureExtensions" : [ ],
      "statusTime" : 152396399,
      "totalOneThreadTimeWithPauses" : 292544714,
      "iterationAndScannersApplicationTime" : 5374429,
      "filesCheckTime" : 287126240,
      "timeProcessingUpToDateFiles" : 41039192,
      "timeUpdatingContentLessIndexes" : 0,
      "timeIndexingWithoutContentViaInfrastructureExtension" : 0,
      "roots" : [ ]
    } ]
  }
}