{
  "appInfo" : {
    "build" : "233.11799.241",
    "buildDate" : "2023-12-02T05:05:00Z[UTC]",
    "productCode" : "IU",
    "generated" : "2024-01-23T23:57:43.18549Z",
    "os" : "macOS 13.6",
    "runtime" : "JetBrains s.r.o. 17.0.9 17.0.9+7-b1087.7"
  },
  "runtimeInfo" : {
    "maxMemory" : 3170893824,
    "numberOfProcessors" : 4,
    "maxNumberOfIndexingThreads" : 3,
    "maxSizeOfFileForIntelliSense" : 2560000,
    "maxSizeOfFileForContentLoading" : 20971520
  },
  "type" : "Scanning",
  "projectIndexingActivityHistory" : {
    "projectName" : "untitled",
    "times" : {
      "scanningReason" : "changes in: \"External roots from entity (empty; empty; phpstorm-meta; empty)\"",
      "scanningType" : "PARTIAL",
      "scanningId" : 29,
      "creatingIteratorsTime" : 2000,
      "concurrentHandlingWallTimeWithoutPauses" : 10867000,
      "concurrentHandlingWallTimeWithPauses" : 11138000,
      "concurrentHandlingSumOfThreadTimesWithPauses" : 859321,
      "concurrentIterationAndScannersApplicationSumOfThreadTimesWithPauses" : 78914,
      "concurrentFileCheckSumOfThreadTimesWithPauses" : 746424,
      "delayedPushPropertiesStageTime" : 7000,
      "indexExtensionsTime" : 0,
      "dumbWallTimeWithPauses" : 0,
      "dumbWallTimeWithoutPauses" : 0,
      "updatingStart" : "2024-01-23T23:57:43.169997Z",
      "updatingEnd" : "2024-01-23T23:57:43.182214Z",
      "totalWallTimeWithPauses" : 12191642,
      "wallTimeOnPause" : 271000,
      "wasInterrupted" : false,
      "totalWallTimeWithoutPauses" : 11920642
    },
    "fileCount" : {
      "numberOfFileProviders" : 1,
      "numberOfScannedFiles" : 1,
      "numberOfFilesIndexedByInfrastructureExtensionsDuringScan" : 0,
      "numberOfFilesScheduledForIndexingAfterScan" : 0
    },
    "scanningStatistics" : [ {
      "providerName" : "External roots from entity (empty; empty; phpstorm-meta; empty)",
      "numberOfScannedFiles" : 1,
      "numberOfSkippedFiles" : 0,
      "numberOfFilesForIndexing" : 0,
      "numberOfFilesFullyIndexedByInfrastructureExtensions" : 0,
      "filesFullyIndexedByInfrastructureExtensions" : [ ],
      "statusTime" : 270193,
      "totalOneThreadTimeWithPauses" : 859321,
      "iterationAndScannersApplicationTime" : 78914,
      "filesCheckTime" : 746424,
      "timeProcessingUpToDateFiles" : 98371,
      "timeUpdatingContentLessIndexes" : 0,
      "timeIndexingWithoutContentViaInfrastructureExtension" : 0,
      "roots" : [ ]
    } ]
  }
}