# OpenTelemetry Metrics report: .csv, 4 fields: 
# <metric name>, <period start, nanoseconds>, <period end, nanoseconds>, <metric value>
# See CsvMetricsExporter for details.
# 
# NAME, PERIOD_START_NANOS, PERIOD_END_NANOS, VALUE
FlushQueue.queueSizeMax,1706055122263000000,1706055182277000000,36
FlushQueue.executionTime90PNs,1706055122263000000,1706055182277000000,20971519
FlushQueue.executionTimeAvgNs,1706055122263000000,1706055182277000000,2.6309365333333332E7
WriteAction.executionsCount,1706055122263000000,1706055182277000000,4
NonBlockingReadAction.failedExecutionsCount,1706055122263000000,1706055182277000000,0
AWTEventQueue.dispatchTimeAvgNs,1706055122263000000,1706055182277000000,3533031.761821366
NonBlockingReadAction.failedExecutionTimeUs,1706055122263000000,1706055182277000000,0
NonBlockingReadAction.finalizedExecutionTimeUs,1706055122263000000,1706055182277000000,2063833
FlushQueue.waitingTimeMaxNs,1706055122263000000,1706055182277000000,1249902591
AWTEventQueue.dispatchTimeTotalNS,1706055122263000000,1706055182277000000,8071168965
FlushQueue.waitingTimeAvgNs,1706055122263000000,1706055182277000000,9.717311209876543E7
FlushQueue.tasksExecuted,1706055122263000000,1706055182277000000,162
AWTEventQueue.dispatchTime90PNs,1706055122263000000,1706055182277000000,2359295
FlushQueue.waitingTime90PNs,1706055122263000000,1706055182277000000,316669951
FlushQueue.queueSizeAvg,1706055122263000000,1706055182277000000,1.7530864197530864
FlushQueue.executionTimeMaxNs,1706055122263000000,1706055182277000000,947912703
AWTEventQueue.dispatchTimeMaxNs,1706055122263000000,1706055182277000000,947912703
ReadAction.executionsCount,1706055122263000000,1706055182277000000,202
FlushQueue.queueSize90P,1706055122263000000,1706055182277000000,5
AWTEventQueue.eventsDispatched,1706055122263000000,1706055182277000000,2284
NonBlockingReadAction.finalizedExecutionsCount,1706055122263000000,1706055182277000000,3
jps.facet.change.listener.process.change.events.ms,1706055122263000000,1706055182277000000,1
workspaceModel.mutableEntityStorage.entities.by.source.ms,1706055122263000000,1706055182277000000,21
workspaceModel.global.updates.ms,1706055122263000000,1706055182277000000,0
workspaceModel.mutableEntityStorage.resolve.ms,1706055122263000000,1706055182277000000,0
jps.app.storage.content.reader.load.component.ms,1706055122263000000,1706055182277000000,0
workspaceModel.moduleManagerBridge.newModule.ms,1706055122263000000,1706055182277000000,0
jps.artifact.entities.serializer.load.entities.ms,1706055122263000000,1706055182277000000,0
workspaceModel.mutableEntityStorage.replace.by.source.ms,1706055122263000000,1706055182277000000,86
workspaceModel.mutableEntityStorage.add.entity.ms,1706055122263000000,1706055182277000000,253
workspaceModel.global.apply.state.to.project.builder.ms,1706055122263000000,1706055182277000000,5
workspaceModel.mutableEntityStorage.put.entity.ms,1706055122263000000,1706055182277000000,115
jps.facet.change.listener.before.change.events.ms,1706055122263000000,1706055182277000000,1
jps.global.initialize.library.bridges.after.loading.ms,1706055122263000000,1706055182277000000,0
jps.facet.change.listener.init.bridge.ms,1706055122263000000,1706055182277000000,0
jps.project.serializers.load.ms,1706055122263000000,1706055182277000000,1067
jps.module.iml.entities.serializer.save.entities.ms,1706055122263000000,1706055182277000000,0
workspaceModel.mutableEntityStorage.has.same.entities.ms,1706055122263000000,1706055182277000000,0
jps.save.global.entities.ms,1706055122263000000,1706055182277000000,0
workspaceModel.mutableEntityStorage.mutable.ext.mapping.ms,1706055122263000000,1706055182277000000,2
workspaceModel.mutableEntityStorage.entities.ms,1706055122263000000,1706055182277000000,0
jps.save.changed.project.entities.ms,1706055122263000000,1706055182277000000,0
jps.load.initial.state.ms,1706055122263000000,1706055182277000000,12
jps.storage.jps.conf.reader.load.component.ms,1706055122263000000,1706055182277000000,56
jps.reload.project.entities.ms,1706055122263000000,1706055182277000000,0
workspaceModel.moduleManagerBridge.new.nonPersistent.module.ms,1706055122263000000,1706055182277000000,0
workspaceModel.moduleBridge.update.option.ms,1706055122263000000,1706055182277000000,0
workspaceModel.mutableEntityStorage.referrers.ms,1706055122263000000,1706055182277000000,0
workspaceModel.moduleManagerBridge.set.unloadedModules.ms,1706055122263000000,1706055182277000000,0
workspaceModel.mutableEntityStorage.to.snapshot.ms,1706055122263000000,1706055182277000000,15
jps.artifact.entities.serializer.save.entities.ms,1706055122263000000,1706055182277000000,0
workspaceModel.save.cache.to.file.ms,1706055122263000000,1706055182277000000,624
jps.global.initialize.library.bridges.ms,1706055122263000000,1706055182277000000,0
workspaceModel.moduleManagerBridge.load.all.modules.ms,1706055122263000000,1706055182277000000,57
jps.global.handle.changed.events.ms,1706055122263000000,1706055182277000000,0
jps.global.get.library.ms,1706055122263000000,1706055182277000000,0
jps.global.get.libraries.ms,1706055122263000000,1706055182277000000,1
jps.global.handle.before.change.events.ms,1706055122263000000,1706055182277000000,0
workspaceModel.moduleBridgeLoader.loading.modules.ms,1706055122263000000,1706055182277000000,3732
jps.library.entities.serializer.load.entities.ms,1706055122263000000,1706055182277000000,0
workspaceModel.mutableEntityStorage.add.diff.ms,1706055122263000000,1706055182277000000,61
workspaceModel.mutableEntityStorage.modify.entity.ms,1706055122263000000,1706055182277000000,0
workspaceModel.moduleManagerBridge.create.module.instance.ms,1706055122263000000,1706055182277000000,0
workspaceModel.load.cache.from.file.ms,1706055122263000000,1706055182277000000,0
jps.module.iml.entities.serializer.load.entities.ms,1706055122263000000,1706055182277000000,855
jps.library.entities.serializer.save.entities.ms,1706055122263000000,1706055182277000000,0
workspaceModel.moduleManagerBridge.load.module.ms,1706055122263000000,1706055182277000000,0
workspaceModel.mutableEntityStorage.remove.entity.ms,1706055122263000000,1706055182277000000,0
workspaceModel.moduleBridge.facet.initialization.ms,1706055122263000000,1706055182277000000,0
jps.apply.loaded.storage.ms,1706055122263000000,1706055182277000000,1311
workspaceModel.sync.entities.ms,1706055122263000000,1706055182277000000,0
workspaceModel.global.updates.count,1706055122263000000,1706055182277000000,0
workspaceModel.orphan.listener.update.ms,1706055122263000000,1706055182277000000,4
workspaceModel.mutableEntityStorage.mutable.vfurl.index.ms,1706055122263000000,1706055182277000000,2
jps.global.get.library.by.name.ms,1706055122263000000,1706055182277000000,0
workspaceModel.moduleBridge.before.changed.ms,1706055122263000000,1706055182277000000,0
jps.project.serializers.save.ms,1706055122263000000,1706055182277000000,0
workspaceModel.load.cache.metadata.from.file.ms,1706055122263000000,1706055182277000000,0
workspaceModel.mutableEntityStorage.collect.changes.ms,1706055122263000000,1706055182277000000,6
workspaceModel.moduleManagerBridge.build.module.graph.ms,1706055122263000000,1706055182277000000,0
workspaceModel.moduleManagerBridge.get.modules.ms,1706055122263000000,1706055182277000000,2
jps.load.project.to.empty.storage.ms,1706055122263000000,1706055182277000000,1392
workspaceModel.global.apply.state.to.project.ms,1706055122263000000,1706055182277000000,0
FileNameCache.queries,1706055122263000000,1706055182277000000,9869
FileNameCache.totalMisses,1706055122263000000,1706055182277000000,0
IndexesFlusher.totalFlushingTimeUs,1706055122263000000,1706055182277000000,1256282
IndexesFlusher.totalFlushesRetried,1706055122263000000,1706055182277000000,4
IndexesFlusher.totalFlushes,1706055122263000000,1706055182277000000,106
IndexesFlusher.totalContentionQuotaSpent,1706055122263000000,1706055182277000000,210
FilePageCache.pageLoadsAboveSizeThreshold,1706055122263000000,1706055182277000000,0
MappedFileStorage.storages,1706055122263000000,1706055182277000000,6
FilePageCacheLockFree.totalNativeBytesReclaimed,1706055122263000000,1706055182277000000,0
FileChannelInterruptsRetryer.totalRetriedAttempts,1706055122263000000,1706055182277000000,0
FilePageCacheLockFree.totalPagesReadMs,1706055122263000000,1706055182277000000,2
DirectByteBufferAllocator.hits,1706055122263000000,1706055182277000000,5
FilePageCache.pageLoads,1706055122263000000,1706055182277000000,424
FilePageCacheLockFree.totalPagesAllocated,1706055122263000000,1706055182277000000,2
FilePageCacheLockFree.housekeeperTimeSpentMs,1706055122263000000,1706055182277000000,496
FilePageCacheLockFree.totalPagesRequested,1706055122263000000,1706055182277000000,29
StreamlinedBlobStorage.totalLiveRecordsCapacityBytes,1706055122263000000,1706055182277000000,5182
FilePageCache.disposedBuffers,1706055122263000000,1706055182277000000,5
FilePageCacheLockFree.housekeeperTurnsDone,1706055122263000000,1706055182277000000,120
DirectByteBufferAllocator.disposed,1706055122263000000,1706055182277000000,0
StreamlinedBlobStorage.totalLiveRecordsPayloadBytes,1706055122263000000,1706055182277000000,703
FilePageCache.uncachedFileAccess,1706055122263000000,1706055182277000000,681
DirectByteBufferAllocator.totalSizeOfBuffersAllocatedInBytes,1706055122263000000,1706055182277000000,437288960
FilePageCache.totalPageLoadsUs,1706055122263000000,1706055182277000000,1735922
MappedFileStorage.totalPagesMapped,1706055122263000000,1706055182277000000,6
FilePageCacheLockFree.totalNativeBytesAllocated,1706055122263000000,1706055182277000000,16384
FilePageCacheLockFree.totalPagesHandedOver,1706055122263000000,1706055182277000000,0
FilePageCacheLockFree.totalBytesRead,1706055122263000000,1706055182277000000,0
StorageLockContext.competingThreads.avg,1706055122263000000,1706055182277000000,0.07894736842105263
DirectByteBufferAllocator.totalSizeOfBuffersCachedInBytes,1706055122263000000,1706055182277000000,0
FilePageCacheLockFree.totalPagesRequestsMs,1706055122263000000,1706055182277000000,16
StreamlinedBlobStorage.recordsRelocated,1706055122263000000,1706055182277000000,0
FilePageCache.pageHits,1706055122263000000,1706055182277000000,0
FilePageCache.pageFastCacheHits,1706055122263000000,1706055182277000000,29327
StorageLockContext.competingThreads.max,1706055122263000000,1706055182277000000,2
FilePageCache.capacityInBytes,1706055122263000000,1706055182277000000,503316478
FilePageCacheLockFree.totalBytesRequested,1706055122263000000,1706055182277000000,237568
FilePageCache.totalPageDisposalsUs,1706055122263000000,1706055182277000000,12122
FilePageCacheLockFree.heapBytesInUse,1706055122263000000,1706055182277000000,0
FilePageCacheLockFree.totalHeapBytesReclaimed,1706055122263000000,1706055182277000000,0
DirectByteBufferAllocator.misses,1706055122263000000,1706055182277000000,421
FilePageCacheLockFree.totalBytesWritten,1706055122263000000,1706055182277000000,1589
MappedFileStorage.totalBytesMapped,1706055122263000000,1706055182277000000,98566144
DirectByteBufferAllocator.reclaimed,1706055122263000000,1706055182277000000,5
FilePageCacheLockFree.nativeBytesInUse,1706055122263000000,1706055182277000000,16384
StreamlinedBlobStorage.recordsDeleted,1706055122263000000,1706055182277000000,0
FilePageCacheLockFree.totalPagesWritten,1706055122263000000,1706055182277000000,3
FilePageCacheLockFree.totalPagesReclaimed,1706055122263000000,1706055182277000000,0
StorageLockContext.competingThreads.90P,1706055122263000000,1706055182277000000,0
StreamlinedBlobStorage.recordsAllocated,1706055122263000000,1706055182277000000,73
FilePageCacheLockFree.totalClosedStoragesReclaimed,1706055122263000000,1706055182277000000,0
FilePageCacheLockFree.totalPageAllocationsWaited,1706055122263000000,1706055182277000000,0
FilePageCacheLockFree.housekeeperTurnsSkipped,1706055122263000000,1706055182277000000,43341
FilePageCacheLockFree.totalPagesWriteMs,1706055122263000000,1706055182277000000,0
FilePageCache.maxCacheSizeInBytes,1706055122263000000,1706055182277000000,437272576
FilePageCache.maxRegisteredFiles,1706055122263000000,1706055182277000000,1133
MappedFileStorage.totalTimeSpentOnMappingUs,1706055122263000000,1706055182277000000,2918421
FilePageCacheLockFree.totalHeapBytesAllocated,1706055122263000000,1706055182277000000,0
workspaceModel.updates.precise.ms,1706055122263000000,1706055182277000000,82
workspaceModel.replace.project.model.ms,1706055122263000000,1706055182277000000,0
workspaceModel.updates.ms,1706055122263000000,1706055182277000000,584
workspaceModel.initializing.ms,1706055122263000000,1706055182277000000,4
workspaceModel.collect.changes.ms,1706055122263000000,1706055182277000000,2
workspaceModel.check.recursive.update.ms,1706055122263000000,1706055182277000000,1
workspaceModel.updates.count,1706055122263000000,1706055182277000000,1
workspaceModel.loading.from.cache.ms,1706055122263000000,1706055182277000000,108
workspaceModel.loading.total.ms,1706055122263000000,1706055182277000000,126
workspaceModel.to.snapshot.ms,1706055122263000000,1706055182277000000,15
workspaceModel.init.bridges.ms,1706055122263000000,1706055182277000000,4
workspaceModel.update.unloaded.entities.ms,1706055122263000000,1706055182277000000,0
workspaceModel.pre.handlers.ms,1706055122263000000,1706055182277000000,5
FlushQueue.queueSizeMax,1706055182277000000,1706055242274000000,0
FlushQueue.executionTime90PNs,1706055182277000000,1706055242274000000,151551
FlushQueue.executionTimeAvgNs,1706055182277000000,1706055242274000000,82292.86956521739
WriteAction.executionsCount,1706055182277000000,1706055242274000000,0
NonBlockingReadAction.failedExecutionsCount,1706055182277000000,1706055242274000000,0
AWTEventQueue.dispatchTimeAvgNs,1706055182277000000,1706055242274000000,1173641.1740614334
NonBlockingReadAction.failedExecutionTimeUs,1706055182277000000,1706055242274000000,0
NonBlockingReadAction.finalizedExecutionTimeUs,1706055182277000000,1706055242274000000,0
FlushQueue.waitingTimeMaxNs,1706055182277000000,1706055242274000000,250609663
AWTEventQueue.dispatchTimeTotalNS,1706055182277000000,1706055242274000000,689339401
FlushQueue.waitingTimeAvgNs,1706055182277000000,1706055242274000000,1.191061147826087E7
FlushQueue.tasksExecuted,1706055182277000000,1706055242274000000,23
AWTEventQueue.dispatchTime90PNs,1706055182277000000,1706055242274000000,1409023
FlushQueue.waitingTime90PNs,1706055182277000000,1706055242274000000,3129343
FlushQueue.queueSizeAvg,1706055182277000000,1706055242274000000,0.0
FlushQueue.executionTimeMaxNs,1706055182277000000,1706055242274000000,292863
AWTEventQueue.dispatchTimeMaxNs,1706055182277000000,1706055242274000000,158334975
ReadAction.executionsCount,1706055182277000000,1706055242274000000,0
FlushQueue.queueSize90P,1706055182277000000,1706055242274000000,0
AWTEventQueue.eventsDispatched,1706055182277000000,1706055242274000000,586
NonBlockingReadAction.finalizedExecutionsCount,1706055182277000000,1706055242274000000,0
jps.facet.change.listener.process.change.events.ms,1706055182277000000,1706055242274000000,1
workspaceModel.mutableEntityStorage.entities.by.source.ms,1706055182277000000,1706055242274000000,21
workspaceModel.global.updates.ms,1706055182277000000,1706055242274000000,0
workspaceModel.mutableEntityStorage.resolve.ms,1706055182277000000,1706055242274000000,0
jps.app.storage.content.reader.load.component.ms,1706055182277000000,1706055242274000000,0
workspaceModel.moduleManagerBridge.newModule.ms,1706055182277000000,1706055242274000000,0
jps.artifact.entities.serializer.load.entities.ms,1706055182277000000,1706055242274000000,0
workspaceModel.mutableEntityStorage.replace.by.source.ms,1706055182277000000,1706055242274000000,86
workspaceModel.mutableEntityStorage.add.entity.ms,1706055182277000000,1706055242274000000,253
workspaceModel.global.apply.state.to.project.builder.ms,1706055182277000000,1706055242274000000,5
workspaceModel.mutableEntityStorage.put.entity.ms,1706055182277000000,1706055242274000000,115
jps.facet.change.listener.before.change.events.ms,1706055182277000000,1706055242274000000,1
jps.global.initialize.library.bridges.after.loading.ms,1706055182277000000,1706055242274000000,0
jps.facet.change.listener.init.bridge.ms,1706055182277000000,1706055242274000000,0
jps.project.serializers.load.ms,1706055182277000000,1706055242274000000,1067
jps.module.iml.entities.serializer.save.entities.ms,1706055182277000000,1706055242274000000,0
workspaceModel.mutableEntityStorage.has.same.entities.ms,1706055182277000000,1706055242274000000,0
jps.save.global.entities.ms,1706055182277000000,1706055242274000000,0
workspaceModel.mutableEntityStorage.mutable.ext.mapping.ms,1706055182277000000,1706055242274000000,2
workspaceModel.mutableEntityStorage.entities.ms,1706055182277000000,1706055242274000000,0
jps.save.changed.project.entities.ms,1706055182277000000,1706055242274000000,0
jps.load.initial.state.ms,1706055182277000000,1706055242274000000,12
jps.storage.jps.conf.reader.load.component.ms,1706055182277000000,1706055242274000000,56
jps.reload.project.entities.ms,1706055182277000000,1706055242274000000,0
workspaceModel.moduleManagerBridge.new.nonPersistent.module.ms,1706055182277000000,1706055242274000000,0
workspaceModel.moduleBridge.update.option.ms,1706055182277000000,1706055242274000000,0
workspaceModel.mutableEntityStorage.referrers.ms,1706055182277000000,1706055242274000000,0
workspaceModel.moduleManagerBridge.set.unloadedModules.ms,1706055182277000000,1706055242274000000,0
workspaceModel.mutableEntityStorage.to.snapshot.ms,1706055182277000000,1706055242274000000,15
jps.artifact.entities.serializer.save.entities.ms,1706055182277000000,1706055242274000000,0
workspaceModel.save.cache.to.file.ms,1706055182277000000,1706055242274000000,624
jps.global.initialize.library.bridges.ms,1706055182277000000,1706055242274000000,0
workspaceModel.moduleManagerBridge.load.all.modules.ms,1706055182277000000,1706055242274000000,57
jps.global.handle.changed.events.ms,1706055182277000000,1706055242274000000,0
jps.global.get.library.ms,1706055182277000000,1706055242274000000,0
jps.global.get.libraries.ms,1706055182277000000,1706055242274000000,1
jps.global.handle.before.change.events.ms,1706055182277000000,1706055242274000000,0
workspaceModel.moduleBridgeLoader.loading.modules.ms,1706055182277000000,1706055242274000000,3732
jps.library.entities.serializer.load.entities.ms,1706055182277000000,1706055242274000000,0
workspaceModel.mutableEntityStorage.add.diff.ms,1706055182277000000,1706055242274000000,61
workspaceModel.mutableEntityStorage.modify.entity.ms,1706055182277000000,1706055242274000000,0
workspaceModel.moduleManagerBridge.create.module.instance.ms,1706055182277000000,1706055242274000000,0
workspaceModel.load.cache.from.file.ms,1706055182277000000,1706055242274000000,0
jps.module.iml.entities.serializer.load.entities.ms,1706055182277000000,1706055242274000000,855
jps.library.entities.serializer.save.entities.ms,1706055182277000000,1706055242274000000,0
workspaceModel.moduleManagerBridge.load.module.ms,1706055182277000000,1706055242274000000,0
workspaceModel.mutableEntityStorage.remove.entity.ms,1706055182277000000,1706055242274000000,0
workspaceModel.moduleBridge.facet.initialization.ms,1706055182277000000,1706055242274000000,0
jps.apply.loaded.storage.ms,1706055182277000000,1706055242274000000,1311
workspaceModel.sync.entities.ms,1706055182277000000,1706055242274000000,0
workspaceModel.global.updates.count,1706055182277000000,1706055242274000000,0
workspaceModel.orphan.listener.update.ms,1706055182277000000,1706055242274000000,4
workspaceModel.mutableEntityStorage.mutable.vfurl.index.ms,1706055182277000000,1706055242274000000,2
jps.global.get.library.by.name.ms,1706055182277000000,1706055242274000000,0
workspaceModel.moduleBridge.before.changed.ms,1706055182277000000,1706055242274000000,0
jps.project.serializers.save.ms,1706055182277000000,1706055242274000000,0
workspaceModel.load.cache.metadata.from.file.ms,1706055182277000000,1706055242274000000,0
workspaceModel.mutableEntityStorage.collect.changes.ms,1706055182277000000,1706055242274000000,6
workspaceModel.moduleManagerBridge.build.module.graph.ms,1706055182277000000,1706055242274000000,0
workspaceModel.moduleManagerBridge.get.modules.ms,1706055182277000000,1706055242274000000,2
jps.load.project.to.empty.storage.ms,1706055182277000000,1706055242274000000,1392
workspaceModel.global.apply.state.to.project.ms,1706055182277000000,1706055242274000000,0
FileNameCache.queries,1706055182277000000,1706055242274000000,0
FileNameCache.totalMisses,1706055182277000000,1706055242274000000,0
IndexesFlusher.totalFlushingTimeUs,1706055182277000000,1706055242274000000,757260
IndexesFlusher.totalFlushesRetried,1706055182277000000,1706055242274000000,0
IndexesFlusher.totalFlushes,1706055182277000000,1706055242274000000,36
IndexesFlusher.totalContentionQuotaSpent,1706055182277000000,1706055242274000000,0
FilePageCache.pageLoadsAboveSizeThreshold,1706055182277000000,1706055242274000000,0
MappedFileStorage.storages,1706055182277000000,1706055242274000000,6
FilePageCacheLockFree.totalNativeBytesReclaimed,1706055182277000000,1706055242274000000,0
FileChannelInterruptsRetryer.totalRetriedAttempts,1706055182277000000,1706055242274000000,0
FilePageCacheLockFree.totalPagesReadMs,1706055182277000000,1706055242274000000,0
DirectByteBufferAllocator.hits,1706055182277000000,1706055242274000000,0
FilePageCache.pageLoads,1706055182277000000,1706055242274000000,0
FilePageCacheLockFree.totalPagesAllocated,1706055182277000000,1706055242274000000,0
FilePageCacheLockFree.housekeeperTimeSpentMs,1706055182277000000,1706055242274000000,287
FilePageCacheLockFree.totalPagesRequested,1706055182277000000,1706055242274000000,0
StreamlinedBlobStorage.totalLiveRecordsCapacityBytes,1706055182277000000,1706055242274000000,0
FilePageCache.disposedBuffers,1706055182277000000,1706055242274000000,0
FilePageCacheLockFree.housekeeperTurnsDone,1706055182277000000,1706055242274000000,36
DirectByteBufferAllocator.disposed,1706055182277000000,1706055242274000000,0
StreamlinedBlobStorage.totalLiveRecordsPayloadBytes,1706055182277000000,1706055242274000000,0
FilePageCache.uncachedFileAccess,1706055182277000000,1706055242274000000,0
DirectByteBufferAllocator.totalSizeOfBuffersAllocatedInBytes,1706055182277000000,1706055242274000000,437288960
FilePageCache.totalPageLoadsUs,1706055182277000000,1706055242274000000,0
MappedFileStorage.totalPagesMapped,1706055182277000000,1706055242274000000,6
FilePageCacheLockFree.totalNativeBytesAllocated,1706055182277000000,1706055242274000000,0
FilePageCacheLockFree.totalPagesHandedOver,1706055182277000000,1706055242274000000,0
FilePageCacheLockFree.totalBytesRead,1706055182277000000,1706055242274000000,0
StorageLockContext.competingThreads.avg,1706055182277000000,1706055242274000000,0.0
DirectByteBufferAllocator.totalSizeOfBuffersCachedInBytes,1706055182277000000,1706055242274000000,0
FilePageCacheLockFree.totalPagesRequestsMs,1706055182277000000,1706055242274000000,0
StreamlinedBlobStorage.recordsRelocated,1706055182277000000,1706055242274000000,0
FilePageCache.pageHits,1706055182277000000,1706055242274000000,0
FilePageCache.pageFastCacheHits,1706055182277000000,1706055242274000000,0
StorageLockContext.competingThreads.max,1706055182277000000,1706055242274000000,0
FilePageCache.capacityInBytes,1706055182277000000,1706055242274000000,503316478
FilePageCacheLockFree.totalBytesRequested,1706055182277000000,1706055242274000000,0
FilePageCache.totalPageDisposalsUs,1706055182277000000,1706055242274000000,0
FilePageCacheLockFree.heapBytesInUse,1706055182277000000,1706055242274000000,0
FilePageCacheLockFree.totalHeapBytesReclaimed,1706055182277000000,1706055242274000000,0
DirectByteBufferAllocator.misses,1706055182277000000,1706055242274000000,0
FilePageCacheLockFree.totalBytesWritten,1706055182277000000,1706055242274000000,0
MappedFileStorage.totalBytesMapped,1706055182277000000,1706055242274000000,98566144
DirectByteBufferAllocator.reclaimed,1706055182277000000,1706055242274000000,0
FilePageCacheLockFree.nativeBytesInUse,1706055182277000000,1706055242274000000,16384
StreamlinedBlobStorage.recordsDeleted,1706055182277000000,1706055242274000000,0
FilePageCacheLockFree.totalPagesWritten,1706055182277000000,1706055242274000000,0
FilePageCacheLockFree.totalPagesReclaimed,1706055182277000000,1706055242274000000,0
StorageLockContext.competingThreads.90P,1706055182277000000,1706055242274000000,0
StreamlinedBlobStorage.recordsAllocated,1706055182277000000,1706055242274000000,0
FilePageCacheLockFree.totalClosedStoragesReclaimed,1706055182277000000,1706055242274000000,0
FilePageCacheLockFree.totalPageAllocationsWaited,1706055182277000000,1706055242274000000,0
FilePageCacheLockFree.housekeeperTurnsSkipped,1706055182277000000,1706055242274000000,9505
FilePageCacheLockFree.totalPagesWriteMs,1706055182277000000,1706055242274000000,0
FilePageCache.maxCacheSizeInBytes,1706055182277000000,1706055242274000000,437272576
FilePageCache.maxRegisteredFiles,1706055182277000000,1706055242274000000,1133
MappedFileStorage.totalTimeSpentOnMappingUs,1706055182277000000,1706055242274000000,2918421
FilePageCacheLockFree.totalHeapBytesAllocated,1706055182277000000,1706055242274000000,0
workspaceModel.updates.precise.ms,1706055182277000000,1706055242274000000,82
workspaceModel.replace.project.model.ms,1706055182277000000,1706055242274000000,0
workspaceModel.updates.ms,1706055182277000000,1706055242274000000,584
workspaceModel.initializing.ms,1706055182277000000,1706055242274000000,4
workspaceModel.collect.changes.ms,1706055182277000000,1706055242274000000,2
workspaceModel.check.recursive.update.ms,1706055182277000000,1706055242274000000,1
workspaceModel.updates.count,1706055182277000000,1706055242274000000,1
workspaceModel.loading.from.cache.ms,1706055182277000000,1706055242274000000,108
workspaceModel.loading.total.ms,1706055182277000000,1706055242274000000,126
workspaceModel.to.snapshot.ms,1706055182277000000,1706055242274000000,15
workspaceModel.init.bridges.ms,1706055182277000000,1706055242274000000,4
workspaceModel.update.unloaded.entities.ms,1706055182277000000,1706055242274000000,0
workspaceModel.pre.handlers.ms,1706055182277000000,1706055242274000000,5
FlushQueue.queueSizeMax,1706055242274000000,1706055302271000000,221
FlushQueue.executionTime90PNs,1706055242274000000,1706055302271000000,1712127
FlushQueue.executionTimeAvgNs,1706055242274000000,1706055302271000000,1.0481143041278295E8
WriteAction.executionsCount,1706055242274000000,1706055302271000000,23
NonBlockingReadAction.failedExecutionsCount,1706055242274000000,1706055302271000000,1
AWTEventQueue.dispatchTimeAvgNs,1706055242274000000,1706055302271000000,3213438.4898876403
NonBlockingReadAction.failedExecutionTimeUs,1706055242274000000,1706055302271000000,6620
NonBlockingReadAction.finalizedExecutionTimeUs,1706055242274000000,1706055302271000000,1591384
FlushQueue.waitingTimeMaxNs,1706055242274000000,1706055302271000000,1811939327
AWTEventQueue.dispatchTimeTotalNS,1706055242274000000,1706055302271000000,11440236062
FlushQueue.waitingTimeAvgNs,1706055242274000000,1706055302271000000,4.205100806817576E8
FlushQueue.tasksExecuted,1706055242274000000,1706055302271000000,1502
AWTEventQueue.dispatchTime90PNs,1706055242274000000,1706055302271000000,1581055
FlushQueue.waitingTime90PNs,1706055242274000000,1706055302271000000,1166016511
FlushQueue.queueSizeAvg,1706055242274000000,1706055302271000000,50.55126498002663
FlushQueue.executionTimeMaxNs,1706055242274000000,1706055302271000000,152471339007
AWTEventQueue.dispatchTimeMaxNs,1706055242274000000,1706055302271000000,692060159
ReadAction.executionsCount,1706055242274000000,1706055302271000000,121366
FlushQueue.queueSize90P,1706055242274000000,1706055302271000000,102
AWTEventQueue.eventsDispatched,1706055242274000000,1706055302271000000,3560
NonBlockingReadAction.finalizedExecutionsCount,1706055242274000000,1706055302271000000,850
jps.facet.change.listener.process.change.events.ms,1706055242274000000,1706055302271000000,1
workspaceModel.mutableEntityStorage.entities.by.source.ms,1706055242274000000,1706055302271000000,21
workspaceModel.global.updates.ms,1706055242274000000,1706055302271000000,0
workspaceModel.mutableEntityStorage.resolve.ms,1706055242274000000,1706055302271000000,0
jps.app.storage.content.reader.load.component.ms,1706055242274000000,1706055302271000000,0
workspaceModel.moduleManagerBridge.newModule.ms,1706055242274000000,1706055302271000000,0
jps.artifact.entities.serializer.load.entities.ms,1706055242274000000,1706055302271000000,0
workspaceModel.mutableEntityStorage.replace.by.source.ms,1706055242274000000,1706055302271000000,94
workspaceModel.mutableEntityStorage.add.entity.ms,1706055242274000000,1706055302271000000,276
workspaceModel.global.apply.state.to.project.builder.ms,1706055242274000000,1706055302271000000,6
workspaceModel.mutableEntityStorage.put.entity.ms,1706055242274000000,1706055302271000000,120
jps.facet.change.listener.before.change.events.ms,1706055242274000000,1706055302271000000,1
jps.global.initialize.library.bridges.after.loading.ms,1706055242274000000,1706055302271000000,0
jps.facet.change.listener.init.bridge.ms,1706055242274000000,1706055302271000000,0
jps.project.serializers.load.ms,1706055242274000000,1706055302271000000,1079
jps.module.iml.entities.serializer.save.entities.ms,1706055242274000000,1706055302271000000,0
workspaceModel.mutableEntityStorage.has.same.entities.ms,1706055242274000000,1706055302271000000,0
jps.save.global.entities.ms,1706055242274000000,1706055302271000000,0
workspaceModel.mutableEntityStorage.mutable.ext.mapping.ms,1706055242274000000,1706055302271000000,2
workspaceModel.mutableEntityStorage.entities.ms,1706055242274000000,1706055302271000000,0
jps.save.changed.project.entities.ms,1706055242274000000,1706055302271000000,0
jps.load.initial.state.ms,1706055242274000000,1706055302271000000,12
jps.storage.jps.conf.reader.load.component.ms,1706055242274000000,1706055302271000000,57
jps.reload.project.entities.ms,1706055242274000000,1706055302271000000,0
workspaceModel.moduleManagerBridge.new.nonPersistent.module.ms,1706055242274000000,1706055302271000000,0
workspaceModel.moduleBridge.update.option.ms,1706055242274000000,1706055302271000000,0
workspaceModel.mutableEntityStorage.referrers.ms,1706055242274000000,1706055302271000000,0
workspaceModel.moduleManagerBridge.set.unloadedModules.ms,1706055242274000000,1706055302271000000,0
workspaceModel.mutableEntityStorage.to.snapshot.ms,1706055242274000000,1706055302271000000,17
jps.artifact.entities.serializer.save.entities.ms,1706055242274000000,1706055302271000000,0
workspaceModel.save.cache.to.file.ms,1706055242274000000,1706055302271000000,692
jps.global.initialize.library.bridges.ms,1706055242274000000,1706055302271000000,0
workspaceModel.moduleManagerBridge.load.all.modules.ms,1706055242274000000,1706055302271000000,62
jps.global.handle.changed.events.ms,1706055242274000000,1706055302271000000,0
jps.global.get.library.ms,1706055242274000000,1706055302271000000,0
jps.global.get.libraries.ms,1706055242274000000,1706055302271000000,4
jps.global.handle.before.change.events.ms,1706055242274000000,1706055302271000000,0
workspaceModel.moduleBridgeLoader.loading.modules.ms,1706055242274000000,1706055302271000000,5747
jps.library.entities.serializer.load.entities.ms,1706055242274000000,1706055302271000000,0
workspaceModel.mutableEntityStorage.add.diff.ms,1706055242274000000,1706055302271000000,73
workspaceModel.mutableEntityStorage.modify.entity.ms,1706055242274000000,1706055302271000000,0
workspaceModel.moduleManagerBridge.create.module.instance.ms,1706055242274000000,1706055302271000000,0
workspaceModel.load.cache.from.file.ms,1706055242274000000,1706055302271000000,0
jps.module.iml.entities.serializer.load.entities.ms,1706055242274000000,1706055302271000000,857
jps.library.entities.serializer.save.entities.ms,1706055242274000000,1706055302271000000,0
workspaceModel.moduleManagerBridge.load.module.ms,1706055242274000000,1706055302271000000,0
workspaceModel.mutableEntityStorage.remove.entity.ms,1706055242274000000,1706055302271000000,0
workspaceModel.moduleBridge.facet.initialization.ms,1706055242274000000,1706055302271000000,0
jps.apply.loaded.storage.ms,1706055242274000000,1706055302271000000,1982
workspaceModel.sync.entities.ms,1706055242274000000,1706055302271000000,0
workspaceModel.global.updates.count,1706055242274000000,1706055302271000000,0
workspaceModel.orphan.listener.update.ms,1706055242274000000,1706055302271000000,10
workspaceModel.mutableEntityStorage.mutable.vfurl.index.ms,1706055242274000000,1706055302271000000,2
jps.global.get.library.by.name.ms,1706055242274000000,1706055302271000000,0
workspaceModel.moduleBridge.before.changed.ms,1706055242274000000,1706055302271000000,0
jps.project.serializers.save.ms,1706055242274000000,1706055302271000000,0
workspaceModel.load.cache.metadata.from.file.ms,1706055242274000000,1706055302271000000,0
workspaceModel.mutableEntityStorage.collect.changes.ms,1706055242274000000,1706055302271000000,9
workspaceModel.moduleManagerBridge.build.module.graph.ms,1706055242274000000,1706055302271000000,0
workspaceModel.moduleManagerBridge.get.modules.ms,1706055242274000000,1706055302271000000,2
jps.load.project.to.empty.storage.ms,1706055242274000000,1706055302271000000,1409
workspaceModel.global.apply.state.to.project.ms,1706055242274000000,1706055302271000000,0
FileNameCache.queries,1706055242274000000,1706055302271000000,1659209
FileNameCache.totalMisses,1706055242274000000,1706055302271000000,914
Indexes.stubs.lookups,1706055242274000000,1706055302271000000,1.0
Indexes.allKeys.lookupDurationMaxMs,1706055242274000000,1706055302271000000,0.0
IndexesFlusher.totalFlushesRetried,1706055242274000000,1706055302271000000,0
IndexesFlusher.totalFlushes,1706055242274000000,1706055302271000000,27
Indexes.allKeys.lookupDurationAvgMs,1706055242274000000,1706055302271000000,0.0
IndexesFlusher.totalContentionQuotaSpent,1706055242274000000,1706055302271000000,0
Indexes.entries.lookupDurationMaxMs,1706055242274000000,1706055302271000000,8.0
Indexes.allKeys.lookupDuration90PMs,1706055242274000000,1706055302271000000,0.0
Indexes.allKeys.lookups,1706055242274000000,1706055302271000000,0.0
IndexesFlusher.totalFlushingTimeUs,1706055242274000000,1706055302271000000,554685
Indexes.entries.lookupDurationAvgMs,1706055242274000000,1706055302271000000,4.666666666666667
Indexes.stubs.lookupDurationAvgMs,1706055242274000000,1706055302271000000,8.0
Indexes.stubs.lookupDurationMaxMs,1706055242274000000,1706055302271000000,8.0
Indexes.stubs.lookupDuration90PMs,1706055242274000000,1706055302271000000,8.0
Indexes.entries.lookupDuration90PMs,1706055242274000000,1706055302271000000,8.0
Indexes.entries.lookups,1706055242274000000,1706055302271000000,3.0
FilePageCache.pageLoadsAboveSizeThreshold,1706055242274000000,1706055302271000000,59
MappedFileStorage.storages,1706055242274000000,1706055302271000000,10
FilePageCacheLockFree.totalNativeBytesReclaimed,1706055242274000000,1706055302271000000,0
FileChannelInterruptsRetryer.totalRetriedAttempts,1706055242274000000,1706055302271000000,0
FilePageCacheLockFree.totalPagesReadMs,1706055242274000000,1706055302271000000,0
DirectByteBufferAllocator.hits,1706055242274000000,1706055302271000000,58
FilePageCache.pageLoads,1706055242274000000,1706055302271000000,62
FilePageCacheLockFree.totalPagesAllocated,1706055242274000000,1706055302271000000,1
FilePageCacheLockFree.housekeeperTimeSpentMs,1706055242274000000,1706055302271000000,80
FilePageCacheLockFree.totalPagesRequested,1706055242274000000,1706055302271000000,33
StreamlinedBlobStorage.totalLiveRecordsCapacityBytes,1706055242274000000,1706055302271000000,565930
FilePageCache.disposedBuffers,1706055242274000000,1706055302271000000,61
FilePageCacheLockFree.housekeeperTurnsDone,1706055242274000000,1706055302271000000,59
DirectByteBufferAllocator.disposed,1706055242274000000,1706055302271000000,0
StreamlinedBlobStorage.totalLiveRecordsPayloadBytes,1706055242274000000,1706055302271000000,101773
FilePageCache.uncachedFileAccess,1706055242274000000,1706055302271000000,215
DirectByteBufferAllocator.totalSizeOfBuffersAllocatedInBytes,1706055242274000000,1706055302271000000,503357440
FilePageCache.totalPageLoadsUs,1706055242274000000,1706055302271000000,452978
MappedFileStorage.totalPagesMapped,1706055242274000000,1706055302271000000,10
FilePageCacheLockFree.totalNativeBytesAllocated,1706055242274000000,1706055302271000000,8192
FilePageCacheLockFree.totalPagesHandedOver,1706055242274000000,1706055302271000000,0
FilePageCacheLockFree.totalBytesRead,1706055242274000000,1706055302271000000,0
StorageLockContext.competingThreads.avg,1706055242274000000,1706055302271000000,0.0
DirectByteBufferAllocator.totalSizeOfBuffersCachedInBytes,1706055242274000000,1706055302271000000,1064960
FilePageCacheLockFree.totalPagesRequestsMs,1706055242274000000,1706055302271000000,0
StreamlinedBlobStorage.recordsRelocated,1706055242274000000,1706055302271000000,0
FilePageCache.pageHits,1706055242274000000,1706055302271000000,0
FilePageCache.pageFastCacheHits,1706055242274000000,1706055302271000000,92661
StorageLockContext.competingThreads.max,1706055242274000000,1706055302271000000,0
FilePageCache.capacityInBytes,1706055242274000000,1706055302271000000,503316478
FilePageCacheLockFree.totalBytesRequested,1706055242274000000,1706055302271000000,270336
FilePageCache.totalPageDisposalsUs,1706055242274000000,1706055302271000000,16249
FilePageCacheLockFree.heapBytesInUse,1706055242274000000,1706055302271000000,0
FilePageCacheLockFree.totalHeapBytesReclaimed,1706055242274000000,1706055302271000000,0
DirectByteBufferAllocator.misses,1706055242274000000,1706055302271000000,64
FilePageCacheLockFree.totalBytesWritten,1706055242274000000,1706055302271000000,10228
MappedFileStorage.totalBytesMapped,1706055242274000000,1706055302271000000,111411200
DirectByteBufferAllocator.reclaimed,1706055242274000000,1706055302271000000,61
FilePageCacheLockFree.nativeBytesInUse,1706055242274000000,1706055302271000000,24576
StreamlinedBlobStorage.recordsDeleted,1706055242274000000,1706055302271000000,1
FilePageCacheLockFree.totalPagesWritten,1706055242274000000,1706055302271000000,4
FilePageCacheLockFree.totalPagesReclaimed,1706055242274000000,1706055302271000000,0
StorageLockContext.competingThreads.90P,1706055242274000000,1706055302271000000,0
StreamlinedBlobStorage.recordsAllocated,1706055242274000000,1706055302271000000,8065
FilePageCacheLockFree.totalClosedStoragesReclaimed,1706055242274000000,1706055302271000000,0
FilePageCacheLockFree.totalPageAllocationsWaited,1706055242274000000,1706055302271000000,0
FilePageCacheLockFree.housekeeperTurnsSkipped,1706055242274000000,1706055302271000000,20292
FilePageCacheLockFree.totalPagesWriteMs,1706055242274000000,1706055302271000000,1
FilePageCache.maxCacheSizeInBytes,1706055242274000000,1706055302271000000,503324672
FilePageCache.maxRegisteredFiles,1706055242274000000,1706055302271000000,1386
MappedFileStorage.totalTimeSpentOnMappingUs,1706055242274000000,1706055302271000000,3095255
FilePageCacheLockFree.totalHeapBytesAllocated,1706055242274000000,1706055302271000000,0
workspaceModel.updates.precise.ms,1706055242274000000,1706055302271000000,97
workspaceModel.replace.project.model.ms,1706055242274000000,1706055302271000000,0
workspaceModel.updates.ms,1706055242274000000,1706055302271000000,686
workspaceModel.initializing.ms,1706055242274000000,1706055302271000000,4
workspaceModel.collect.changes.ms,1706055242274000000,1706055302271000000,2
workspaceModel.check.recursive.update.ms,1706055242274000000,1706055302271000000,8
workspaceModel.updates.count,1706055242274000000,1706055302271000000,5
workspaceModel.loading.from.cache.ms,1706055242274000000,1706055302271000000,109
workspaceModel.loading.total.ms,1706055242274000000,1706055302271000000,128
workspaceModel.to.snapshot.ms,1706055242274000000,1706055302271000000,17
workspaceModel.init.bridges.ms,1706055242274000000,1706055302271000000,4
workspaceModel.update.unloaded.entities.ms,1706055242274000000,1706055302271000000,0
workspaceModel.pre.handlers.ms,1706055242274000000,1706055302271000000,8
FlushQueue.queueSizeMax,1706055302271000000,1706055362274000000,503
FlushQueue.executionTime90PNs,1706055302271000000,1706055362274000000,452607
FlushQueue.executionTimeAvgNs,1706055302271000000,1706055362274000000,8074708.855397821
WriteAction.executionsCount,1706055302271000000,1706055362274000000,76
NonBlockingReadAction.failedExecutionsCount,1706055302271000000,1706055362274000000,39
AWTEventQueue.dispatchTimeAvgNs,1706055302271000000,1706055362274000000,1200546.2476190475
NonBlockingReadAction.failedExecutionTimeUs,1706055302271000000,1706055362274000000,5162965
NonBlockingReadAction.finalizedExecutionTimeUs,1706055302271000000,1706055362274000000,19935737
FlushQueue.waitingTimeMaxNs,1706055302271000000,1706055362274000000,1266679807
AWTEventQueue.dispatchTimeTotalNS,1706055302271000000,1706055362274000000,13612353432
FlushQueue.waitingTimeAvgNs,1706055302271000000,1706055362274000000,2.352431763090129E8
FlushQueue.tasksExecuted,1706055302271000000,1706055362274000000,3029
AWTEventQueue.dispatchTime90PNs,1706055302271000000,1706055362274000000,696319
FlushQueue.waitingTime90PNs,1706055302271000000,1706055362274000000,775946239
FlushQueue.queueSizeAvg,1706055302271000000,1706055362274000000,116.73753714097062
FlushQueue.executionTimeMaxNs,1706055302271000000,1706055362274000000,18387828735
AWTEventQueue.dispatchTimeMaxNs,1706055302271000000,1706055362274000000,1048575999
ReadAction.executionsCount,1706055302271000000,1706055362274000000,59678
FlushQueue.queueSize90P,1706055302271000000,1706055362274000000,459
AWTEventQueue.eventsDispatched,1706055302271000000,1706055362274000000,11340
NonBlockingReadAction.finalizedExecutionsCount,1706055302271000000,1706055362274000000,1027
jps.facet.change.listener.process.change.events.ms,1706055302271000000,1706055362274000000,1
workspaceModel.delayed.project.synchronizer.sync.ms,1706055302271000000,1706055362274000000,0
workspaceModel.mutableEntityStorage.entities.by.source.ms,1706055302271000000,1706055362274000000,22
workspaceModel.global.updates.ms,1706055302271000000,1706055362274000000,0
workspaceModel.mutableEntityStorage.resolve.ms,1706055302271000000,1706055362274000000,0
jps.app.storage.content.reader.load.component.ms,1706055302271000000,1706055362274000000,0
workspaceModel.moduleManagerBridge.newModule.ms,1706055302271000000,1706055362274000000,0
jps.artifact.entities.serializer.load.entities.ms,1706055302271000000,1706055362274000000,0
workspaceModel.mutableEntityStorage.replace.by.source.ms,1706055302271000000,1706055362274000000,97
workspaceModel.mutableEntityStorage.add.entity.ms,1706055302271000000,1706055362274000000,285
workspaceModel.global.apply.state.to.project.builder.ms,1706055302271000000,1706055362274000000,7
workspaceModel.mutableEntityStorage.put.entity.ms,1706055302271000000,1706055362274000000,121
jps.facet.change.listener.before.change.events.ms,1706055302271000000,1706055362274000000,1
jps.global.initialize.library.bridges.after.loading.ms,1706055302271000000,1706055362274000000,0
jps.facet.change.listener.init.bridge.ms,1706055302271000000,1706055362274000000,0
jps.project.serializers.load.ms,1706055302271000000,1706055362274000000,1082
jps.module.iml.entities.serializer.save.entities.ms,1706055302271000000,1706055362274000000,0
workspaceModel.mutableEntityStorage.has.same.entities.ms,1706055302271000000,1706055362274000000,0
jps.save.global.entities.ms,1706055302271000000,1706055362274000000,0
workspaceModel.mutableEntityStorage.mutable.ext.mapping.ms,1706055302271000000,1706055362274000000,2
workspaceModel.mutableEntityStorage.entities.ms,1706055302271000000,1706055362274000000,0
jps.save.changed.project.entities.ms,1706055302271000000,1706055362274000000,3
jps.load.initial.state.ms,1706055302271000000,1706055362274000000,12
jps.storage.jps.conf.reader.load.component.ms,1706055302271000000,1706055362274000000,59
jps.reload.project.entities.ms,1706055302271000000,1706055362274000000,0
workspaceModel.moduleManagerBridge.new.nonPersistent.module.ms,1706055302271000000,1706055362274000000,0
workspaceModel.moduleBridge.update.option.ms,1706055302271000000,1706055362274000000,0
workspaceModel.mutableEntityStorage.referrers.ms,1706055302271000000,1706055362274000000,0
workspaceModel.moduleManagerBridge.set.unloadedModules.ms,1706055302271000000,1706055362274000000,0
workspaceModel.mutableEntityStorage.to.snapshot.ms,1706055302271000000,1706055362274000000,20
jps.artifact.entities.serializer.save.entities.ms,1706055302271000000,1706055362274000000,0
workspaceModel.save.cache.to.file.ms,1706055302271000000,1706055362274000000,743
jps.global.initialize.library.bridges.ms,1706055302271000000,1706055362274000000,0
workspaceModel.moduleManagerBridge.load.all.modules.ms,1706055302271000000,1706055362274000000,65
jps.global.handle.changed.events.ms,1706055302271000000,1706055362274000000,0
jps.global.get.library.ms,1706055302271000000,1706055362274000000,0
jps.global.get.libraries.ms,1706055302271000000,1706055362274000000,4
jps.global.handle.before.change.events.ms,1706055302271000000,1706055362274000000,0
workspaceModel.moduleBridgeLoader.loading.modules.ms,1706055302271000000,1706055362274000000,6858
jps.library.entities.serializer.load.entities.ms,1706055302271000000,1706055362274000000,0
workspaceModel.mutableEntityStorage.add.diff.ms,1706055302271000000,1706055362274000000,118
workspaceModel.mutableEntityStorage.modify.entity.ms,1706055302271000000,1706055362274000000,0
workspaceModel.moduleManagerBridge.create.module.instance.ms,1706055302271000000,1706055362274000000,0
workspaceModel.load.cache.from.file.ms,1706055302271000000,1706055362274000000,0
jps.module.iml.entities.serializer.load.entities.ms,1706055302271000000,1706055362274000000,859
jps.library.entities.serializer.save.entities.ms,1706055302271000000,1706055362274000000,0
workspaceModel.moduleManagerBridge.load.module.ms,1706055302271000000,1706055362274000000,0
workspaceModel.mutableEntityStorage.remove.entity.ms,1706055302271000000,1706055362274000000,0
workspaceModel.moduleBridge.facet.initialization.ms,1706055302271000000,1706055362274000000,0
jps.apply.loaded.storage.ms,1706055302271000000,1706055362274000000,3071
workspaceModel.sync.entities.ms,1706055302271000000,1706055362274000000,0
workspaceModel.global.updates.count,1706055302271000000,1706055362274000000,0
workspaceModel.orphan.listener.update.ms,1706055302271000000,1706055362274000000,388
workspaceModel.mutableEntityStorage.mutable.vfurl.index.ms,1706055302271000000,1706055362274000000,2
jps.global.get.library.by.name.ms,1706055302271000000,1706055362274000000,0
workspaceModel.moduleBridge.before.changed.ms,1706055302271000000,1706055362274000000,0
jps.project.serializers.save.ms,1706055302271000000,1706055362274000000,3
workspaceModel.load.cache.metadata.from.file.ms,1706055302271000000,1706055362274000000,0
workspaceModel.mutableEntityStorage.collect.changes.ms,1706055302271000000,1706055362274000000,10
workspaceModel.moduleManagerBridge.build.module.graph.ms,1706055302271000000,1706055362274000000,1
workspaceModel.moduleManagerBridge.get.modules.ms,1706055302271000000,1706055362274000000,2
jps.load.project.to.empty.storage.ms,1706055302271000000,1706055362274000000,1416
workspaceModel.global.apply.state.to.project.ms,1706055302271000000,1706055362274000000,0
FileNameCache.queries,1706055302271000000,1706055362274000000,118446
FileNameCache.totalMisses,1706055302271000000,1706055362274000000,176
Indexes.stubs.lookups,1706055302271000000,1706055362274000000,4.0
Indexes.allKeys.lookupDurationMaxMs,1706055302271000000,1706055362274000000,2.0
IndexesFlusher.totalFlushesRetried,1706055302271000000,1706055362274000000,0
IndexesFlusher.totalFlushes,1706055302271000000,1706055362274000000,106
Indexes.allKeys.lookupDurationAvgMs,1706055302271000000,1706055362274000000,1.3333333333333333
IndexesFlusher.totalContentionQuotaSpent,1706055302271000000,1706055362274000000,13
Indexes.entries.lookupDurationMaxMs,1706055302271000000,1706055362274000000,62.0
Indexes.allKeys.lookupDuration90PMs,1706055302271000000,1706055362274000000,2.0
Indexes.allKeys.lookups,1706055302271000000,1706055362274000000,3.0
IndexesFlusher.totalFlushingTimeUs,1706055302271000000,1706055362274000000,2370214
Indexes.entries.lookupDurationAvgMs,1706055302271000000,1706055362274000000,23.3
Indexes.stubs.lookupDurationAvgMs,1706055302271000000,1706055362274000000,10.5
Indexes.stubs.lookupDurationMaxMs,1706055302271000000,1706055362274000000,24.0
Indexes.stubs.lookupDuration90PMs,1706055302271000000,1706055362274000000,24.0
Indexes.entries.lookupDuration90PMs,1706055302271000000,1706055362274000000,38.0
Indexes.entries.lookups,1706055302271000000,1706055362274000000,10.0
FilePageCache.pageLoadsAboveSizeThreshold,1706055302271000000,1706055362274000000,367
MappedFileStorage.storages,1706055302271000000,1706055362274000000,15
FilePageCacheLockFree.totalNativeBytesReclaimed,1706055302271000000,1706055362274000000,0
FileChannelInterruptsRetryer.totalRetriedAttempts,1706055302271000000,1706055362274000000,0
FilePageCacheLockFree.totalPagesReadMs,1706055302271000000,1706055362274000000,0
DirectByteBufferAllocator.hits,1706055302271000000,1706055362274000000,486
FilePageCache.pageLoads,1706055302271000000,1706055362274000000,247
FilePageCacheLockFree.totalPagesAllocated,1706055302271000000,1706055362274000000,1
FilePageCacheLockFree.housekeeperTimeSpentMs,1706055302271000000,1706055362274000000,103
FilePageCacheLockFree.totalPagesRequested,1706055302271000000,1706055362274000000,49
StreamlinedBlobStorage.totalLiveRecordsCapacityBytes,1706055302271000000,1706055362274000000,241749
FilePageCache.disposedBuffers,1706055302271000000,1706055362274000000,612
FilePageCacheLockFree.housekeeperTurnsDone,1706055302271000000,1706055362274000000,119
DirectByteBufferAllocator.disposed,1706055302271000000,1706055362274000000,128
StreamlinedBlobStorage.totalLiveRecordsPayloadBytes,1706055302271000000,1706055362274000000,163489
FilePageCache.uncachedFileAccess,1706055302271000000,1706055362274000000,1419
DirectByteBufferAllocator.totalSizeOfBuffersAllocatedInBytes,1706055302271000000,1706055362274000000,503365632
FilePageCache.totalPageLoadsUs,1706055302271000000,1706055362274000000,1112000
MappedFileStorage.totalPagesMapped,1706055302271000000,1706055362274000000,15
FilePageCacheLockFree.totalNativeBytesAllocated,1706055302271000000,1706055362274000000,8192
FilePageCacheLockFree.totalPagesHandedOver,1706055302271000000,1706055362274000000,0
FilePageCacheLockFree.totalBytesRead,1706055302271000000,1706055362274000000,0
StorageLockContext.competingThreads.avg,1706055302271000000,1706055362274000000,0.03333333333333333
DirectByteBufferAllocator.totalSizeOfBuffersCachedInBytes,1706055302271000000,1706055362274000000,1048576
FilePageCacheLockFree.totalPagesRequestsMs,1706055302271000000,1706055362274000000,0
StreamlinedBlobStorage.recordsRelocated,1706055302271000000,1706055362274000000,0
FilePageCache.pageHits,1706055302271000000,1706055362274000000,0
FilePageCache.pageFastCacheHits,1706055302271000000,1706055362274000000,449168
StorageLockContext.competingThreads.max,1706055302271000000,1706055362274000000,3
FilePageCache.capacityInBytes,1706055302271000000,1706055362274000000,503316478
FilePageCacheLockFree.totalBytesRequested,1706055302271000000,1706055362274000000,401408
FilePageCache.totalPageDisposalsUs,1706055302271000000,1706055362274000000,749
FilePageCacheLockFree.heapBytesInUse,1706055302271000000,1706055362274000000,0
FilePageCacheLockFree.totalHeapBytesReclaimed,1706055302271000000,1706055362274000000,0
DirectByteBufferAllocator.misses,1706055302271000000,1706055362274000000,129
FilePageCacheLockFree.totalBytesWritten,1706055302271000000,1706055362274000000,13565
MappedFileStorage.totalBytesMapped,1706055302271000000,1706055362274000000,132382720
DirectByteBufferAllocator.reclaimed,1706055302271000000,1706055362274000000,484
FilePageCacheLockFree.nativeBytesInUse,1706055302271000000,1706055362274000000,32768
StreamlinedBlobStorage.recordsDeleted,1706055302271000000,1706055362274000000,1
FilePageCacheLockFree.totalPagesWritten,1706055302271000000,1706055362274000000,5
FilePageCacheLockFree.totalPagesReclaimed,1706055302271000000,1706055362274000000,0
StorageLockContext.competingThreads.90P,1706055302271000000,1706055362274000000,0
StreamlinedBlobStorage.recordsAllocated,1706055302271000000,1706055362274000000,821
FilePageCacheLockFree.totalClosedStoragesReclaimed,1706055302271000000,1706055362274000000,0
FilePageCacheLockFree.totalPageAllocationsWaited,1706055302271000000,1706055362274000000,0
FilePageCacheLockFree.housekeeperTurnsSkipped,1706055302271000000,1706055362274000000,45634
FilePageCacheLockFree.totalPagesWriteMs,1706055302271000000,1706055362274000000,1
FilePageCache.maxCacheSizeInBytes,1706055302271000000,1706055362274000000,503324672
FilePageCache.maxRegisteredFiles,1706055302271000000,1706055362274000000,1386
MappedFileStorage.totalTimeSpentOnMappingUs,1706055302271000000,1706055362274000000,3508719
FilePageCacheLockFree.totalHeapBytesAllocated,1706055302271000000,1706055362274000000,0
workspaceModel.updates.precise.ms,1706055302271000000,1706055362274000000,145
workspaceModel.replace.project.model.ms,1706055302271000000,1706055362274000000,0
workspaceModel.updates.ms,1706055302271000000,1706055362274000000,1147
workspaceModel.initializing.ms,1706055302271000000,1706055362274000000,4
workspaceModel.collect.changes.ms,1706055302271000000,1706055362274000000,2
workspaceModel.check.recursive.update.ms,1706055302271000000,1706055362274000000,9
workspaceModel.updates.count,1706055302271000000,1706055362274000000,12
workspaceModel.loading.from.cache.ms,1706055302271000000,1706055362274000000,110
workspaceModel.loading.total.ms,1706055302271000000,1706055362274000000,132
workspaceModel.to.snapshot.ms,1706055302271000000,1706055362274000000,20
workspaceModel.init.bridges.ms,1706055302271000000,1706055362274000000,4
workspaceModel.update.unloaded.entities.ms,1706055302271000000,1706055362274000000,0
workspaceModel.pre.handlers.ms,1706055302271000000,1706055362274000000,9
JVM.maxNativeBytes,1706055302271000000,1706055362274000000,-1
JVM.usedHeapBytes,1706055302271000000,1706055362274000000,455081984
JVM.totalBytesAllocated,1706055302271000000,1706055362274000000,4071707248
JVM.GC.collections,1706055302271000000,1706055362274000000,51
OS.loadAverage,1706055302271000000,1706055362274000000,8.3056640625
JVM.maxHeapBytes,1706055302271000000,1706055362274000000,2147483648
JVM.totalCpuTimeMs,1706055302271000000,1706055362274000000,174991
JVM.usedNativeBytes,1706055302271000000,1706055362274000000,417121432
JVM.threadCount,1706055302271000000,1706055362274000000,122
JVM.GC.collectionTimesMs,1706055302271000000,1706055362274000000,1128
FlushQueue.queueSizeMax,1706055362274000000,1706055422275000000,15
FlushQueue.executionTime90PNs,1706055362274000000,1706055422275000000,491519
FlushQueue.executionTimeAvgNs,1706055362274000000,1706055422275000000,1426853.837735849
WriteAction.executionsCount,1706055362274000000,1706055422275000000,9
NonBlockingReadAction.failedExecutionsCount,1706055362274000000,1706055422275000000,0
AWTEventQueue.dispatchTimeAvgNs,1706055362274000000,1706055422275000000,750910.9505300353
NonBlockingReadAction.failedExecutionTimeUs,1706055362274000000,1706055422275000000,0
NonBlockingReadAction.finalizedExecutionTimeUs,1706055362274000000,1706055422275000000,112166
FlushQueue.waitingTimeMaxNs,1706055362274000000,1706055422275000000,813694975
AWTEventQueue.dispatchTimeTotalNS,1706055362274000000,1706055422275000000,3399698137
FlushQueue.waitingTimeAvgNs,1706055362274000000,1706055422275000000,1.1202600143396227E7
FlushQueue.tasksExecuted,1706055362274000000,1706055422275000000,530
AWTEventQueue.dispatchTime90PNs,1706055362274000000,1706055422275000000,749567
FlushQueue.waitingTime90PNs,1706055362274000000,1706055422275000000,36962303
FlushQueue.queueSizeAvg,1706055362274000000,1706055422275000000,1.6886792452830188
FlushQueue.executionTimeMaxNs,1706055362274000000,1706055422275000000,186646527
AWTEventQueue.dispatchTimeMaxNs,1706055362274000000,1706055422275000000,276824063
ReadAction.executionsCount,1706055362274000000,1706055422275000000,7095
FlushQueue.queueSize90P,1706055362274000000,1706055422275000000,6
AWTEventQueue.eventsDispatched,1706055362274000000,1706055422275000000,4528
NonBlockingReadAction.finalizedExecutionsCount,1706055362274000000,1706055422275000000,15
jps.facet.change.listener.process.change.events.ms,1706055362274000000,1706055422275000000,1
workspaceModel.delayed.project.synchronizer.sync.ms,1706055362274000000,1706055422275000000,0
workspaceModel.mutableEntityStorage.entities.by.source.ms,1706055362274000000,1706055422275000000,22
workspaceModel.global.updates.ms,1706055362274000000,1706055422275000000,0
workspaceModel.mutableEntityStorage.resolve.ms,1706055362274000000,1706055422275000000,0
jps.app.storage.content.reader.load.component.ms,1706055362274000000,1706055422275000000,0
workspaceModel.moduleManagerBridge.newModule.ms,1706055362274000000,1706055422275000000,0
jps.artifact.entities.serializer.load.entities.ms,1706055362274000000,1706055422275000000,0
workspaceModel.mutableEntityStorage.replace.by.source.ms,1706055362274000000,1706055422275000000,97
workspaceModel.mutableEntityStorage.add.entity.ms,1706055362274000000,1706055422275000000,285
workspaceModel.global.apply.state.to.project.builder.ms,1706055362274000000,1706055422275000000,7
workspaceModel.mutableEntityStorage.put.entity.ms,1706055362274000000,1706055422275000000,121
jps.facet.change.listener.before.change.events.ms,1706055362274000000,1706055422275000000,1
jps.global.initialize.library.bridges.after.loading.ms,1706055362274000000,1706055422275000000,0
jps.facet.change.listener.init.bridge.ms,1706055362274000000,1706055422275000000,0
jps.project.serializers.load.ms,1706055362274000000,1706055422275000000,1082
jps.module.iml.entities.serializer.save.entities.ms,1706055362274000000,1706055422275000000,0
workspaceModel.mutableEntityStorage.has.same.entities.ms,1706055362274000000,1706055422275000000,0
jps.save.global.entities.ms,1706055362274000000,1706055422275000000,0
workspaceModel.mutableEntityStorage.mutable.ext.mapping.ms,1706055362274000000,1706055422275000000,2
workspaceModel.mutableEntityStorage.entities.ms,1706055362274000000,1706055422275000000,0
jps.save.changed.project.entities.ms,1706055362274000000,1706055422275000000,3
jps.load.initial.state.ms,1706055362274000000,1706055422275000000,12
jps.storage.jps.conf.reader.load.component.ms,1706055362274000000,1706055422275000000,59
jps.reload.project.entities.ms,1706055362274000000,1706055422275000000,0
workspaceModel.moduleManagerBridge.new.nonPersistent.module.ms,1706055362274000000,1706055422275000000,0
workspaceModel.moduleBridge.update.option.ms,1706055362274000000,1706055422275000000,0
workspaceModel.mutableEntityStorage.referrers.ms,1706055362274000000,1706055422275000000,0
workspaceModel.moduleManagerBridge.set.unloadedModules.ms,1706055362274000000,1706055422275000000,0
workspaceModel.mutableEntityStorage.to.snapshot.ms,1706055362274000000,1706055422275000000,20
jps.artifact.entities.serializer.save.entities.ms,1706055362274000000,1706055422275000000,0
workspaceModel.save.cache.to.file.ms,1706055362274000000,1706055422275000000,743
jps.global.initialize.library.bridges.ms,1706055362274000000,1706055422275000000,0
workspaceModel.moduleManagerBridge.load.all.modules.ms,1706055362274000000,1706055422275000000,65
jps.global.handle.changed.events.ms,1706055362274000000,1706055422275000000,0
jps.global.get.library.ms,1706055362274000000,1706055422275000000,0
jps.global.get.libraries.ms,1706055362274000000,1706055422275000000,4
jps.global.handle.before.change.events.ms,1706055362274000000,1706055422275000000,0
workspaceModel.moduleBridgeLoader.loading.modules.ms,1706055362274000000,1706055422275000000,6858
jps.library.entities.serializer.load.entities.ms,1706055362274000000,1706055422275000000,0
workspaceModel.mutableEntityStorage.add.diff.ms,1706055362274000000,1706055422275000000,118
workspaceModel.mutableEntityStorage.modify.entity.ms,1706055362274000000,1706055422275000000,0
workspaceModel.moduleManagerBridge.create.module.instance.ms,1706055362274000000,1706055422275000000,0
workspaceModel.load.cache.from.file.ms,1706055362274000000,1706055422275000000,0
jps.module.iml.entities.serializer.load.entities.ms,1706055362274000000,1706055422275000000,859
jps.library.entities.serializer.save.entities.ms,1706055362274000000,1706055422275000000,0
workspaceModel.moduleManagerBridge.load.module.ms,1706055362274000000,1706055422275000000,0
workspaceModel.mutableEntityStorage.remove.entity.ms,1706055362274000000,1706055422275000000,0
workspaceModel.moduleBridge.facet.initialization.ms,1706055362274000000,1706055422275000000,0
jps.apply.loaded.storage.ms,1706055362274000000,1706055422275000000,3071
workspaceModel.sync.entities.ms,1706055362274000000,1706055422275000000,0
workspaceModel.global.updates.count,1706055362274000000,1706055422275000000,0
workspaceModel.orphan.listener.update.ms,1706055362274000000,1706055422275000000,388
workspaceModel.mutableEntityStorage.mutable.vfurl.index.ms,1706055362274000000,1706055422275000000,2
jps.global.get.library.by.name.ms,1706055362274000000,1706055422275000000,0
workspaceModel.moduleBridge.before.changed.ms,1706055362274000000,1706055422275000000,0
jps.project.serializers.save.ms,1706055362274000000,1706055422275000000,3
workspaceModel.load.cache.metadata.from.file.ms,1706055362274000000,1706055422275000000,0
workspaceModel.mutableEntityStorage.collect.changes.ms,1706055362274000000,1706055422275000000,10
workspaceModel.moduleManagerBridge.build.module.graph.ms,1706055362274000000,1706055422275000000,1
workspaceModel.moduleManagerBridge.get.modules.ms,1706055362274000000,1706055422275000000,2
jps.load.project.to.empty.storage.ms,1706055362274000000,1706055422275000000,1416
workspaceModel.global.apply.state.to.project.ms,1706055362274000000,1706055422275000000,0
FileNameCache.queries,1706055362274000000,1706055422275000000,5005
FileNameCache.totalMisses,1706055362274000000,1706055422275000000,7
Indexes.stubs.lookups,1706055362274000000,1706055422275000000,1.0
Indexes.allKeys.lookupDurationMaxMs,1706055362274000000,1706055422275000000,0.0
IndexesFlusher.totalFlushesRetried,1706055362274000000,1706055422275000000,0
IndexesFlusher.totalFlushes,1706055362274000000,1706055422275000000,135
Indexes.allKeys.lookupDurationAvgMs,1706055362274000000,1706055422275000000,0.0
IndexesFlusher.totalContentionQuotaSpent,1706055362274000000,1706055422275000000,0
Indexes.entries.lookupDurationMaxMs,1706055362274000000,1706055422275000000,1.0
Indexes.allKeys.lookupDuration90PMs,1706055362274000000,1706055422275000000,0.0
Indexes.allKeys.lookups,1706055362274000000,1706055422275000000,1.0
IndexesFlusher.totalFlushingTimeUs,1706055362274000000,1706055422275000000,1314989
Indexes.entries.lookupDurationAvgMs,1706055362274000000,1706055422275000000,1.0
Indexes.stubs.lookupDurationAvgMs,1706055362274000000,1706055422275000000,13.0
Indexes.stubs.lookupDurationMaxMs,1706055362274000000,1706055422275000000,13.0
Indexes.stubs.lookupDuration90PMs,1706055362274000000,1706055422275000000,13.0
Indexes.entries.lookupDuration90PMs,1706055362274000000,1706055422275000000,1.0
Indexes.entries.lookups,1706055362274000000,1706055422275000000,1.0
FilePageCache.pageLoadsAboveSizeThreshold,1706055362274000000,1706055422275000000,0
MappedFileStorage.storages,1706055362274000000,1706055422275000000,15
FilePageCacheLockFree.totalNativeBytesReclaimed,1706055362274000000,1706055422275000000,0
FileChannelInterruptsRetryer.totalRetriedAttempts,1706055362274000000,1706055422275000000,0
FilePageCacheLockFree.totalPagesReadMs,1706055362274000000,1706055422275000000,0
DirectByteBufferAllocator.hits,1706055362274000000,1706055422275000000,0
FilePageCache.pageLoads,1706055362274000000,1706055422275000000,0
FilePageCacheLockFree.totalPagesAllocated,1706055362274000000,1706055422275000000,0
FilePageCacheLockFree.housekeeperTimeSpentMs,1706055362274000000,1706055422275000000,74
FilePageCacheLockFree.totalPagesRequested,1706055362274000000,1706055422275000000,0
StreamlinedBlobStorage.totalLiveRecordsCapacityBytes,1706055362274000000,1706055422275000000,350
FilePageCache.disposedBuffers,1706055362274000000,1706055422275000000,0
FilePageCacheLockFree.housekeeperTurnsDone,1706055362274000000,1706055422275000000,107
DirectByteBufferAllocator.disposed,1706055362274000000,1706055422275000000,0
StreamlinedBlobStorage.totalLiveRecordsPayloadBytes,1706055362274000000,1706055422275000000,75
FilePageCache.uncachedFileAccess,1706055362274000000,1706055422275000000,2
DirectByteBufferAllocator.totalSizeOfBuffersAllocatedInBytes,1706055362274000000,1706055422275000000,503365632
FilePageCache.totalPageLoadsUs,1706055362274000000,1706055422275000000,0
MappedFileStorage.totalPagesMapped,1706055362274000000,1706055422275000000,15
FilePageCacheLockFree.totalNativeBytesAllocated,1706055362274000000,1706055422275000000,0
FilePageCacheLockFree.totalPagesHandedOver,1706055362274000000,1706055422275000000,0
FilePageCacheLockFree.totalBytesRead,1706055362274000000,1706055422275000000,0
StorageLockContext.competingThreads.avg,1706055362274000000,1706055422275000000,0.0
DirectByteBufferAllocator.totalSizeOfBuffersCachedInBytes,1706055362274000000,1706055422275000000,1048576
FilePageCacheLockFree.totalPagesRequestsMs,1706055362274000000,1706055422275000000,0
StreamlinedBlobStorage.recordsRelocated,1706055362274000000,1706055422275000000,0
FilePageCache.pageHits,1706055362274000000,1706055422275000000,0
FilePageCache.pageFastCacheHits,1706055362274000000,1706055422275000000,158
StorageLockContext.competingThreads.max,1706055362274000000,1706055422275000000,0
FilePageCache.capacityInBytes,1706055362274000000,1706055422275000000,503316478
FilePageCacheLockFree.totalBytesRequested,1706055362274000000,1706055422275000000,0
FilePageCache.totalPageDisposalsUs,1706055362274000000,1706055422275000000,0
FilePageCacheLockFree.heapBytesInUse,1706055362274000000,1706055422275000000,0
FilePageCacheLockFree.totalHeapBytesReclaimed,1706055362274000000,1706055422275000000,0
DirectByteBufferAllocator.misses,1706055362274000000,1706055422275000000,0
FilePageCacheLockFree.totalBytesWritten,1706055362274000000,1706055422275000000,0
MappedFileStorage.totalBytesMapped,1706055362274000000,1706055422275000000,132382720
DirectByteBufferAllocator.reclaimed,1706055362274000000,1706055422275000000,0
FilePageCacheLockFree.nativeBytesInUse,1706055362274000000,1706055422275000000,32768
StreamlinedBlobStorage.recordsDeleted,1706055362274000000,1706055422275000000,0
FilePageCacheLockFree.totalPagesWritten,1706055362274000000,1706055422275000000,0
FilePageCacheLockFree.totalPagesReclaimed,1706055362274000000,1706055422275000000,0
StorageLockContext.competingThreads.90P,1706055362274000000,1706055422275000000,0
StreamlinedBlobStorage.recordsAllocated,1706055362274000000,1706055422275000000,5
FilePageCacheLockFree.totalClosedStoragesReclaimed,1706055362274000000,1706055422275000000,0
FilePageCacheLockFree.totalPageAllocationsWaited,1706055362274000000,1706055422275000000,0
FilePageCacheLockFree.housekeeperTurnsSkipped,1706055362274000000,1706055422275000000,39715
FilePageCacheLockFree.totalPagesWriteMs,1706055362274000000,1706055422275000000,0
FilePageCache.maxCacheSizeInBytes,1706055362274000000,1706055422275000000,503324672
FilePageCache.maxRegisteredFiles,1706055362274000000,1706055422275000000,1386
MappedFileStorage.totalTimeSpentOnMappingUs,1706055362274000000,1706055422275000000,3508719
FilePageCacheLockFree.totalHeapBytesAllocated,1706055362274000000,1706055422275000000,0
workspaceModel.updates.precise.ms,1706055362274000000,1706055422275000000,145
workspaceModel.replace.project.model.ms,1706055362274000000,1706055422275000000,0
workspaceModel.updates.ms,1706055362274000000,1706055422275000000,1147
workspaceModel.initializing.ms,1706055362274000000,1706055422275000000,4
workspaceModel.collect.changes.ms,1706055362274000000,1706055422275000000,2
workspaceModel.check.recursive.update.ms,1706055362274000000,1706055422275000000,9
workspaceModel.updates.count,1706055362274000000,1706055422275000000,12
workspaceModel.loading.from.cache.ms,1706055362274000000,1706055422275000000,110
workspaceModel.loading.total.ms,1706055362274000000,1706055422275000000,132
workspaceModel.to.snapshot.ms,1706055362274000000,1706055422275000000,20
workspaceModel.init.bridges.ms,1706055362274000000,1706055422275000000,4
workspaceModel.update.unloaded.entities.ms,1706055362274000000,1706055422275000000,0
workspaceModel.pre.handlers.ms,1706055362274000000,1706055422275000000,9
JVM.maxNativeBytes,1706055362274000000,1706055422275000000,-1
JVM.usedHeapBytes,1706055362274000000,1706055422275000000,533725184
JVM.totalBytesAllocated,1706055362274000000,1706055422275000000,71316808
JVM.GC.collections,1706055362274000000,1706055422275000000,0
OS.loadAverage,1706055362274000000,1706055422275000000,5.0048828125
JVM.maxHeapBytes,1706055362274000000,1706055422275000000,2147483648
JVM.totalCpuTimeMs,1706055362274000000,1706055422275000000,10420
JVM.usedNativeBytes,1706055362274000000,1706055422275000000,424623968
JVM.threadCount,1706055362274000000,1706055422275000000,60
JVM.GC.collectionTimesMs,1706055362274000000,1706055422275000000,0
FlushQueue.queueSizeMax,1706055422275000000,1706055482274000000,42
FlushQueue.executionTime90PNs,1706055422275000000,1706055482274000000,536575
FlushQueue.executionTimeAvgNs,1706055422275000000,1706055482274000000,933904.106238698
WriteAction.executionsCount,1706055422275000000,1706055482274000000,9
NonBlockingReadAction.failedExecutionsCount,1706055422275000000,1706055482274000000,0
AWTEventQueue.dispatchTimeAvgNs,1706055422275000000,1706055482274000000,570920.2408150664
NonBlockingReadAction.failedExecutionTimeUs,1706055422275000000,1706055482274000000,0
NonBlockingReadAction.finalizedExecutionTimeUs,1706055422275000000,1706055482274000000,97186
FlushQueue.waitingTimeMaxNs,1706055422275000000,1706055482274000000,478150655
AWTEventQueue.dispatchTimeTotalNS,1706055422275000000,1706055482274000000,7394973690
FlushQueue.waitingTimeAvgNs,1706055422275000000,1706055482274000000,6568829.564902759
FlushQueue.tasksExecuted,1706055422275000000,1706055482274000000,2211
AWTEventQueue.dispatchTime90PNs,1706055422275000000,1706055482274000000,565247
FlushQueue.waitingTime90PNs,1706055422275000000,1706055482274000000,8454143
FlushQueue.queueSizeAvg,1706055422275000000,1706055482274000000,3.103978300180832
FlushQueue.executionTimeMaxNs,1706055422275000000,1706055482274000000,553648127
AWTEventQueue.dispatchTimeMaxNs,1706055422275000000,1706055482274000000,553648127
ReadAction.executionsCount,1706055422275000000,1706055482274000000,26758
FlushQueue.queueSize90P,1706055422275000000,1706055482274000000,8
AWTEventQueue.eventsDispatched,1706055422275000000,1706055482274000000,12956
NonBlockingReadAction.finalizedExecutionsCount,1706055422275000000,1706055482274000000,155
jps.facet.change.listener.process.change.events.ms,1706055422275000000,1706055482274000000,1
workspaceModel.delayed.project.synchronizer.sync.ms,1706055422275000000,1706055482274000000,0
workspaceModel.mutableEntityStorage.entities.by.source.ms,1706055422275000000,1706055482274000000,22
workspaceModel.global.updates.ms,1706055422275000000,1706055482274000000,0
workspaceModel.mutableEntityStorage.resolve.ms,1706055422275000000,1706055482274000000,0
jps.app.storage.content.reader.load.component.ms,1706055422275000000,1706055482274000000,0
workspaceModel.moduleManagerBridge.newModule.ms,1706055422275000000,1706055482274000000,0
jps.artifact.entities.serializer.load.entities.ms,1706055422275000000,1706055482274000000,0
workspaceModel.mutableEntityStorage.replace.by.source.ms,1706055422275000000,1706055482274000000,97
workspaceModel.mutableEntityStorage.add.entity.ms,1706055422275000000,1706055482274000000,285
workspaceModel.global.apply.state.to.project.builder.ms,1706055422275000000,1706055482274000000,7
workspaceModel.mutableEntityStorage.put.entity.ms,1706055422275000000,1706055482274000000,121
jps.facet.change.listener.before.change.events.ms,1706055422275000000,1706055482274000000,1
jps.global.initialize.library.bridges.after.loading.ms,1706055422275000000,1706055482274000000,0
jps.facet.change.listener.init.bridge.ms,1706055422275000000,1706055482274000000,0
jps.project.serializers.load.ms,1706055422275000000,1706055482274000000,1082
jps.module.iml.entities.serializer.save.entities.ms,1706055422275000000,1706055482274000000,0
workspaceModel.mutableEntityStorage.has.same.entities.ms,1706055422275000000,1706055482274000000,0
jps.save.global.entities.ms,1706055422275000000,1706055482274000000,0
workspaceModel.mutableEntityStorage.mutable.ext.mapping.ms,1706055422275000000,1706055482274000000,2
workspaceModel.mutableEntityStorage.entities.ms,1706055422275000000,1706055482274000000,0
jps.save.changed.project.entities.ms,1706055422275000000,1706055482274000000,3
jps.load.initial.state.ms,1706055422275000000,1706055482274000000,12
jps.storage.jps.conf.reader.load.component.ms,1706055422275000000,1706055482274000000,59
jps.reload.project.entities.ms,1706055422275000000,1706055482274000000,0
workspaceModel.moduleManagerBridge.new.nonPersistent.module.ms,1706055422275000000,1706055482274000000,0
workspaceModel.moduleBridge.update.option.ms,1706055422275000000,1706055482274000000,0
workspaceModel.mutableEntityStorage.referrers.ms,1706055422275000000,1706055482274000000,0
workspaceModel.moduleManagerBridge.set.unloadedModules.ms,1706055422275000000,1706055482274000000,0
workspaceModel.mutableEntityStorage.to.snapshot.ms,1706055422275000000,1706055482274000000,20
jps.artifact.entities.serializer.save.entities.ms,1706055422275000000,1706055482274000000,0
workspaceModel.save.cache.to.file.ms,1706055422275000000,1706055482274000000,743
jps.global.initialize.library.bridges.ms,1706055422275000000,1706055482274000000,0
workspaceModel.moduleManagerBridge.load.all.modules.ms,1706055422275000000,1706055482274000000,65
jps.global.handle.changed.events.ms,1706055422275000000,1706055482274000000,0
jps.global.get.library.ms,1706055422275000000,1706055482274000000,0
jps.global.get.libraries.ms,1706055422275000000,1706055482274000000,4
jps.global.handle.before.change.events.ms,1706055422275000000,1706055482274000000,0
workspaceModel.moduleBridgeLoader.loading.modules.ms,1706055422275000000,1706055482274000000,6858
jps.library.entities.serializer.load.entities.ms,1706055422275000000,1706055482274000000,0
workspaceModel.mutableEntityStorage.add.diff.ms,1706055422275000000,1706055482274000000,118
workspaceModel.mutableEntityStorage.modify.entity.ms,1706055422275000000,1706055482274000000,0
workspaceModel.moduleManagerBridge.create.module.instance.ms,1706055422275000000,1706055482274000000,0
workspaceModel.load.cache.from.file.ms,1706055422275000000,1706055482274000000,0
jps.module.iml.entities.serializer.load.entities.ms,1706055422275000000,1706055482274000000,859
jps.library.entities.serializer.save.entities.ms,1706055422275000000,1706055482274000000,0
workspaceModel.moduleManagerBridge.load.module.ms,1706055422275000000,1706055482274000000,0
workspaceModel.mutableEntityStorage.remove.entity.ms,1706055422275000000,1706055482274000000,0
workspaceModel.moduleBridge.facet.initialization.ms,1706055422275000000,1706055482274000000,0
jps.apply.loaded.storage.ms,1706055422275000000,1706055482274000000,3071
workspaceModel.sync.entities.ms,1706055422275000000,1706055482274000000,0
workspaceModel.global.updates.count,1706055422275000000,1706055482274000000,0
workspaceModel.orphan.listener.update.ms,1706055422275000000,1706055482274000000,388
workspaceModel.mutableEntityStorage.mutable.vfurl.index.ms,1706055422275000000,1706055482274000000,2
jps.global.get.library.by.name.ms,1706055422275000000,1706055482274000000,0
workspaceModel.moduleBridge.before.changed.ms,1706055422275000000,1706055482274000000,0
jps.project.serializers.save.ms,1706055422275000000,1706055482274000000,3
workspaceModel.load.cache.metadata.from.file.ms,1706055422275000000,1706055482274000000,0
workspaceModel.mutableEntityStorage.collect.changes.ms,1706055422275000000,1706055482274000000,10
workspaceModel.moduleManagerBridge.build.module.graph.ms,1706055422275000000,1706055482274000000,1
workspaceModel.moduleManagerBridge.get.modules.ms,1706055422275000000,1706055482274000000,2
jps.load.project.to.empty.storage.ms,1706055422275000000,1706055482274000000,1416
workspaceModel.global.apply.state.to.project.ms,1706055422275000000,1706055482274000000,0
FileNameCache.queries,1706055422275000000,1706055482274000000,6308
FileNameCache.totalMisses,1706055422275000000,1706055482274000000,0
Indexes.stubs.lookups,1706055422275000000,1706055482274000000,2.0
Indexes.allKeys.lookupDurationMaxMs,1706055422275000000,1706055482274000000,0.0
IndexesFlusher.totalFlushesRetried,1706055422275000000,1706055482274000000,0
IndexesFlusher.totalFlushes,1706055422275000000,1706055482274000000,59
Indexes.allKeys.lookupDurationAvgMs,1706055422275000000,1706055482274000000,0.0
IndexesFlusher.totalContentionQuotaSpent,1706055422275000000,1706055482274000000,0
Indexes.entries.lookupDurationMaxMs,1706055422275000000,1706055482274000000,2.0
Indexes.allKeys.lookupDuration90PMs,1706055422275000000,1706055482274000000,0.0
Indexes.allKeys.lookups,1706055422275000000,1706055482274000000,2.0
IndexesFlusher.totalFlushingTimeUs,1706055422275000000,1706055482274000000,581036
Indexes.entries.lookupDurationAvgMs,1706055422275000000,1706055482274000000,0.7619047619047619
Indexes.stubs.lookupDurationAvgMs,1706055422275000000,1706055482274000000,6.0
Indexes.stubs.lookupDurationMaxMs,1706055422275000000,1706055482274000000,11.0
Indexes.stubs.lookupDuration90PMs,1706055422275000000,1706055482274000000,11.0
Indexes.entries.lookupDuration90PMs,1706055422275000000,1706055482274000000,1.0
Indexes.entries.lookups,1706055422275000000,1706055482274000000,42.0
FilePageCache.pageLoadsAboveSizeThreshold,1706055422275000000,1706055482274000000,7
MappedFileStorage.storages,1706055422275000000,1706055482274000000,15
FilePageCacheLockFree.totalNativeBytesReclaimed,1706055422275000000,1706055482274000000,0
FileChannelInterruptsRetryer.totalRetriedAttempts,1706055422275000000,1706055482274000000,0
FilePageCacheLockFree.totalPagesReadMs,1706055422275000000,1706055482274000000,0
DirectByteBufferAllocator.hits,1706055422275000000,1706055482274000000,7
FilePageCache.pageLoads,1706055422275000000,1706055482274000000,0
FilePageCacheLockFree.totalPagesAllocated,1706055422275000000,1706055482274000000,0
FilePageCacheLockFree.housekeeperTimeSpentMs,1706055422275000000,1706055482274000000,85
FilePageCacheLockFree.totalPagesRequested,1706055422275000000,1706055482274000000,35
StreamlinedBlobStorage.totalLiveRecordsCapacityBytes,1706055422275000000,1706055482274000000,70
FilePageCache.disposedBuffers,1706055422275000000,1706055482274000000,7
FilePageCacheLockFree.housekeeperTurnsDone,1706055422275000000,1706055482274000000,120
DirectByteBufferAllocator.disposed,1706055422275000000,1706055482274000000,0
StreamlinedBlobStorage.totalLiveRecordsPayloadBytes,1706055422275000000,1706055482274000000,14
FilePageCache.uncachedFileAccess,1706055422275000000,1706055482274000000,2
DirectByteBufferAllocator.totalSizeOfBuffersAllocatedInBytes,1706055422275000000,1706055482274000000,503365632
FilePageCache.totalPageLoadsUs,1706055422275000000,1706055482274000000,6934
MappedFileStorage.totalPagesMapped,1706055422275000000,1706055482274000000,15
FilePageCacheLockFree.totalNativeBytesAllocated,1706055422275000000,1706055482274000000,0
FilePageCacheLockFree.totalPagesHandedOver,1706055422275000000,1706055482274000000,0
FilePageCacheLockFree.totalBytesRead,1706055422275000000,1706055482274000000,0
StorageLockContext.competingThreads.avg,1706055422275000000,1706055482274000000,0.0
DirectByteBufferAllocator.totalSizeOfBuffersCachedInBytes,1706055422275000000,1706055482274000000,1048576
FilePageCacheLockFree.totalPagesRequestsMs,1706055422275000000,1706055482274000000,1
StreamlinedBlobStorage.recordsRelocated,1706055422275000000,1706055482274000000,0
FilePageCache.pageHits,1706055422275000000,1706055482274000000,0
FilePageCache.pageFastCacheHits,1706055422275000000,1706055482274000000,572
StorageLockContext.competingThreads.max,1706055422275000000,1706055482274000000,0
FilePageCache.capacityInBytes,1706055422275000000,1706055482274000000,503316478
FilePageCacheLockFree.totalBytesRequested,1706055422275000000,1706055482274000000,286720
FilePageCache.totalPageDisposalsUs,1706055422275000000,1706055482274000000,48
FilePageCacheLockFree.heapBytesInUse,1706055422275000000,1706055482274000000,0
FilePageCacheLockFree.totalHeapBytesReclaimed,1706055422275000000,1706055482274000000,0
DirectByteBufferAllocator.misses,1706055422275000000,1706055482274000000,0
FilePageCacheLockFree.totalBytesWritten,1706055422275000000,1706055482274000000,11294
MappedFileStorage.totalBytesMapped,1706055422275000000,1706055482274000000,132382720
DirectByteBufferAllocator.reclaimed,1706055422275000000,1706055482274000000,7
FilePageCacheLockFree.nativeBytesInUse,1706055422275000000,1706055482274000000,32768
StreamlinedBlobStorage.recordsDeleted,1706055422275000000,1706055482274000000,0
FilePageCacheLockFree.totalPagesWritten,1706055422275000000,1706055482274000000,8
FilePageCacheLockFree.totalPagesReclaimed,1706055422275000000,1706055482274000000,0
StorageLockContext.competingThreads.90P,1706055422275000000,1706055482274000000,0
StreamlinedBlobStorage.recordsAllocated,1706055422275000000,1706055482274000000,1
FilePageCacheLockFree.totalClosedStoragesReclaimed,1706055422275000000,1706055482274000000,0
FilePageCacheLockFree.totalPageAllocationsWaited,1706055422275000000,1706055482274000000,0
FilePageCacheLockFree.housekeeperTurnsSkipped,1706055422275000000,1706055482274000000,46725
FilePageCacheLockFree.totalPagesWriteMs,1706055422275000000,1706055482274000000,2
FilePageCache.maxCacheSizeInBytes,1706055422275000000,1706055482274000000,503324672
FilePageCache.maxRegisteredFiles,1706055422275000000,1706055482274000000,1386
MappedFileStorage.totalTimeSpentOnMappingUs,1706055422275000000,1706055482274000000,3508719
FilePageCacheLockFree.totalHeapBytesAllocated,1706055422275000000,1706055482274000000,0
workspaceModel.updates.precise.ms,1706055422275000000,1706055482274000000,145
workspaceModel.replace.project.model.ms,1706055422275000000,1706055482274000000,0
workspaceModel.updates.ms,1706055422275000000,1706055482274000000,1147
workspaceModel.initializing.ms,1706055422275000000,1706055482274000000,4
workspaceModel.collect.changes.ms,1706055422275000000,1706055482274000000,2
workspaceModel.check.recursive.update.ms,1706055422275000000,1706055482274000000,9
workspaceModel.updates.count,1706055422275000000,1706055482274000000,12
workspaceModel.loading.from.cache.ms,1706055422275000000,1706055482274000000,110
workspaceModel.loading.total.ms,1706055422275000000,1706055482274000000,132
workspaceModel.to.snapshot.ms,1706055422275000000,1706055482274000000,20
workspaceModel.init.bridges.ms,1706055422275000000,1706055482274000000,4
workspaceModel.update.unloaded.entities.ms,1706055422275000000,1706055482274000000,0
workspaceModel.pre.handlers.ms,1706055422275000000,1706055482274000000,9
JVM.maxNativeBytes,1706055422275000000,1706055482274000000,-1
JVM.usedHeapBytes,1706055422275000000,1706055482274000000,521640848
JVM.totalBytesAllocated,1706055422275000000,1706055482274000000,203766424
JVM.GC.collections,1706055422275000000,1706055482274000000,1
OS.loadAverage,1706055422275000000,1706055482274000000,4.6279296875
JVM.maxHeapBytes,1706055422275000000,1706055482274000000,2147483648
JVM.totalCpuTimeMs,1706055422275000000,1706055482274000000,28504
JVM.usedNativeBytes,1706055422275000000,1706055482274000000,440322984
JVM.threadCount,1706055422275000000,1706055482274000000,55
JVM.GC.collectionTimesMs,1706055422275000000,1706055482274000000,128
