{
  "pageCacheStats" : {
    "cachedChannelsStatistics" : {
      "hit" : 8444,
      "miss" : 6,
      "load" : 400,
      "capacity" : 400
    },
    "uncachedFileAccess" : 799,
    "maxRegisteredFiles" : 1768,
    "maxCacheSizeInBytes" : 503455744,
    "totalCachedSizeInBytes" : 0,
    "pageHits" : 536,
    "pageFastCacheHits" : 85806,
    "pageLoadsAboveSizeThreshold" : 403,
    "regularPageLoads" : 522,
    "disposedBuffers" : 925,
    "totalPageDisposalUs" : 14373,
    "totalPageLoadUs" : 1902824,
    "totalPagesLoaded" : 925,
    "capacityInBytes" : 503316478
  },
  "indexStorageStats" : {
    "indexStoragesStats" : { }
  }
}