{
  "pageCacheStats" : {
    "cachedChannelsStatistics" : {
      "hit" : 15104,
      "miss" : 15,
      "load" : 400,
      "capacity" : 400
    },
    "uncachedFileAccess" : 2070,
    "maxRegisteredFiles" : 1768,
    "maxCacheSizeInBytes" : 503422976,
    "totalCachedSizeInBytes" : 0,
    "pageHits" : 62879,
    "pageFastCacheHits" : 1434856,
    "pageLoadsAboveSizeThreshold" : 450,
    "regularPageLoads" : 645,
    "disposedBuffers" : 1095,
    "totalPageDisposalUs" : 7937,
    "totalPageLoadUs" : 2181684,
    "totalPagesLoaded" : 1095,
    "capacityInBytes" : 503316478
  },
  "indexStorageStats" : {
    "indexStoragesStats" : { }
  }
}