{
  "pageCacheStats" : {
    "cachedChannelsStatistics" : {
      "hit" : 6968,
      "miss" : 4,
      "load" : 394,
      "capacity" : 400
    },
    "uncachedFileAccess" : 509,
    "maxRegisteredFiles" : 1765,
    "maxCacheSizeInBytes" : 503496704,
    "totalCachedSizeInBytes" : 0,
    "pageHits" : 39,
    "pageFastCacheHits" : 32338,
    "pageLoadsAboveSizeThreshold" : 365,
    "regularPageLoads" : 511,
    "disposedBuffers" : 876,
    "totalPageDisposalUs" : 7396,
    "totalPageLoadUs" : 1248131,
    "totalPagesLoaded" : 876,
    "capacityInBytes" : 503316478
  },
  "indexStorageStats" : {
    "indexStoragesStats" : { }
  }
}