{
  "pageCacheStats" : {
    "cachedChannelsStatistics" : {
      "hit" : 10227,
      "miss" : 27,
      "load" : 400,
      "capacity" : 400
    },
    "uncachedFileAccess" : 1731,
    "maxRegisteredFiles" : 1811,
    "maxCacheSizeInBytes" : 503611392,
    "totalCachedSizeInBytes" : 0,
    "pageHits" : 4405,
    "pageFastCacheHits" : 315076,
    "pageLoadsAboveSizeThreshold" : 594,
    "regularPageLoads" : 566,
    "disposedBuffers" : 1160,
    "totalPageDisposalUs" : 17548,
    "totalPageLoadUs" : 4384755,
    "totalPagesLoaded" : 1160,
    "capacityInBytes" : 503316478
  },
  "indexStorageStats" : {
    "indexStoragesStats" : { }
  }
}