{
  "pageCacheStats" : {
    "cachedChannelsStatistics" : {
      "hit" : 25292,
      "miss" : 94,
      "load" : 400,
      "capacity" : 400
    },
    "uncachedFileAccess" : 4531,
    "maxRegisteredFiles" : 1811,
    "maxCacheSizeInBytes" : 503422976,
    "totalCachedSizeInBytes" : 0,
    "pageHits" : 439203,
    "pageFastCacheHits" : 4445925,
    "pageLoadsAboveSizeThreshold" : 763,
    "regularPageLoads" : 587,
    "disposedBuffers" : 1350,
    "totalPageDisposalUs" : 30012,
    "totalPageLoadUs" : 3865007,
    "totalPagesLoaded" : 1350,
    "capacityInBytes" : 503316478
  },
  "indexStorageStats" : {
    "indexStoragesStats" : { }
  }
}