{
  "pageCacheStats" : {
    "cachedChannelsStatistics" : {
      "hit" : 7908,
      "miss" : 47,
      "load" : 400,
      "capacity" : 400
    },
    "uncachedFileAccess" : 1062,
    "maxRegisteredFiles" : 1809,
    "maxCacheSizeInBytes" : 503578624,
    "totalCachedSizeInBytes" : 0,
    "pageHits" : 5445,
    "pageFastCacheHits" : 145048,
    "pageLoadsAboveSizeThreshold" : 511,
    "regularPageLoads" : 613,
    "disposedBuffers" : 1124,
    "totalPageDisposalUs" : 6876,
    "totalPageLoadUs" : 3853420,
    "totalPagesLoaded" : 1124,
    "capacityInBytes" : 503316478
  },
  "indexStorageStats" : {
    "indexStoragesStats" : { }
  }
}