{
  "pageCacheStats" : {
    "cachedChannelsStatistics" : {
      "hit" : 15207,
      "miss" : 30,
      "load" : 400,
      "capacity" : 400
    },
    "uncachedFileAccess" : 2545,
    "maxRegisteredFiles" : 1809,
    "maxCacheSizeInBytes" : 503422976,
    "totalCachedSizeInBytes" : 0,
    "pageHits" : 34120,
    "pageFastCacheHits" : 1317141,
    "pageLoadsAboveSizeThreshold" : 557,
    "regularPageLoads" : 626,
    "disposedBuffers" : 1183,
    "totalPageDisposalUs" : 29563,
    "totalPageLoadUs" : 2597996,
    "totalPagesLoaded" : 1183,
    "capacityInBytes" : 503316478
  },
  "indexStorageStats" : {
    "indexStoragesStats" : { }
  }
}