{
  "pageCacheStats" : {
    "cachedChannelsStatistics" : {
      "hit" : 7234,
      "miss" : 5,
      "load" : 374,
      "capacity" : 400
    },
    "uncachedFileAccess" : 570,
    "maxRegisteredFiles" : 1729,
    "maxCacheSizeInBytes" : 503447552,
    "totalCachedSizeInBytes" : 0,
    "pageHits" : 172,
    "pageFastCacheHits" : 40153,
    "pageLoadsAboveSizeThreshold" : 349,
    "regularPageLoads" : 566,
    "disposedBuffers" : 915,
    "totalPageDisposalUs" : 13054,
    "totalPageLoadUs" : 4790060,
    "totalPagesLoaded" : 915,
    "capacityInBytes" : 503316478
  },
  "indexStorageStats" : {
    "indexStoragesStats" : { }
  }
}